Время выполнения: 59402640ns
Количество элементов матрицы: 40000

      541137      530378      486220      508341      549951      555496      520852      531708      495043      529253      511356      505492      554767      531249      519256      541633      518373      479157      562429      511231      585420      514165      510348      518935      564254      545612      541234      542019      487417      543715      553908      555166      539432      541695      522022      540283      497738      543348      545086      564259      521826      563149      509113      532775      563878      520746      544199      532399      528891      509424      512260      587384      541875      534081      536833      529778      556647      520535      505940      562504      594634      516053      579684      504875      561753      568779      540354      557404      562314      529645      532243      554308      492044      544605      530636      521677      518719      538382      545573      487080      526148      543397      502135      565593      592626      534553      517461      518750      548142      519186      519252      550942      531835      570887      548346      541908      575886      496771      555009      506319      548009      512454      584600      569029      477018      555403      538039      525192      575243      539064      501764      521352      554960      538922      510904      533531      524212      520944      521629      534567      581413      505439      544524      520783      564848      552830      546666      530992      563775      543678      544220      580905      541906      552965      587040      564672      520567      550645      499861      546957      525193      540744      493463      511086      576027      581913      492487      511157      526802      535709      555326      559316      500297      546383      534526      537725      546199      532975      485274      570582      543072      506923      549023      531171      500874      584433      552662      485850      484688      531074      508604      499307      561776      533276      563007      566261      523669      555995      532928      565446      538345      528786      552932      513157      533166      527967      530345      514724      516722      563963      537152      534451      547572      576972      552708      537827      581046      520918      548216      582113
      501892      457520      438321      477532      482539      508519      460470      471582      474517      473612      448103      483314      505454      468009      496647      495330      476706      438767      512478      455209      482661      472019      471710      468143      516987      492225      464803      485494      425407      486658      486735      506140      488094      493601      461672      498813      448468      473938      506216      480790      471230      488014      469927      485290      499973      475814      489362      491547      491489      459449      450579      492192      467804      459675      484325      480639      489866      444053      437917      488865      523434      443603      500277      465100      503479      499204      462192      488266      495967      477074      460050      484779      475271      502973      472721      489870      458669      494238      497501      435160      488154      523879      504075      500378      546851      458520      458612      483605      491400      475134      456798      460781      467536      492472      490347      458108      502173      468331      476163      450830      477190      455526      511162      522677      455054      492270      487534      478976      511390      476852      482666      468835      495449      475777      464778      474069      486238      483650      484875      469104      539698      468097      495212      486944      483093      493424      463130      475349      500020      491426      472906      516530      490042      483092      525495      483487      488610      476107      466188      505438      472255      469708      455146      471999      515253      530331      444178      493878      482121      469462      505766      508078      451763      501414      482541      483535      472732      481124      434192      510285      484567      509275      485224      480139      460939      490827      500437      463089      454048      469779      475013      457954      512616      488377      474956      511540      484855      498062      483391      498349      481025      460089      511719      467800      475399      457831      474076      464476      453505      511480      478783      491127      481606      532218      509318      497815      494578      473643      516208      511476
      529195      492755      458303      503238      520758      534633      501772      493332      485115      519919      487279      528001      552570      516591      513885      535003      513277      473764      537586      487480      509671      490844      497251      497762      547127      521148      538299      510046      480799      533333      511691      523597      536901      501977      496115      512429      503070      512625      509875      502271      497833      524841      491551      513926      515010      497304      516290      523079      509265      514709      484215      560215      506259      500048      527422      499746      523429      466497      502016      521313      545557      490055      548639      474593      534000      500465      494984      519273      522142      501854      496343      533612      477987      537469      495345      491866      477504      495613      525060      490532      523106      555184      501888      532438      581804      463008      497451      499332      499022      488956      467015      470638      451758      516716      518500      503022      524360      463224      511057      514195      513746      487453      547870      551647      469239      510909      499405      524307      535490      515541      495734      505569      531707      501398      516598      497767      522994      506665      525188      483504      529958      438641      524557      500019      529759      526154      489904      488393      503704      531693      509516      525236      522114      534087      562987      505130      505737      529034      470198      511475      489933      515288      475802      508112      510555      562336      507679      485211      499736      490753      531724      556538      499947      534705      531021      521533      499746      524166      469108      540213      536415      503753      527845      527895      489418      525114      522850      472164      473928      492664      527152      508910      512525      505517      541076      547852      495093      531160      509833      541464      521770      508479      521990      504784      484985      490160      511133      484755      497202      557889      491555      504303      514033      545387      525176      530880      524812      494623      568115      533808
      501847      492172      466513      496099      537971      534213      494638      510204      479253      517996      471765      500675      547212      511387      494826      535640      498878      457862      516971      477977      518375      492632      454673      483295      536372      507910      502913      511553      450003      511676      489770      537188      520505      517079      477339      519583      477058      511679      500205      512995      485474      515327      461070      490870      510343      490002      497417      512175      478954      481164      452811      535080      491038      488695      517506      499632      499036      468877      463998      519803      535922      482560      525999      456972      505545      522309      498669      502484      501212      498261      491487      526823      474860      528415      505823      503290      489031      496749      509364      467089      514959      533602      514724      525823      595990      486068      491360      486470      498641      504205      485565      469133      481534      516816      515291      504059      521967      475034      504026      459517      492821      478959      535611      517687      443118      509776      486898      489314      541826      490582      492686      485113      526700      507190      496345      490980      484811      500353      499040      501051      538609      477608      505325      489238      524363      522885      491354      460256      497376      501624      497864      536194      522067      516634      544474      502957      499819      523823      486679      495637      498430      494366      479131      493273      529273      575939      479604      482162      508676      478059      539562      544684      458655      529928      511946      501662      496056      517868      461383      529223      494946      511800      511931      516086      481444      518313      529214      480851      455215      484968      500585      467608      518420      506080      515790      527065      505714      540477      494833      551953      509120      489809      514120      494962      487232      486291      504535      464858      498532      539061      488423      514343      481400      550123      504343      484721      522217      480813      526911      528927
      527458      484749      486634      512966      566774      543463      510396      518219      491957      544269      489161      520005      538889      533471      520283      529810      515788      455334      534419      500556      535762      521451      531186      484999      553480      517657      497183      519934      471250      555906      511028      510690      506795      516574      493049      508403      492346      510468      501532      531999      500029      540261      505401      543091      516335      502764      511184      511949      484404      502134      503997      557017      531950      510696      530019      507779      527244      478837      515671      533374      547785      469147      541579      497946      523773      530848      520657      547223      546851      540763      526461      542551      500111      524597      532897      502362      498107      532670      546650      498874      500943      559960      507494      543717      585577      483559      508207      493571      522281      517788      476713      498982      470397      528989      513322      537418      540882      500746      504112      511617      550811      528143      579295      559608      490260      532462      520106      499879      560866      513624      512876      515073      552405      508944      524092      506093      531896      504482      524957      518670      557938      487161      538183      503760      539333      524173      517354      522272      533391      534091      537537      548102      543330      532654      565615      522813      496174      540439      496926      545532      505137      482076      489015      499655      538031      584091      463131      498532      500584      499019      548068      573519      491444      554859      525035      508853      510159      518931      490378      537084      527151      539362      526390      537179      530228      535765      533976      468957      479413      518903      522588      493137      524323      518225      545210      549373      516363      553843      517582      563162      533946      495774      556755      536772      507936      520460      509785      473833      492436      558583      494193      532390      506866      570774      534132      545958      547723      508687      553849      543815
      528779      501665      502430      525532      541352      551963      528537      525705      494842      527462      503489      508249      549891      514897      523814      527137      516364      471293      546705      494219      524076      512769      515793      506427      541130      519238      514308      505675      476950      543599      517932      533162      542351      523935      524588      539203      491558      531672      525325      515378      503118      535523      509271      537114      520968      525049      509010      499982      520208      503507      500527      554184      496296      517909      522443      522082      530708      465309      506177      527912      544923      506329      539030      492844      536768      540496      518067      527006      528299      539329      506225      562928      480633      531531      490167      513904      487045      524966      527439      515319      495037      576632      529852      539265      586611      479201      529098      506406      520131      515054      502133      517847      491049      536472      537610      531971      536534      510877      509846      485751      531016      498238      532590      551630      502045      520984      521841      522561      548216      525597      501520      495562      533575      501087      524275      530481      526322      519015      520359      542334      531321      478137      516991      536518      528219      553696      532876      514072      548310      519264      534193      554883      521026      529068      584521      532749      507776      517009      500595      524408      514090      525385      474135      503213      554191      589645      495129      496055      515629      509696      539960      553079      501330      537331      544908      502663      515536      523309      450108      552189      515041      524791      525595      524550      482997      533296      559766      464022      488406      506884      521611      505584      540077      503192      534410      569217      501684      554077      523995      542121      519807      505844      539864      524841      517604      522244      531152      483864      525104      562827      499905      522625      550852      550227      539227      561229      540888      502442      547240      523442
      500942      485238      476548      506199      516287      528897      502197      491848      475563      498889      463995      500189      540710      480295      495883      506608      499971      455560      539910      468363      515200      506062      467286      467350      520158      505116      505122      494979      447129      521428      521714      510141      507132      508606      481843      506144      474377      490821      503193      498084      481368      493604      492978      509223      489483      484256      494776      503226      498204      487431      476329      531964      508181      498948      505620      482169      520966      444518      480688      502592      530101      467901      523722      505556      513479      505571      484065      506233      526285      495371      461930      515145      482681      529589      503954      503771      472171      501820      508816      460258      487214      531861      504661      525313      563621      476533      487798      476970      497422      492973      457245      466605      479799      489510      483451      492732      513975      473348      502622      486330      496397      483537      540107      525520      473100      522367      493508      500085      536504      518606      486076      477110      531457      485095      506296      487333      497129      503642      520808      480219      526603      477658      507818      492717      502542      501134      495419      475865      503708      489961      492713      503901      522985      524059      535979      498601      496519      506611      463580      494762      474241      493233      463694      480770      518907      553962      459643      476802      491070      500612      482363      536532      458575      521895      484975      506247      499983      499555      455654      536796      497188      491222      515384      489840      477083      533400      516959      456138      464273      485537      520678      455575      530251      500224      527905      532975      511025      513773      512363      530907      511346      512491      515340      484370      497978      508012      500786      468632      501804      515209      485110      519363      484332      531098      512729      502159      497436      485952      516081      503578
      530662      509839      486739      519404      539497      560682      519769      503935      487840      516754      503482      528791      543990      514911      512943      531792      502602      480085      546009      507806      547762      509759      522155      505388      561239      526750      530894      509521      486075      536099      533576      551060      526144      527182      511419      536596      509783      514316      530691      535502      506082      556105      504482      523782      515378      530424      537661      551918      501416      499355      505885      571171      522664      543091      526833      516566      541377      490246      495799      539345      579130      505864      555402      494487      555796      523311      498255      533013      546021      514103      494794      529281      482513      523336      508304      531770      494019      536964      525799      496184      510997      571932      532056      539467      601369      521821      515611      517428      509916      525385      509619      506159      519167      507354      529216      543908      531476      502249      537694      506475      520644      482711      526933      550174      482958      516718      511610      529087      532393      527018      517123      503649      557963      517949      527345      505297      539290      513530      510091      516853      551169      499627      555579      510810      549536      559005      514632      527202      543025      542287      523673      547779      519594      553945      561901      531015      516598      529204      500180      515457      512109      550205      478507      504690      545376      569649      485187      519664      489263      522462      544255      555664      476706      530480      542476      523606      528784      510644      487144      566285      529425      498041      523509      524669      500069      551411      546225      488659      515380      487044      529985      487772      536872      529196      549142      564436      496252      551386      536716      549671      542015      499315      555431      503918      525756      535637      533648      483844      521201      558603      507010      541678      508167      555070      573052      537351      562418      510947      538461      521239
      520427      499045      479784      519763      533477      566605      517426      500291      489750      518799      479548      521471      542029      531669      527295      540873      521426      478025      539195      489297      539352      513598      506557      504131      546190      516289      525357      505479      492684      531662      511289      560749      519472      523656      509253      530983      495861      500739      526104      525881      511422      546505      493677      521858      501750      512071      516384      525994      501283      507626      462561      558408      527272      523658      526161      526197      541172      476945      499501      533204      566747      483601      554062      490916      533174      526945      479745      544428      548511      533752      514789      542282      472670      554752      499424      518666      477889      541646      546376      492541      493121      552183      512342      540050      574040      485596      524713      491146      521791      525121      484700      500753      500869      531454      518432      513575      530720      480648      520265      480378      523329      496822      571230      557518      494066      515134      523617      509240      545593      521914      524146      507057      540468      525006      517141      494295      524148      509272      525487      518937      561433      491264      539128      525160      539332      531503      500277      506971      524379      508598      512059      539987      526706      530209      560851      525962      515159      551775      489771      510761      508358      522650      485639      492576      526202      577155      488463      503039      503764      519431      533329      567759      492040      533525      528069      535748      512001      495561      484000      567479      527136      510017      533888      533974      477772      552011      515770      498933      510313      500676      541306      476972      524384      510203      538865      569922      504453      550254      520107      550474      546864      516770      538789      532122      507026      520797      525273      491969      505390      552844      503901      550132      470301      565847      538255      540308      548152      492134      530215      530898
      481989      450559      453561      481113      508517      515573      482974      466399      458568      471653      466316      495022      502336      480568      502790      518959      475099      439673      501822      472583      506738      476871      489941      473978      537414      508884      484630      475256      455894      491565      494804      505511      477126      466328      475487      475070      465993      461520      511478      475585      483099      522834      478046      493993      504879      458063      469968      485656      483721      482114      475114      548062      486681      466577      490210      462507      508333      426648      480646      495322      534832      449363      534298      444000      510402      501890      477840      501192      493851      479390      474381      498781      450517      478384      475634      465823      456880      498204      481714      461911      472273      513010      462862      500946      547227      458047      461699      449029      485648      482837      439470      449798      437582      486158      517768      487874      525908      478736      493254      456619      495233      470176      534423      514237      453007      487110      474800      470458      517731      458308      459692      472075      501079      476424      482040      484326      478778      475361      492272      488545      508847      441737      503566      480627      496603      510391      485771      491060      493773      502412      497962      514985      498644      495184      503590      512600      468662      513873      433797      493896      474966      488932      469226      481544      474422      545169      463510      477333      484590      474083      519914      527327      454781      491814      508292      484326      488025      499006      467427      521788      479630      473051      480029      490164      457774      518741      494261      460434      444173      488173      489590      469899      485865      466834      509018      530270      464989      511763      496091      522849      499735      442256      506863      499042      457419      493189      483342      453742      480939      507964      457392      486377      479455      519107      508363      493400      519949      467194      526220      518689
      489118      450602      419225      475841      481017      486532      476513      464328      448920      484912      442623      474442      508610      477564      480792      477390      454146      451633      494949      425721      485888      466352      447369      456319      509655      490034      458717      462176      441635      480192      488305      500892      479080      465497      462542      475443      445484      473397      467663      482888      463154      476331      455562      474790      467899      459250      457542      458983      452541      465419      455975      501509      481677      479870      469922      472538      492950      431911      449910      467258      486066      429356      487980      447718      499264      477459      438713      474960      497435      474091      451595      488908      452236      492311      471499      473153      450991      491458      493002      461929      437832      501128      488953      490992      560767      420882      462619      476285      486559      455619      430976      462143      472480      480280      444997      476381      480172      457677      461653      443108      471511      457349      497786      517221      420635      499538      475845      438636      493793      463891      453360      469811      481397      468347      458463      446351      481546      478763      448688      488574      519311      456996      498768      466100      477097      486184      447607      494907      482920      486836      468200      475268      473814      473794      531645      481993      479869      484242      457154      471074      439067      442603      434127      457473      503704      528399      432735      464770      462939      476440      475053      516637      422844      505664      493568      481627      491729      476531      434605      483660      479160      460052      473634      467882      454868      486427      476371      453776      446893      422455      469867      440872      483390      484689      482200      500731      435218      498797      457729      504368      463513      449523      494126      466523      462119      448093      461204      415513      456673      506797      489034      458134      471445      499563      499927      498700      478752      457035      542254      466210
      513776      472357      459710      500463      562182      539964      496802      520484      484912      508067      465523      493063      553962      506665      505307      547029      485954      449338      533931      496193      509105      498453      498171      499236      536235      527390      493728      484769      467127      522519      505896      529327      545123      501092      476063      541648      484139      510504      510641      517942      515766      520213      483567      503905      478887      489240      500488      480845      465754      512698      481129      536485      525954      529937      535141      508332      521845      510942      494672      530682      529908      482160      531254      468148      528852      516166      493357      520090      523845      515939      499508      534360      459380      503758      497322      491270      483913      497311      508426      498889      493596      541698      484417      545857      579865      488671      490035      498318      518008      490983      481100      493459      495575      534771      505522      506744      533172      517156      518856      489275      522475      494520      524818      553009      481419      515611      497194      475745      536204      487297      500245      496513      529133      495582      508793      499525      489974      503374      500122      518956      539497      486439      510558      505799      539416      522466      530051      494570      518113      536241      516064      528387      503993      520321      538778      514781      497578      519211      492217      534189      476578      495846      477098      491307      518791      562161      470928      507626      528318      472183      509022      558418      459670      517897      513179      498367      494231      514585      441526      549096      504969      524032      526200      514513      504197      525690      512757      472447      476449      503617      502621      484213      537110      526256      506946      532123      488409      556694      512476      538092      504948      474994      523418      528808      480445      507194      545141      462504      494160      536541      498595      529540      513948      547491      523883      517636      524607      503065      524500      514129
      506760      514061      468161      518682      557927      573896      498709      509721      499748      522081      489186      525824      562238      524696      524322      535691      514098      470775      538747      490517      543359      523842      486310      472268      554473      539716      509064      506733      474196      540537      518095      540673      522246      530823      495615      509104      492158      514391      492887      523499      511318      527909      514129      528723      521673      520449      507333      536281      522367      518610      505587      585067      509225      535490      524154      517419      532086      481005      475601      539127      544538      481146      534267      493134      543745      522583      520128      514295      521821      527595      527100      520670      478597      535595      505860      516331      497593      532929      518947      470726      515289      528232      539888      519719      594844      506508      511646      487956      521526      541002      473385      522377      485293      519166      530715      514385      532350      501991      507812      467559      524854      509990      533994      543201      483217      513901      533805      504274      580471      513604      491211      491872      546662      519495      508380      518830      510112      504360      515417      522991      547571      493851      513627      500107      527514      527231      508847      517175      540092      535034      521934      536864      556832      525326      552423      533736      501005      501983      482792      520260      517404      523462      498685      490720      542125      551076      491718      510619      526833      506495      538824      565333      464894      499014      507188      513393      506701      524538      467507      561445      521655      517973      544689      514958      491747      533909      522656      471996      484937      477365      502733      499396      522355      504482      514526      545959      505500      535307      536080      553148      534314      501750      551972      514471      518410      509001      528211      466761      495554      539638      491364      522667      505410      554995      549774      505941      557187      509034      550826      555949
      516780      480435      472477      511693      515134      563800      479095      486863      472333      518528      476997      489888      519285      497449      521702      515611      496999      466270      517142      475084      502604      492808      477913      484604      534721      496777      511688      494544      455987      519545      512838      502363      487745      495435      487571      528746      469529      498827      512320      509347      467321      526051      474622      508571      497549      497559      476835      482086      481378      483262      468078      522436      518705      490313      506335      508898      478084      465927      470148      526746      539737      460073      494340      483151      510906      506502      505571      533651      532124      495155      495628      530902      472393      523876      475023      502004      459955      484866      507516      464834      490948      524001      480362      529186      559668      471848      500724      467178      507331      479816      459179      483640      485563      514428      491939      508935      542360      491482      499794      481498      513150      502864      539854      522042      486196      486112      504823      479588      538552      508286      489908      495246      518337      503923      493667      497812      497497      493389      490677      521771      526228      483038      522170      487419      512574      505744      479622      490976      519116      490120      494675      519868      500698      496690      547500      526656      491316      517206      459712      483722      491603      507114      480586      482535      516709      539794      466579      494915      507379      489455      501644      521133      468833      528710      499048      484146      497146      510405      485458      537911      515746      508585      508735      492918      478664      526782      501283      466474      467586      509904      500684      442892      519102      506669      543450      562824      476669      525193      489140      520540      512159      515651      511011      473772      510245      503868      501363      486711      498929      547010      493436      495036      468608      560372      519309      511795      510733      467618      512946      510310
      523152      513697      502881      514496      540489      555468      517870      514081      490701      524571      496093      527531      535842      524142      513996      541424      493435      485510      533537      470450      531426      527183      508167      502797      572280      540704      512170      525971      476423      546374      533770      534947      508311      533440      506628      514507      499631      523813      503665      528953      514560      546576      520044      515729      536425      509931      519204      513488      517749      491856      490072      560578      547778      533154      548838      527653      533819      491375      482250      543768      570754      490744      545485      499041      529769      538756      501484      540297      556808      526087      480762      556853      508330      538312      504677      513468      501207      526913      504656      501970      504884      554479      506419      545889      578824      501177      503607      512298      507358      506132      497026      515034      512771      531600      509006      521281      525062      506435      515805      502094      512331      494357      545081      550684      480170      527280      502755      494898      547273      529351      525433      489705      561914      513864      498471      507225      521709      497829      516432      526413      539379      492816      536831      516962      539719      529171      498371      519110      543016      552231      521888      535248      517246      541053      557629      534832      529401      524164      496422      511319      490725      501659      490655      518547      540872      563929      468540      508762      506105      507180      540981      568172      483006      534056      527063      506890      513848      503307      486251      538686      513266      500398      519175      535290      492320      552970      527711      484364      481109      509355      519239      500674      529926      536636      528508      559997      502381      560358      510674      545335      510266      492752      553301      516861      495943      516079      536338      497297      506858      540288      508530      543392      522311      576508      548526      539836      548085      495192      543207      523910
      510081      473249      479675      492582      538763      522294      491805      512138      494002      514438      474388      517433      532881      506999      515616      526292      501655      451043      519286      485361      541344      480352      470188      470707      534550      521459      491623      496367      457684      521383      505049      520691      526145      515287      493627      519432      490697      506171      496945      525860      502988      519044      496944      507067      503777      497732      505841      495923      489056      492892      482031      542175      509282      520054      499662      527446      522997      478059      487019      532680      514182      481828      534840      504261      528601      539957      495921      522685      537084      510019      494114      525901      482192      537835      484886      488113      458104      523978      510181      481828      482550      539370      490921      511859      566029      471098      508692      495788      524560      488485      467787      496148      509445      505469      488745      497486      507197      490528      517527      487770      549438      484693      529374      545646      473254      510826      492477      481705      548109      512411      511443      462443      536686      489878      520117      491395      538326      487898      487402      503523      509793      517028      542878      496081      529409      542863      501331      532072      503753      507327      511697      529947      530251      517864      552121      513811      498471      502156      466845      490509      502502      509625      469410      490525      521838      549260      470581      481600      520122      497315      527425      567598      468970      519229      496000      501940      495530      516797      479362      539486      531250      504376      511222      520863      481041      514963      517698      485401      478614      488453      514362      486152      517449      527151      543546      539254      496714      516056      508044      552868      520649      495888      529722      507734      506332      513185      512661      453081      507915      533530      489252      504570      507588      522662      536853      528318      524204      512003      539838      504837
      524869      516104      483458      520208      535107      558391      521390      531317      512063      529219      489957      513543      550704      518590      527438      546030      502799      486001      539762      486031      550487      507066      523629      505737      562556      532691      518574      514106      488357      539621      524301      548333      522062      519489      500582      532402      517163      524173      538425      527185      511457      529078      517695      527154      554367      521352      518503      521603      504858      538220      493233      578440      540504      516559      525145      522671      541776      490952      487859      503745      554320      484702      555297      501853      545204      527808      518880      542249      525044      514127      497489      545889      487988      547179      513210      506626      510508      515478      532951      486867      505944      556379      519799      536214      574997      474028      529038      506165      538442      512924      507129      482193      496671      522125      529759      527118      538034      492021      527230      504927      534984      508834      574668      549737      477900      519741      501517      467327      548913      538873      525732      515726      539054      521753      502960      504427      526991      500407      516065      526720      562816      474481      530533      510121      543974      532535      522096      522845      529579      535494      516042      541498      525771      536668      564786      543500      528012      565748      503677      520942      503698      517383      488079      511022      537292      572667      509542      512096      517796      516499      537656      582696      501335      523242      532893      511582      518682      497871      476993      562403      515233      525691      546377      524594      499087      556867      529845      504835      485961      512689      538118      498233      520445      513893      547258      560692      488381      556186      533645      563394      504819      523619      559260      530243      483624      503118      561668      500383      506419      566830      491025      524388      512160      549282      552370      540327      544444      499282      564337      549138
      514839      462701      467194      499168      517874      506299      485671      492012      466013      498278      448116      501031      529131      479335      503902      506502      494818      459293      505019      476976      499391      493117      478431      470572      520166      519967      482581      496356      471316      496989      496318      503058      488077      505952      461420      496867      460265      479409      495950      492103      479290      530967      483860      500410      509787      483732      494673      496366      482621      487692      457192      519405      500038      473850      498057      497744      501648      439307      489441      518937      532597      469277      505396      468850      507274      508226      497248      506609      510509      484994      478814      510585      470836      515699      487823      512527      461763      497243      504166      477839      489871      515005      462986      504282      546832      492111      495076      490530      503039      491356      470644      481269      459256      497778      490610      512522      516063      471117      487485      466621      492371      472661      514083      531414      450929      499173      471950      480658      511173      483088      479364      483515      524058      491652      497219      497640      492858      484987      495365      501750      537363      446235      507529      504564      517727      531617      493911      487549      521798      509805      471315      523645      503540      521509      523043      516852      483553      507409      442611      490433      478753      486092      441632      484154      500017      551017      465832      479753      495715      485894      513935      536390      454015      512578      512115      493291      482445      476763      464719      514006      492745      507246      492413      512577      483794      513514      508393      443221      465941      482104      488624      454153      498403      488784      506252      514093      478087      509472      472761      515332      501199      472631      495463      507293      487465      497210      515909      480049      468653      533507      479506      503064      476579      520426      529807      525666      514929      473702      534181      510074
      553046      533038      510120      534029      580087      573952      553631      519473      509037      537403      528095      552326      571765      564973      545399      555436      536514      490014      580879      508112      575318      532187      527586      515267      587801      560737      534908      531129      499094      554623      574076      579306      545804      543038      527661      569165      532099      541536      551176      556435      530504      581699      515253      540811      556995      532222      550947      560297      522232      522888      514228      594317      536612      553877      567927      547586      571715      517794      526724      554079      585177      522570      594494      506690      549606      547886      531650      552804      577161      552534      527672      554877      515548      566207      545359      546797      509421      558108      552574      540240      523320      567282      527826      571500      607390      529200      544500      516906      563887      537824      515238      521285      524693      552637      553184      548940      569623      511219      549198      511510      571580      542126      574634      599347      491898      565313      536317      526759      590662      539968      542085      534455      572481      525603      565394      523998      552129      531600      546029      541850      584058      522407      573637      548541      588518      568873      532041      557910      556992      556740      559336      584328      556016      566201      586515      552683      523882      563441      519143      551179      554594      561220      506365      529001      584104      614879      507250      524019      532197      535672      575561      589564      500590      582498      569762      538504      553946      536342      523133      591164      568179      559027      539099      554085      532345      587446      545232      527690      516370      516060      551001      514339      561991      538874      595730      584426      532838      558749      567146      576204      577230      533237      572252      550818      533545      549037      542158      500792      540678      605455      528133      547130      532660      578346      572511      583601      567915      549250      573158      572456
      443960      446227      446985      457034      492211      482434      461772      453506      451408      472685      428338      456873      477781      479163      455277      485674      436998      415539      485475      432650      475704      455316      440361      475746      502985      473808      444559      451624      429252      466075      445142      461626      449197      462642      427857      471211      434459      470387      462076      465306      441911      482956      434226      461693      485079      460647      456417      460436      443640      439997      432135      502338      445947      452345      473824      464871      488496      415044      428408      472090      480838      435461      486283      425558      465210      472280      473676      461022      464346      459679      437914      483313      439745      461362      464445      468741      438082      473057      463605      445632      459905      476512      427312      472323      513261      438420      465142      424438      456823      462016      433089      432185      424268      459283      475474      456549      454460      436325      452882      432124      462312      424078      491161      470407      412549      466552      440984      454157      470355      460421      447679      434466      487866      436332      472875      465307      438501      429940      461433      453301      479487      426760      469479      439716      487403      494326      448201      459839      467741      482523      456403      491171      479194      485717      493705      461916      447878      480218      454338      480700      463980      448211      421188      446886      472977      505334      428435      435988      450630      435822      489846      503844      416109      461191      486160      454902      446167      454225      429592      487739      465833      448605      460361      475421      444655      485464      488411      424086      415738      449463      458305      426883      468059      462253      463482      483808      448489      480960      475972      500659      481936      437684      484437      456916      442545      441148      456347      428492      454614      488736      423738      476789      456988      504105      465961      483159      479921      455330      484475      472820
      528455      500208      493963      521160      545083      541533      521785      540416      506025      516609      481694      514890      560024      535418      511238      542983      533299      466495      548532      500031      535034      521229      511568      510944      536709      558639      503522      537252      477700      551218      520662      546232      523806      544916      514884      541068      467352      517259      516584      538489      517828      550590      526068      529878      514013      511052      540474      543718      520710      508636      502911      570761      527454      533374      533427      503209      532759      474213      517089      537553      561331      487139      544438      503742      564484      533605      494909      544099      543808      535240      524638      531080      505452      535778      503216      517695      468240      547394      526590      511876      514371      555150      522551      545340      602936      486730      530186      507572      522567      508936      500206      502196      490977      541501      516114      524599      545936      508905      523110      483079      572671      498467      565421      567639      482575      544390      508752      510673      548652      529808      501077      521836      554375      513214      510603      517723      532887      536634      524000      524020      546894      508581      543584      525298      552646      544226      509027      531789      527801      536258      539966      566436      539255      529304      580179      539379      517471      540660      490902      529834      520638      517239      487736      516707      564948      570538      495017      506585      516334      527452      566001      580253      510913      527948      532172      508724      511173      536846      474069      574194      548904      524888      527108      525631      507841      567482      529383      478172      516193      511809      510368      506650      546364      526845      535882      548757      507704      557286      534143      558962      543344      505008      541251      544994      512397      517273      540445      490162      529542      564555      514022      540761      508200      571861      543468      535846      538200      491280      545964      565312
      497271      467634      458036      490083      515791      523262      487888      477080      465939      485296      452079      469786      542638      496930      502464      518995      483521      455568      513330      469003      515872      477802      471392      474853      527317      503369      497850      478188      471573      511688      489656      507966      497044      500467      472721      491380      469203      497800      480669      528035      478928      495710      463162      490852      493146      477907      502034      488364      466717      477226      461184      524799      485273      488954      506752      495084      518415      441201      468921      511080      535430      460239      504652      487221      505655      511113      489718      494677      518134      484377      475419      518106      460037      488498      480728      465710      444949      490997      496148      455497      472380      521911      481519      524837      566112      449635      494297      473120      512346      471420      457817      468007      466702      490581      487505      490033      523450      494241      493528      469680      492924      470717      536416      528249      446831      489718      475410      480809      521265      489725      463190      482290      530972      495288      499338      505942      472183      483865      488568      488650      513280      456319      501603      492874      498898      520866      470488      471936      487151      504621      499217      524594      504031      509554      532031      506690      510588      506998      438904      490281      490542      499012      461309      462018      507713      544308      470231      478567      495248      487375      517206      534458      468961      484821      502343      496945      496900      505127      469667      534967      504620      482682      515814      524324      472184      514905      498768      433679      469497      485067      476438      465458      514363      487582      531739      526395      489583      514733      483226      524352      510126      500156      489222      497177      485636      487252      500047      467222      485713      523618      491306      496856      470505      528178      518127      503436      514555      467096      544496      516358
      504084      480832      492523      507105      521779      507491      498477      525827      482985      520724      452560      508410      549469      519794      512554      522453      506169      462483      528085      460985      524567      493973      484608      490366      540079      532021      512701      496590      470807      536091      514472      526061      523004      517699      488496      476517      491787      502157      490028      509595      517587      515898      483859      486313      502660      489457      502297      492455      477941      500408      474204      543191      501673      525097      530072      499513      516953      476585      473907      530182      531035      453494      527025      496956      517643      533357      494862      512718      526761      527276      480079      515769      488487      547999      516703      502703      476139      522049      504895      493909      491885      531521      506423      537910      574250      464365      518132      497715      517366      497674      485002      470883      459205      515854      487134      497290      527329      479377      506467      486442      543326      491337      548234      522259      456470      491802      490396      470142      537676      515301      501464      466026      560652      498603      504036      500891      519751      484130      506860      495701      547788      487311      532790      505681      542012      515312      513935      517793      477828      512075      512539      525164      538747      519963      530181      517882      479460      518699      488955      522958      501605      485214      473094      493595      522612      547422      452924      478835      510677      494908      515427      566698      482349      507339      503644      505083      489547      508251      474472      539861      514335      517502      510775      506363      484015      529817      511788      483860      449159      488809      497095      492177      527515      497590      526297      549320      508199      519331      514560      549925      511728      504743      527093      531662      496384      494613      510770      476196      483313      532143      492509      530368      491773      550208      522044      523219      517280      490800      535203      510433
      485233      461303      451112      487781      503383      499803      465249      471956      474395      508854      459680      461983      510370      492786      482378      506907      477535      460994      478143      439362      488924      466708      453755      465522      512895      493907      484996      467727      441810      484079      484270      497704      486886      470257      468876      475308      470698      471436      455358      459805      461452      494515      466235      471239      477509      487144      473388      462390      462633      479240      431818      515810      489702      483440      496949      475741      490877      424149      457135      498326      509162      440441      493055      453667      476229      496664      476658      506896      481548      478568      438257      510677      451989      516279      469394      466055      445161      482378      500336      472058      488081      545320      470990      472900      544721      455087      484670      479185      490981      478053      438787      456161      457844      482614      479861      485543      480969      445167      463547      461913      483218      462216      510746      508689      452941      473086      465564      466339      543607      490999      489826      467232      495141      471292      471443      465546      480216      469142      491975      479507      522890      446650      472727      489698      515041      494689      488291      468018      476627      489811      479531      507251      478244      497276      516958      501981      479844      484518      441337      472067      459713      471631      457615      457022      498479      538180      458157      479286      488825      458466      495270      526562      458487      481627      470622      469465      460344      474900      444129      511921      490812      478196      499727      494236      458568      495340      509547      463155      450377      475078      477029      446973      481175      484380      482508      504407      469870      495392      467469      539131      481998      477594      499905      502872      476513      485349      495280      460431      463591      506844      452535      487445      465470      517356      510534      482953      507953      458444      529450      495378
      483781      471564      472593      469493      514277      509858      489245      489443      473274      480105      456386      485477      514946      497674      505752      471686      479701      446537      518541      453397      492232      488487      478339      469488      503694      494002      475892      473226      424764      516115      493683      510582      509058      492307      473475      479917      470933      477507      476053      495359      481676      485222      491828      502943      475735      476682      488357      491996      473401      473113      467104      513437      489304      499410      507753      498954      498421      457799      490811      497993      521107      464761      511665      463459      511606      508439      484205      492172      507092      495740      483593      518676      458636      494681      477432      474209      477401      501846      498910      468689      464192      524208      488818      494707      526570      456851      483718      473857      503567      474072      444996      477332      457344      497069      469355      491276      523503      473919      496067      472674      511688      489195      515900      535449      449214      479205      500722      482672      528812      498964      476614      469270      504788      457783      498958      481381      498954      465699      504921      493622      523856      464866      512709      474429      509199      521135      485569      510936      495200      497498      488216      489893      501941      501629      543772      508861      468577      481809      472428      484010      492009      491580      433975      479138      529468      538443      436911      474352      466033      515388      489968      534723      463851      499110      486263      459507      499981      480751      445288      522649      494614      486325      472344      484071      464391      525814      489169      460024      446117      468688      487922      457167      505743      480280      511952      528487      484671      482702      500376      515195      489280      467292      492701      479815      499101      462303      480583      454265      475099      520719      456530      502379      475421      538844      523502      504569      505152      490750      527021      481346
      518295      480001      450762      493994      489946      531516      484691      478453      472029      472023      463364      473828      533491      501521      489196      515515      501058      453845      523300      500419      531558      474493      463919      486553      520775      477986      487846      504221      471428      506097      499501      523371      497254      487906      473021      513621      466091      485145      517809      512465      480095      521779      485772      507379      510077      481346      504551      487582      485514      494407      461237      527815      483733      508355      518146      503924      508026      455099      495996      483784      513837      455350      525881      461988      525747      504214      483684      511573      504661      492801      493061      504139      482405      506975      468529      498558      448857      501570      480121      460949      483734      535431      472556      517754      573262      472199      505589      494294      508023      462966      467407      482707      489363      506113      482323      506562      523091      454971      498098      491303      510623      471781      530032      526154      458891      499281      495777      488207      493289      492730      467369      480499      511045      481857      470960      486185      488619      474646      497140      480586      518075      461075      502396      484414      510902      503578      490797      489219      499338      506617      516148      512294      497847      512495      529302      482370      494600      509758      463448      501332      478405      505647      466019      470807      520913      532643      480061      475572      485880      490900      520668      519961      481794      522233      506617      479599      494609      485436      451106      521384      493334      503189      500218      494581      485997      512239      509536      454474      466911      488850      510684      466191      514192      499387      503313      525561      485348      536659      500936      523580      511473      483758      511360      498562      481424      500870      487264      477764      482489      529950      483512      505309      473555      516447      506310      514379      514489      488571      529994      522585
      545406      523170      511651      551752      556009      569324      533821      527797      514849      526297      462567      540804      559732      533598      539680      582164      530684      482285      553846      508656      585911      541841      507136      502259      576132      566370      544100      517975      507487      544104      548843      559990      541889      534841      511677      544234      519932      527918      542362      556588      532685      567484      528523      524932      552319      525955      553003      524415      520180      505761      498670      586101      518571      539060      531291      531177      548758      512774      522011      532893      589151      506833      573077      507535      546534      571786      528999      549109      568413      557164      514038      554922      535579      585190      529539      526588      502751      562464      546232      517219      536201      555933      538980      565119      618421      537979      536979      530421      561548      526801      516580      514762      504662      562183      534375      543885      549348      505300      530656      491304      530303      514021      569135      561421      506556      548108      539874      515243      577054      525062      524654      518760      570210      535543      539241      537603      551379      536750      523820      533508      580199      516773      561418      530851      565403      549015      523229      525957      546639      535669      537453      574569      556619      537496      566401      554725      560786      557315      492660      540509      531578      547010      511618      512526      573268      592251      502733      529160      524021      535283      561413      573552      489808      559246      558758      528442      506661      537106      490886      557193      525218      542388      548640      544623      518407      552704      561473      485594      503322      506825      533701      495558      565847      524653      546234      577975      537278      556329      528013      578167      559405      528662      571755      542837      528464      522392      526375      509377      524416      551801      542671      546192      555019      564681      558645      549670      579195      511497      576008      542335
      488878      487151      465607      494448      499699      513699      462383      486982      472373      509175      429074      501254      506598      495994      508958      516654      472442      429452      509394      476093      506015      503663      472344      456799      490779      503792      508635      498449      458733      512236      481782      474607      469811      502540      470975      484534      469836      468075      484341      504833      478000      508412      470371      480731      496979      459943      470861      490484      493746      482082      480550      532283      476482      482062      495326      494956      493862      462171      459161      506762      512075      473148      533114      477581      512518      478467      489229      503177      509222      496833      484702      499280      489681      504541      488783      478823      457144      492885      497703      466421      485315      540362      480181      480492      550268      487498      499239      462849      489071      468010      442436      475342      460183      502251      485664      498016      527200      458061      477264      466075      488867      486444      509082      517630      438665      472093      487549      478079      514690      495757      472161      446605      532674      479675      462951      464614      496154      464328      478958      491838      506094      459931      501281      493381      506808      506440      475676      482925      503739      488980      484142      509134      513889      503803      526216      509350      492196      486341      458205      486299      483498      493480      462879      462981      512379      528700      465346      467715      513702      448054      500805      533884      450965      481603      494741      463597      468342      476297      467527      510126      505118      494228      481923      499488      458715      517178      506982      453784      453648      488899      471389      468517      482313      478183      514220      549526      493082      498027      490237      525002      496557      480807      508884      494772      472614      467803      505183      473382      488660      518736      478140      507606      479497      506449      520248      493873      518548      472258      534422      488970
      484107      443845      446589      463275      470213      504620      456540      466085      426567      473475      402699      465975      496995      468132      481869      477196      459175      430893      494998      446172      474850      475359      452643      469539      487988      500630      462426      471104      429220      477184      460986      494238      463200      483252      465198      462434      447866      440709      467103      480149      458494      486067      442453      466185      440995      441437      449433      499127      477187      455379      461028      511887      469089      473285      476727      465042      495265      436768      436221      494286      496197      453418      496698      453895      478697      475695      461746      477829      489489      467701      465444      490285      441955      478942      450804      459493      436602      442957      460723      443369      451313      506848      442411      497500      525199      435954      456104      443594      476450      426685      430305      440326      448189      497242      468597      456492      474964      432009      467629      448775      474681      448906      478048      500439      435686      466611      463616      458609      492545      465810      447828      424700      509789      448000      466754      461177      463362      462793      471926      456783      502016      433549      479107      454549      486966      467943      465530      444497      479832      479625      466953      482976      496046      491077      514498      481420      454780      470836      430094      485833      469189      472596      425911      440703      494956      485880      435269      435963      471586      433477      456527      506759      420712      481845      464250      476090      436020      486649      416244      497023      464624      450778      453537      464393      450752      489885      482251      455209      428258      459004      465657      440869      488663      449943      472812      500242      437760      485862      493745      490849      487991      471645      485587      465307      463935      470968      475575      417353      471533      502215      445113      465239      434686      503950      485935      479796      472177      470520      503791      472378
      475957      466657      457387      475564      503802      499852      475214      486980      461716      491506      443489      465967      515716      477069      508623      507204      491850      434029      501587      447526      503234      459369      463071      475356      505201      499244      483428      500590      441704      495252      480213      490815      479269      480656      470631      491240      464116      474916      487972      490724      488321      513392      473939      472667      520973      449365      484006      479754      471214      468221      453252      525022      497876      478569      474996      474285      487648      444365      467999      503190      507772      454893      479599      441217      521310      484569      477217      484156      516614      468603      482411      480856      455681      498491      472397      491973      465484      495248      487384      464197      478452      506162      475534      496033      562572      465857      486736      466664      498058      450751      437310      480117      453030      464174      490238      505907      504873      457388      477736      437483      474747      476467      492145      530019      440735      504832      458250      462161      507374      491005      459341      477109      506749      476951      472880      472272      483191      472510      485194      482793      513946      457851      505784      463082      508641      484384      473814      493004      498739      461297      474478      506178      497540      517456      537095      503496      488939      491523      467434      493391      470627      479812      454391      471084      516445      525572      458965      477647      469590      452849      485156      511206      453820      496223      493846      481371      465678      488250      440710      501211      499645      489301      484140      496734      459634      513144      487183      468313      451080      482843      439642      453084      487569      473523      491287      513983      467056      506002      466851      510893      501971      482461      518019      483507      474718      475818      463623      450943      473769      512273      467921      494556      453764      539236      493805      504395      498609      472272      518066      494625
      543150      514212      477377      521835      547916      563068      504145      503325      494376      502811      474221      504858      530701      511912      503778      534911      495244      482872      548007      499282      558411      517625      499402      477320      547918      535378      528881      515920      490316      548841      543418      540119      525303      522823      493582      514214      486318      497129      517611      527193      521600      533015      506889      521718      498329      514391      523418      519281      507531      508673      507757      536007      530040      541718      543363      495695      520933      476457      492616      521743      560281      481774      546479      499646      538728      542562      500834      533652      552787      546820      497547      539848      496579      526680      503222      535972      498974      535606      523719      498860      500673      544722      520293      549717      572490      508226      512094      524670      517447      513257      483638      494986      493213      531623      514121      520998      555508      506020      518524      487727      546997      503334      546646      571430      494171      524229      523726      522559      565254      536129      519024      507082      529051      520728      521863      523968      521201      504552      517041      529108      553181      498384      534735      502647      521988      556410      520521      501139      515410      539759      528486      536621      537557      532662      572091      535695      509600      512870      494325      539421      512548      513201      487951      496845      560126      573333      487128      516925      524868      528965      533733      574523      480377      537175      523060      511655      536687      510170      487791      544239      510121      511812      532810      507507      507161      535829      515052      478516      499043      480040      520614      489687      538021      531180      525506      540809      515301      544109      507438      550338      545496      510710      534950      530265      507344      515287      533446      493052      501816      539269      517641      547042      501166      564965      545681      524587      530277      505986      573590      533093
      537761      497953      478988      522678      549471      567374      520391      526248      533916      520830      489499      509878      568904      518704      526625      541513      509408      469673      549113      504111      545808      500255      473446      514072      557771      534505      509052      528870      477420      543088      531724      526719      538289      528750      500509      549948      513141      523104      512904      528423      518845      520719      491133      509209      530152      511631      501259      511851      494810      505111      500680      561415      527988      524146      521782      527980      545816      485640      500890      527658      532404      497397      532202      490462      540271      531824      510269      530199      528787      523957      512485      553238      478923      540305      501200      522602      481183      520365      519817      476389      490410      533527      514574      530348      572856      480076      515006      479329      538444      519727      487145      491761      498844      520612      537425      507099      539051      493428      517880      488426      527536      516303      546410      529045      468528      533745      505718      482557      551574      525665      497859      492952      541460      530812      527432      493162      530115      518623      500501      526752      551216      479609      526475      523783      537248      556165      516496      515860      540559      508015      513711      530338      559608      528236      578006      515197      519484      533655      500808      516529      509676      525243      494216      502463      555288      562462      517658      512294      534072      508552      534891      569113      480069      519207      543932      501225      506954      513881      485789      563389      505911      522167      533602      541510      499322      539773      527664      499759      491357      494298      517756      485149      542396      533520      555452      559185      492421      529607      523507      578353      527076      490668      552095      528091      526777      510328      527328      490422      522433      568016      483868      518017      492788      547731      545292      520310      527083      516389      541968      550652
      536038      523498      521038      540370      564342      561387      500049      529439      505547      542370      523191      531890      574966      522904      549557      552054      534690      498130      566707      506249      549045      519792      533751      523479      583393      517841      539647      542265      493067      539602      541870      549803      568790      551580      518901      540266      518112      530480      530934      549169      540855      554949      520572      529426      565324      529156      524157      541219      554376      545897      492340      591751      533724      510462      549958      542171      551161      505665      522297      556233      579020      497409      564381      503170      561400      557571      531440      560500      541956      557042      530026      580786      486617      562559      546334      533736      517107      540559      548360      518163      544949      600209      542037      561478      595074      513586      545014      508823      560106      510619      504151      514056      507542      536355      543796      534412      565781      521363      535892      528582      540052      520675      553716      563458      488575      530444      515022      529431      598183      533692      533439      504618      567026      519615      550283      513201      553766      532618      555959      554132      587577      508328      546286      538890      576120      544663      536048      527017      525655      553343      548081      572572      571804      557207      566794      551725      501910      564910      522282      540058      547103      525992      492416      524572      533796      611688      532509      506657      543005      539225      558274      574430      502232      549921      547287      552102      519053      566341      494160      583102      540297      545043      550348      538760      511561      579396      569824      480479      505001      535317      533690      517980      574296      509060      570608      572337      523729      555664      544744      581402      558264      557465      558975      508042      526945      554596      558266      490434      524692      595263      516803      560926      526157      584031      565308      572133      580994      525537      575896      581863
      512499      502302      500818      534843      507944      540931      480043      503395      472106      511808      483756      518400      536284      508083      493366      534924      520065      474500      533332      488662      523717      502824      491235      485369      553972      514193      511669      510484      467368      529849      531169      523441      523589      540664      490287      508270      496817      514409      525927      514016      490109      515087      519641      506996      535581      491696      515351      499589      520941      509086      496058      559087      517838      505355      508449      492744      515783      485718      470284      535548      530321      470684      523926      508321      534216      522648      498498      526048      520247      514264      519827      513666      491812      537249      488195      501708      486797      508976      502439      487695      510012      538546      522380      534798      575935      506804      522771      479463      510419      496024      475029      472955      489460      511383      504022      499956      543312      494941      501555      488938      551701      491647      537423      526188      463383      506165      519852      492719      521460      520363      507265      493739      543581      501014      505620      513686      504581      505966      538318      516510      523791      474608      517145      504752      511332      529861      499585      503796      513422      521473      524745      538581      528561      531141      530585      495417      491447      525406      490030      519881      499688      502513      463086      489823      547933      567122      477712      481845      511096      500078      521896      549840      485027      506540      500057      515929      513212      521599      469221      559965      513868      520223      536135      506759      495425      546433      520332      481786      465381      504336      505975      473836      537033      514252      517565      557283      507577      530220      515789      549529      508944      506088      533947      504599      481528      491329      543654      488352      494643      558692      504336      525402      508673      557278      520568      522751      528121      486005      528332      524503
      517879      482387      464710      492160      517436      547084      480739      494118      485384      505917      474135      488507      532481      507466      501788      531499      515973      453485      520467      457087      529665      488966      463692      464127      523152      510168      488482      502692      459916      501074      503555      520742      509207      502656      480539      499633      492350      511178      490856      479821      493659      510548      474841      487522      501902      502536      481642      490768      494403      502496      480398      560657      507419      504457      532646      513894      508198      471093      475823      522004      530295      459673      556143      463059      522469      508189      476688      499588      515258      510144      509078      521137      474434      519309      501136      494234      465844      516765      512534      477745      491375      542341      494133      535785      551336      471216      495008      475133      509991      477200      473411      501100      466432      517483      529156      506052      543897      488569      515299      482582      526853      513409      536471      518969      466067      501319      500633      471927      542560      520681      503144      492728      507487      517244      505394      482217      500356      506671      503038      503516      526862      465244      506664      510668      537122      525129      479534      511532      500545      507700      536222      535699      542470      541681      548457      495130      492350      511493      473341      508120      493849      504666      475438      485679      511239      561284      477499      477969      509169      501202      527883      545664      468154      513963      519367      495309      485719      505343      470978      553706      524214      500205      507633      517920      480542      545796      525229      474851      477216      482847      494527      472619      544969      495277      544353      527110      502446      523970      520185      549130      520458      497161      528751      490682      500166      486320      508138      494161      502294      538195      477496      509163      486149      527758      506602      507713      513450      486944      532869      540135
      526862      516582      491236      496442      537438      546180      500656      522898      481848      525230      490932      526668      547679      548719      495415      526595      496614      468356      537516      487145      521403      516308      488738      487894      524004      493857      505326      492763      481727      531873      496668      532052      509075      544553      497676      526660      490918      525091      482548      522704      483647      542257      484670      514364      506537      488923      493288      495202      497343      490634      488190      539560      511819      517495      524968      527567      514050      493241      478424      539867      528519      483609      526675      493247      528375      520672      500350      527248      524758      543076      483203      523209      491992      529484      513314      501358      498111      491421      541802      496278      486277      537224      485924      518143      582301      501826      500072      489077      533886      508533      495671      514891      497399      517762      507332      498115      534152      488115      527397      487010      524875      492056      523597      544655      465509      527750      501002      514742      561191      493578      495509      493390      547989      515595      499043      509821      503021      497718      496877      513560      537115      504600      512904      497080      524214      514439      497873      499299      535206      528307      517639      538195      544983      528646      543857      527653      493254      513512      505418      479757      500247      512414      478773      487960      539888      537101      470608      506998      508509      509651      536048      552116      478653      547303      519102      486852      504558      529644      473639      552318      527591      502413      523855      534092      510010      539325      539738      481338      491530      492845      487943      463001      526531      519366      539074      547542      500412      548561      512931      531479      524894      493337      527322      493352      504889      508768      501697      478220      517580      538011      487263      508846      488605      563827      546902      514072      516199      478419      519358      525379
      527581      497547      514488      550641      533942      556467      508760      532585      482389      545552      484290      554150      562485      506843      514836      552733      503478      453237      549567      482628      540455      512773      523338      486910      553626      534469      495095      519001      468083      549787      531984      514382      533257      518342      508922      527746      497528      513918      516523      535593      506107      542637      499286      529626      531719      496164      527587      515671      524951      499829      507003      551102      509881      510984      544579      515187      531542      486225      500878      524147      567668      477851      528575      489915      523894      514435      495121      545892      548420      520293      503707      542454      497228      556191      506872      519644      491538      529956      528977      509648      480731      559101      530048      551105      591825      506999      520364      489097      523546      513025      493519      481303      492654      514942      513908      528642      531022      515952      518655      492713      534897      513883      540184      561931      477012      527329      517015      501627      531508      521050      493575      502046      557295      520985      526418      522548      538310      513557      502760      519283      544010      483707      559040      517567      534815      539199      517710      525664      549512      537655      528501      531272      534840      550339      547008      518466      501807      562031      487194      526408      496139      536904      500693      515261      546182      575656      477717      486079      482362      502096      538924      564661      496451      548236      529475      499308      519301      531735      474437      538547      549153      527548      509980      552837      505485      544973      524253      495001      476983      513205      509092      515883      535698      520849      546784      578275      487926      541846      514138      542360      519715      507092      550608      528066      513690      506881      526485      495531      495114      558116      503111      516695      497875      558775      533282      529193      531043      504283      546307      531205
      522185      494007      493222      514695      546997      544618      497039      537833      493280      526168      514894      517897      554808      520356      516460      542296      517045      469031      551196      493386      530467      505985      497116      510201      550142      533869      516326      510811      472387      538125      514314      529127      509099      526250      508327      514770      490295      506727      528231      532413      517580      526152      514387      527945      541787      521649      514146      527024      504876      525038      481346      565875      524245      526115      540488      557043      541369      472901      505995      552629      549312      481870      535135      535262      555444      530128      496798      538670      542871      523672      496407      541588      480392      535556      489320      515173      490736      542406      534791      512751      525762      551549      511667      528589      578368      474886      505983      523504      531029      520209      487520      515702      484377      535137      517626      516966      553224      484215      509373      488924      540122      487927      534032      549996      496429      498174      521700      490532      545595      526197      521406      493235      550939      515090      517167      497711      538841      511953      507953      531088      563088      492707      536731      507994      543097      537697      504405      513105      524163      529480      543573      544198      554497      552687      559712      517798      510246      519885      486287      511941      490412      514189      477548      527015      531436      559593      500230      510791      505892      516885      533951      580808      477981      517852      534788      511049      499623      524514      482814      562123      548188      521575      524680      542583      514220      534833      520318      471107      506109      509952      521159      487435      550080      525832      556884      547000      490324      553627      520519      549717      520525      526770      526701      509077      509005      530530      526660      483847      486143      566278      496752      551007      515248      556584      551404      552928      534358      524594      546746      521449
      477018      494606      484415      471888      519540      524839      468076      499311      453605      502767      449348      510991      518697      518733      495593      525157      467946      461578      520241      483806      516622      494700      480364      489347      529768      514310      500821      500629      448219      522320      485689      512394      498701      496607      461734      507079      485018      498945      489491      499908      487959      516493      459741      502968      512612      479707      497732      510593      488081      509489      472770      554063      496858      514291      495709      485368      514145      471494      484456      512466      527656      493892      541464      478503      513277      507309      492436      511133      514661      484288      479778      514298      479404      540011      492128      484574      471946      511514      505097      490858      483160      519494      491931      500501      566554      477261      487954      459859      496305      508376      478156      474283      481173      511241      498089      499526      523874      472347      475897      474910      503318      474631      529278      536419      443535      505499      488888      483301      512571      502056      480251      490247      522579      501539      504841      497891      501102      494417      500991      503272      521034      461010      499296      510600      519896      518235      493271      481078      528057      505843      491119      522354      517664      522606      530301      494475      491018      507755      475976      512003      488720      487516      485217      489156      529591      566647      461191      483769      492398      487852      532220      545012      440030      516484      512591      505346      489354      490029      464511      538950      516909      497364      507673      535120      475709      535321      522318      472711      467713      489713      508829      490722      513436      504843      521109      544787      499074      516289      507272      529302      501724      490308      507450      517223      487257      500964      502783      456788      470260      519656      481814      513001      500620      533608      522376      508138      510090      476348      523521      503721
      559192      539504      524337      540905      571403      592010      541168      563818      516295      551361      524847      563520      595339      573473      555055      569384      551451      497930      593788      520230      582534      541551      519023      536092      587935      576404      547416      540026      502251      573130      567847      586495      545337      564202      543158      533983      516889      539631      565722      548423      544015      588344      512398      542794      550339      539199      545390      544551      554784      535949      532175      582262      552424      559994      560461      538055      565472      529930      514429      561738      571987      546453      585337      515822      576946      574524      534584      572992      588105      555297      530389      593508      522149      548629      550870      544476      536544      556535      574504      523357      552313      586891      540501      578671      618173      502526      560894      544789      548810      546229      533762      538439      522581      560162      588394      542722      590777      527740      542909      518894      560564      539304      582651      581017      510088      546832      555121      527085      598622      559045      542584      522142      589692      549840      546146      553737      553070      544195      559959      537446      597585      522350      560254      545869      575481      589660      552400      529278      553811      565164      567790      584233      584882      582392      594529      561894      539925      563113      537239      554155      537776      545704      523386      531957      580241      595504      520502      549854      566882      537995      556579      587924      514149      570649      557982      543450      528238      548736      497990      586783      559025      557824      556555      566339      533910      569437      569847      512582      494898      539617      536570      527232      576376      548809      577683      596833      530658      569676      569094      578025      543604      543308      578295      551558      547855      539214      540242      531712      552551      570625      531066      567434      555034      587040      580311      575396      551029      541556      582296      575380
      453474      446597      437933      449629      449901      454089      432581      464735      439137      454946      430038      430504      489232      461124      450672      485169      445054      401611      490008      416875      468374      442490      463934      457959      481360      474734      433215      474384      422979      486014      450750      454786      462410      463125      438257      459035      430183      437864      445914      456309      481896      467102      437433      470373      456007      448632      452093      461134      449261      436541      435010      506889      456176      457179      476960      466931      456449      435824      429285      470206      479249      406971      471032      432097      490998      486187      446192      475650      483864      459537      455081      477684      454276      463926      442817      469290      444861      451426      474174      448089      419166      498380      454038      489631      511545      435271      454837      432079      460170      455176      443955      445154      436002      468592      435560      453838      469025      470475      445834      453927      486753      443253      473507      482505      398904      454971      443957      450341      479533      467804      447124      446749      485754      457960      455548      447869      465103      435703      442919      448203      501738      473035      501483      446502      470723      478990      454039      467483      456673      484194      459984      480095      494901      465336      506833      461130      453232      473837      433972      467795      455782      449029      418820      445410      479909      497051      409999      435706      450848      457391      459411      511569      434240      470814      456641      460692      448176      453362      416504      461735      472405      459856      457969      450075      434842      481476      476055      411569      445179      443134      435664      449443      459026      438856      476553      490958      440728      482536      451962      481681      465277      483883      487423      468161      480606      449649      468809      430181      457048      479792      451939      477271      441754      491019      471525      474375      489709      442750      488888      464195
      521158      482864      484327      507138      534974      565659      480891      530764      479833      511367      469859      514389      541554      521606      520528      514911      505921      455466      542019      491717      521854      514901      498250      498746      522976      525066      531352      515475      462391      529652      525342      518887      504735      528557      493260      515004      484155      489527      517763      536594      516585      508272      500166      510819      508107      509794      495207      534352      507284      527852      500729      565540      517379      524320      514744      531455      511972      478846      489161      543273      534654      483841      549159      492839      542010      536474      487965      505089      538221      497591      499427      520697      488186      514537      493832      488823      466991      517942      523432      480505      500275      551816      515201      508875      574709      482806      512308      498014      517730      495401      471488      492257      476559      500180      531128      497452      546893      495113      524782      496348      521543      496708      543589      524459      472916      499866      511902      504905      526713      525687      514084      478641      548556      511344      512536      502040      524555      485616      524433      518409      539616      482173      520287      503602      515192      531200      505932      503083      516036      511171      513154      533041      535524      532827      548888      493023      494299      522241      488800      502954      511102      490964      457032      487755      540157      561001      487867      493805      508517      514461      545574      561623      461851      521015      520999      490693      502941      509523      470100      560394      513232      506712      524956      516055      486932      534958      534343      470189      491754      503488      491656      474567      521955      503228      540407      557075      498625      529148      514667      552691      524159      507008      523317      494989      528411      500770      503967      482134      506108      543041      506110      525448      516401      545644      551064      531250      518964      501361      551725      524645
      511650      469697      456034      505104      531301      538706      473102      507678      488899      513432      484285      496138      535889      490723      516678      515596      489397      464881      526063      504417      533796      503923      475435      488133      525074      510326      495886      505752      469657      547922      495417      530406      504886      526878      487335      510123      494857      506422      503185      516599      500571      517770      499277      522368      497873      510438      518323      516873      496617      476900      501477      554660      539335      509197      514383      497945      522451      468535      495733      518467      535459      482148      520892      489755      542696      530073      511127      527123      553801      519136      517632      524086      496661      509637      512365      482722      488536      509784      524262      480700      489619      536461      512981      534889      571978      481876      515570      491743      514938      489144      477069      503654      478112      531897      502452      519926      509850      514532      516837      489700      504545      495170      542707      529526      468927      499932      490058      483956      541598      520430      470002      487273      536676      509808      509457      511454      500758      495761      517858      532006      549053      473024      552213      484009      517202      530416      504793      504494      529177      514185      503384      531989      507306      517574      560696      514697      501213      525496      474258      507966      500682      490649      478658      490681      544388      543261      459360      506793      505911      500991      519722      567068      463169      518460      499416      493324      498862      502279      480716      531948      528905      482801      500880      489578      473305      545309      550173      478705      488613      498380      503863      478536      528566      496206      516976      548859      491758      545469      498859      540168      502244      505832      522811      494221      503025      511676      512515      476537      486112      539262      482452      501125      506170      541102      529500      505093      540061      510543      540016      517845
      560180      513616      498761      542570      566673      580846      542636      522231      506388      553127      496184      527891      578586      553386      538986      540074      531345      480987      560379      504247      542601      533649      511426      526409      565639      549912      519962      524958      488882      552120      570200      542535      529511      546035      522194      549773      511394      537459      527315      567290      526262      544962      526464      524192      533749      540668      524833      546975      509323      535155      498075      562242      565673      541279      542604      548162      535371      520731      509772      539102      582425      504807      540007      525802      558797      550711      506538      555405      559948      517642      508072      539451      505300      567217      528937      531238      513614      538969      549966      509601      506649      575913      528853      550586      601034      495883      523049      532092      561352      507919      525596      517497      536637      535192      522832      521423      576340      521457      531744      520656      555982      513859      572165      571833      526348      554519      518695      519445      567577      557082      529881      516812      544325      551048      538000      498165      544060      514467      524058      517159      567897      529713      553204      535163      545562      548031      514803      547783      533563      542895      545865      551800      542204      541464      577133      549558      524256      549338      505311      521113      519818      531628      510121      538394      539989      596423      494500      527665      548053      522825      543016      587084      495612      562686      534329      547259      535709      548168      482461      588446      562708      554287      534858      533711      524676      563554      537888      505690      520226      509038      527583      522830      552005      549716      571628      568423      521434      563419      544594      591255      535326      513894      564476      536564      519350      531483      557537      507411      533387      565672      521425      544732      523182      569157      560742      553238      558114      530106      558349      552014
      517239      477629      471474      503287      534652      533042      498892      479752      443045      500632      477218      479906      536833      484781      503503      509670      462292      435880      521370      480521      526081      487643      479505      455019      540034      513657      503355      497754      462194      527664      520787      518715      496518      495791      489977      487466      485210      492326      504676      507204      519933      529432      486887      501425      515008      494343      484777      512798      498551      497111      457728      573683      505049      507666      502078      530712      528650      480356      460110      518085      534354      477785      535057      480152      519246      539115      491872      535748      530028      515257      477190      538372      463594      516007      493345      496135      478645      500211      525536      481389      482903      542950      502639      553495      557711      485078      478240      483669      507178      495450      465688      487367      474315      504072      519678      508647      536996      496090      487582      484647      504903      460728      520527      528152      460762      495667      509859      482009      548790      485713      496296      479563      521889      490836      496004      482612      499237      487719      484660      490243      507435      504334      499456      487086      517997      527710      489191      506318      504964      506734      520410      519813      521135      499815      557533      495732      472672      501264      462393      496325      486792      467066      481174      471575      528009      550579      461470      477931      491601      501763      512264      529956      445837      505417      503017      496715      497091      514268      460491      522158      532150      485896      521074      516744      457821      537974      507187      486585      465456      506464      475118      488528      521288      504181      537771      544069      484896      509232      499526      517338      492346      486872      524817      511114      481256      487557      489424      444057      493452      529355      491583      511041      482247      541755      513661      509917      537392      498593      518312      488896
      502157      480912      470835      491558      515224      541001      495360      533458      481263      506632      462461      524477      545247      499955      494845      511966      511706      471894      545761      478041      531631      502095      490335      492685      558113      507179      495754      508609      472995      515517      509497      517248      511256      530385      487691      528773      476305      512875      524083      497528      502042      541176      489442      537980      530751      501820      530253      502531      515864      492308      485038      544065      522057      503046      530302      488958      523946      486440      488151      511756      557952      480556      537146      497219      532401      529851      506099      509840      511324      497378      505189      512919      492372      511530      498451      528926      486094      493159      521066      480267      487141      511247      473974      522215      566039      483622      483201      496659      493720      510746      481809      483758      497797      516122      513851      498929      531250      495873      493616      468387      520633      476107      555686      554044      466984      529097      483325      514756      551922      498628      479473      490759      535617      498634      484504      486969      500611      508575      514077      527662      543293      470543      534377      526761      532673      529319      501733      512992      535754      512396      529472      532242      504932      538597      545311      512725      503696      534461      468292      519698      493054      500736      474830      521249      534088      539774      455834      487321      487868      494898      539320      548576      476267      517080      507582      504173      501418      514497      466881      535466      529876      497262      514477      535174      496519      547992      517884      474262      477682      508901      522471      482534      537043      494925      530628      517636      481108      528219      497400      533776      511386      506261      576444      504084      491276      512454      509077      467077      476140      525141      492974      512903      530501      528180      522316      525452      530967      463925      545986      533093
      570686      532824      523101      541539      588972      599585      533113      535822      518245      549598      515570      538888      580643      557748      542068      571643      539904      499676      557245      526910      587264      533056      515341      530899      576373      553155      566611      541924      506604      569256      562934      563955      541590      557065      527337      562871      531283      560876      519097      578060      516297      565703      538251      546744      557894      545193      547598      536285      540339      546353      496882      604951      562107      568775      539205      543492      565834      507996      507495      588025      588512      534002      582083      532354      562096      575065      540447      560354      586039      567538      538532      545229      524279      579781      547132      553157      524097      528652      565552      512240      539049      570096      549172      566859      639199      534629      557380      542421      564404      544392      525394      539596      543055      551475      550595      574226      570175      518883      566485      518234      565529      522842      593697      567002      505207      555277      537661      535460      585246      549783      540320      534470      588099      548783      515792      537450      538215      525003      539729      540973      551599      536082      548068      542220      562921      555103      537961      542498      562250      545176      545204      562708      559669      569943      591246      553680      539331      550808      532478      528126      528748      534845      521935      522174      570721      603828      512437      534023      549893      541688      558884      578264      524041      565116      548231      539055      551744      529149      520106      597037      563182      546180      559195      557639      536374      589679      578133      513308      523811      536330      525708      507303      551461      530168      570438      586531      522397      572881      549360      591649      562871      528345      591077      536018      531090      566059      544575      527048      546692      575018      548039      563954      553978      581177      571335      567111      565665      520135      587939      565907
      503141      494110      493654      496214      536767      529635      488416      520367      486386      504036      470256      516742      539325      536191      524640      526110      502737      482684      530045      506354      554318      513675      482490      493995      547094      517137      514808      529939      462568      516907      506497      534624      515426      498459      491047      527809      498410      510742      512931      520175      525039      523289      480609      521324      534199      507590      530994      508284      514574      505530      463809      550323      505555      526422      539329      489051      518316      486248      483016      547042      554424      488494      527565      477808      541083      527162      507318      543325      542223      514711      510805      531359      513330      535422      489970      505532      471616      509657      512959      492661      499180      534543      506858      514248      586450      480639      527629      496622      519892      516972      478899      500767      503410      516957      512598      522107      546679      488179      493350      480047      506027      495581      542145      555799      449197      522710      501506      494288      551845      520749      496602      499239      524718      524028      520416      510453      519276      511222      509646      520775      554056      490046      534430      510088      516868      543619      477493      509359      523502      540840      512967      535299      538378      549787      547308      532648      503173      509411      481956      524962      522295      503173      502876      488167      551811      536023      495793      493590      518274      499144      555786      568136      464981      534021      520674      501139      474263      520085      486855      555827      511601      511259      504645      541372      511731      518403      534907      473862      495006      513657      516162      495193      527368      492794      545676      559174      488340      539396      513807      544027      530802      514437      536875      521454      505966      520533      516038      468653      481817      561166      492939      513705      492604      549597      547176      521119      519149      500329      566211      561690
      531211      508349      501319      535939      568278      576128      547266      534396      503292      528632      517395      542338      581857      539222      521303      550244      546853      485573      540890      484351      574876      509476      510987      504653      590229      549843      518997      507725      503347      547097      519502      544485      544750      553106      489763      538013      544511      556547      532093      536371      518166      568858      512716      505986      546052      530897      524703      513125      526368      513504      497647      584307      539918      547562      548852      547633      534611      477190      495452      570348      559643      515828      540698      500229      552947      561098      527095      525693      569709      565370      532990      559549      512489      541433      532312      526959      514254      519163      539681      531673      526417      567365      509068      568304      622665      509106      522142      535829      544711      516315      484340      513477      503045      537870      532697      552116      550128      510993      534105      507793      565121      503396      540182      573248      477314      541509      501539      526328      566065      537878      527603      509196      548709      519466      541846      521624      535673      523150      547783      515722      559477      497391      552540      504872      548874      547696      542295      522343      532869      549426      554716      571333      540285      552432      576670      533961      532121      561072      515641      550494      526527      518209      484326      507430      576200      569660      489395      524943      533788      505703      539578      572546      500070      536716      562727      525582      525831      559665      484443      577301      537917      553096      557364      556975      532425      549809      533948      503076      496713      521865      510883      498500      541663      543093      564928      579166      525874      566270      539436      573062      531986      536758      555070      518323      527357      526861      552296      490450      538630      574291      525356      558183      518007      565065      548650      555794      547272      535166      572803      547244
      540446      509346      485361      519316      558639      546961      517883      511897      499411      516415      499356      524156      529403      514454      517889      522343      500121      491149      564873      502313      551283      496187      505316      505850      567459      524390      523136      533787      491665      551947      524487      531812      510731      511932      501242      502275      482886      518097      528613      516806      528328      559241      520992      535814      544105      487937      512439      502219      505328      503880      494752      564481      531370      537363      538315      504470      545674      506242      518846      536736      541607      458021      553531      490948      546506      515259      524551      540250      545183      534670      511392      529200      491680      542400      504031      528899      501528      523297      546478      493631      504312      542408      506784      568825      592398      493756      526843      505531      514376      506195      502753      495030      483406      503313      542897      529950      554353      491924      526955      510267      514598      512469      541100      552158      501628      529792      518222      515441      546931      539256      508662      518107      544518      528049      509508      509447      499644      526294      511562      524801      532347      501772      525449      515660      530189      538001      511675      537538      552206      515932      528324      550121      554099      530534      570836      520229      495409      542321      492026      526828      484755      499315      481517      499321      556417      555681      508295      506718      518413      518975      530650      561142      496629      539635      518396      516550      528724      543005      457485      570126      516666      492582      542848      526500      513825      557526      554931      487644      485791      515324      521504      492472      523474      503161      520456      571908      520269      552102      526449      536484      541563      515371      573618      528630      511581      494845      544360      489549      507602      558416      508064      534815      509079      564648      526551      526043      533343      495340      548249      540582
      506222      474423      456895      484210      513128      515338      496434      487681      462561      488947      466583      488060      543448      491524      501286      526057      480830      428659      520230      492524      503661      493347      471581      463526      511172      508882      490928      473533      452309      515167      484556      507517      496495      509564      482828      502764      474132      488985      510417      501676      473564      512314      479765      498622      474522      493078      508351      504791      477545      491468      471139      533790      478051      508681      520398      498505      501972      459807      472040      523849      522664      482037      510691      458624      522108      487081      501562      503014      500180      486149      485086      516905      450546      489830      477929      493388      461114      487986      495403      488443      493036      542621      475767      522586      564590      463297      483423      478369      491247      482929      482016      471224      471842      483244      499865      503216      515709      482481      487718      463741      515439      478243      508572      510621      458304      498541      495550      486628      533841      500484      471736      464579      509967      489028      508609      489335      487732      488081      486448      477350      496293      489105      526667      470009      537477      536414      500589      487730      505822      500568      530097      525639      491873      514274      528445      488837      492347      504897      471546      489718      472598      502899      461538      486079      526867      533323      463684      471983      490883      474986      495062      521341      444098      504238      503992      485214      472394      518208      458085      529871      516237      507561      500695      503721      475399      513344      507346      440804      467368      488168      484108      452563      519015      483185      519238      522921      467224      531578      502695      522322      515545      506822      516187      476032      488745      499557      494397      457264      488016      516023      452493      498599      470258      524096      530507      508381      511271      481275      525509      498832
      496260      476114      454774      493088      523832      522676      478641      496655      490252      516443      458513      509992      528956      507144      499879      519512      517982      481891      524449      450936      524448      504279      497901      473926      529081      506545      505766      492808      471798      525899      488182      496271      514306      525407      467176      500958      476864      492239      478207      513970      487088      524521      471868      498850      520126      479505      510653      477329      499643      468742      465889      545846      513820      505912      536126      501216      510613      464608      474610      518567      543523      472085      516620      471399      526351      508897      484091      516899      538435      493800      478074      521421      466299      510156      498973      503927      499323      491272      528139      474754      498560      517041      482746      526318      560198      469026      494018      486648      517153      484265      472112      479059      485066      528564      500259      505618      507698      482442      504524      487065      535996      488161      528372      510673      470188      517865      493062      476617      550660      502734      491160      494613      528223      486729      508934      471969      497822      502128      494861      499523      512714      486908      546214      486010      535632      508492      485197      492003      501391      524009      494978      532845      506515      527862      545802      529506      485374      509901      467407      505411      482630      520105      469037      487929      533682      536720      463243      489435      502691      488180      524524      550109      490775      527467      498256      510300      492541      509134      467341      518152      503840      494695      514850      528504      485389      506290      506925      459193      464053      484749      520097      480735      514568      508100      522444      540892      469115      537166      508656      531999      504515      486727      519463      504689      479745      496763      520995      458665      488785      538753      489539      484947      499972      524671      532518      508402      526499      502206      533584      520445
      520814      500252      463658      519739      522757      549924      506119      503855      502481      516559      487512      535426      532208      537348      516707      527005      525589      495261      539104      480946      556607      498573      509214      502406      549509      538951      514816      512177      490197      541639      510844      557319      533381      517486      504727      534946      504562      508367      532216      508154      502644      535769      494461      521731      516682      524086      504887      513778      506577      495396      477226      575381      526448      518927      532968      514458      538808      478942      480454      522253      554449      478991      554524      491736      528561      511677      484332      519632      550404      506758      493630      518099      482238      529426      493514      505591      498346      514049      527296      482661      508877      569741      522003      530591      587269      496908      512457      512717      528341      515789      510501      496491      482051      528995      531784      526994      546944      488933      528490      497535      532661      481673      541204      568296      470565      519800      506816      505290      531416      512461      522395      519606      546771      535077      514796      502200      527981      525198      520692      545074      569849      483641      553087      519982      539661      540604      509135      508879      540611      549192      517319      560957      521494      520102      570287      528455      536007      551256      491868      520748      513977      521832      467679      505283      539688      564130      487476      536250      483995      503008      556366      580580      489175      528424      538504      519587      501750      505692      492943      555678      529233      507568      552972      530833      497938      557729      526130      492993      493902      494477      531450      492826      522308      519134      535415      555500      474490      548274      511448      541530      520366      508657      553122      517728      524792      505078      526920      478120      512953      560423      512432      508579      500906      552979      547324      522651      555754      485855      552449      511559
      520295      508156      494490      520770      547941      572730      498745      545138      515548      531656      491923      537712      562113      529283      533318      548491      523451      473102      569422      490394      545729      522148      506632      516576      567882      565392      506289      525519      484550      551208      546639      520047      527046      533936      501314      516490      507243      533401      510864      549672      514084      539356      513186      536588      535203      517832      518489      531035      529023      527945      501564      573126      542196      513911      546468      523217      554496      504031      480130      544290      557697      484423      531527      500012      554750      529025      508037      532451      571994      516436      518835      552749      489592      544161      515328      526035      510130      528088      538581      506039      527050      562041      531236      541120      580496      492782      515687      491080      510939      499051      492570      505649      502183      519870      535295      532862      552875      517456      537019      505124      561441      531967      543648      544043      476485      532092      519734      512066      568924      564532      507459      524703      558035      519914      521028      520465      536631      503529      523425      521542      560274      507403      563873      506028      553608      540928      527105      546968      545593      537507      540363      548215      546392      544347      566873      525390      518625      546454      500235      533683      506826      508901      478178      509767      548766      553289      507992      501017      523274      514196      547840      602440      497978      534493      516267      520786      519709      527942      476235      562479      562561      540136      535433      538697      516931      554976      554230      469417      492858      517544      507541      495518      551798      518908      546812      564243      509948      541941      541065      588656      534487      534515      552886      518325      508013      528429      544314      481375      510826      562271      509004      534307      519507      560468      536277      542997      524662      525674      562778      550380
      517592      508404      473938      522608      550629      565172      487918      531975      487909      522551      480923      534903      523614      519264      509553      541387      520488      483226      545393      494656      545572      506529      517795      509834      566453      537694      527274      535231      457352      540335      519773      540091      535183      530293      494739      536246      498658      538088      502561      519036      521219      534474      486819      546323      525736      521753      509273      495602      511217      512313      516857      545505      522499      531346      528687      532132      538515      488964      510753      529454      547300      479301      541698      495329      543430      556192      498916      522711      542835      557503      510142      531408      507598      555459      501534      499769      490196      505546      532257      472866      516530      555462      516090      527212      573730      504193      518844      504391      542129      500968      479555      514666      521855      538064      514585      540191      534636      504725      536228      482745      539552      509095      544928      540281      486548      511867      504409      521550      563472      521485      523319      477083      533581      501688      506107      527739      527968      489136      541280      518292      566195      487481      533860      530369      518074      524996      514556      502493      556120      518580      537135      534867      540680      542740      567734      520929      507521      508789      481966      515401      511276      523389      472430      508550      552934      574025      491888      494777      517352      507230      538406      559579      486651      514827      533897      512103      512968      525917      454028      561802      556674      528908      535906      523727      474039      536828      557676      487061      477398      527434      522734      510877      555362      507194      542335      549308      511436      537997      518067      547942      537375      519594      530572      515353      490375      529758      540821      485558      516076      524042      499646      531537      528809      553473      542737      517240      535174      508817      527099      535697
      522754      511354      485969      501322      540248      530907      497207      513711      501524      531596      488245      528467      549474      526666      525076      538008      497550      466707      551144      494890      557424      518665      504000      491850      541666      506195      514273      504900      478668      541854      512991      538246      505184      520772      489799      504964      517652      507219      521026      533570      509688      537091      498920      529569      524870      501322      503278      513632      487751      503022      486313      557390      519280      540471      527551      515593      526391      483774      486143      523623      529775      473633      545377      520634      520414      541370      510966      541045      557838      536525      505138      529552      498452      535447      520158      530028      501705      528981      534552      505055      477340      538029      527085      535574      580387      485097      511622      499072      526428      512934      495366      497314      498605      528491      507571      510958      546197      488349      531171      501506      537540      510019      550459      566636      469215      519307      509663      506341      565418      529316      506768      477940      540376      509846      516395      498508      516515      510479      494758      516468      537939      494772      554593      507448      529500      541490      507967      527570      530300      510545      523524      536655      546916      541933      564691      524401      497185      515892      498699      505815      501507      518533      491376      490301      555446      571010      474395      511752      513298      514800      545024      565438      481007      532546      520964      522273      518489      507866      495587      543950      531746      511261      524987      532199      521965      562992      539068      488672      492828      493559      518491      495084      551865      526143      555222      555629      511456      542272      528468      542992      530639      522062      526144      529807      520366      514176      531322      487711      509242      556652      505840      530684      498279      540695      546470      537179      532423      507514      554209      522416
      520044      501625      474846      515961      514550      539490      494779      507482      497949      533884      490184      516392      528345      501514      520586      550605      533153      473376      542148      487191      543893      517894      501532      489779      559760      540261      536099      506875      484377      520965      514421      527703      517752      539442      496058      504543      512812      502011      503919      531890      503705      525199      508552      510999      523223      513763      520804      514726      508990      511732      477758      546220      515475      544557      518104      526579      538937      476800      508754      528232      570919      500111      552672      504758      530789      534114      490971      523262      535747      539957      496567      547897      477589      541845      512329      517262      479712      524232      522267      501064      530239      552925      504885      547155      585786      511447      495617      527823      533203      503783      468721      487277      503776      532654      520252      512405      531062      486068      517205      484450      535067      495705      541548      546404      501742      513463      528675      519514      544544      525625      524212      490667      546004      504291      522603      487914      531988      521820      548686      494822      562346      484934      528108      494655      522350      529839      509099      500217      510518      520830      531982      528634      516381      537932      553759      514704      512821      519168      489518      520669      510870      527047      473001      488790      552477      582144      487417      531821      508057      496121      524692      563103      469432      533973      539102      526449      521139      519940      472160      562887      516449      526211      539896      528584      511828      529942      527628      494316      472215      505257      522527      473808      530482      512937      553410      540188      511931      549444      513445      559765      517808      521923      527327      514587      520465      526180      549690      497876      500389      543944      511296      537891      490182      552717      529332      541145      522765      525927      551217      524567
      531510      510000      486148      525638      540085      558317      506687      517093      495795      525531      477539      522978      535341      524701      512853      551777      517918      478081      547762      501580      524430      517601      506819      512912      584085      533210      523953      496354      488149      522006      508827      520994      519059      515062      496152      536295      487054      526398      525778      526504      517202      531858      493059      543719      540750      510188      515827      527228      511661      519908      488461      551390      511047      517994      552217      543052      551747      469114      508751      520266      565980      479545      540910      496101      551298      528476      517670      541663      526162      527135      505236      532669      504881      558327      507059      518750      473697      521191      518679      478588      488187      548588      511646      546068      587134      513993      512340      489014      528781      496402      477288      484049      504210      535508      518713      511993      508650      497098      513794      499046      521701      480720      553368      555429      489874      529561      510297      499161      514765      510920      507160      509164      542357      507627      537330      505626      516033      487111      517489      497386      552376      492943      536798      510028      528871      538503      506980      506416      508412      549080      506324      544670      522468      525895      563933      509431      506176      542240      474334      546347      533397      529744      468944      494088      549716      573144      497633      494528      532760      504284      550452      581906      496218      525099      539324      494303      493740      526037      473482      554997      525933      518903      529028      534411      476373      533753      534351      491773      457386      536609      513466      489754      511094      513185      527760      562170      497554      564744      515292      557736      553599      516985      539365      528423      491844      512499      526768      487902      506599      564037      512331      543676      498053      566279      524560      539195      537650      492685      555964      553686
      497270      483156      450069      489109      508438      525925      488740      493776      478560      493435      468701      492669      527014      505192      500052      532993      482606      447410      524693      460601      510641      486669      474545      480828      545238      483618      481197      490290      466636      504929      489222      491444      499052      500877      475720      490687      459535      487473      483988      509319      474973      510688      491385      495464      495453      468484      482471      500335      487759      491186      464898      527842      493421      497423      501435      495878      502194      448004      468587      503469      504999      478874      511434      477772      505658      519965      480731      511431      524009      510896      498868      532054      468790      501027      482768      509478      464749      485770      513786      490895      483938      545210      490773      510130      565047      473290      501761      441365      480907      495387      472995      480051      481186      497712      504041      508062      521933      478459      489636      473006      498298      502401      508809      546211      463662      506664      491851      475522      523731      476265      487356      485182      539827      473981      506208      495801      515429      485574      492864      522676      525924      446146      535882      492347      527555      508899      487674      504135      499804      507156      496543      523127      504462      512587      515667      493995      482941      516075      471699      497211      460339      488330      462126      466826      537733      553897      457062      476878      478642      489721      502622      533758      466939      528089      498454      492022      481494      495651      469315      500578      509182      511237      484603      505949      460480      526307      532750      456915      459323      482256      483591      450946      510483      484135      500683      554084      473448      512171      490474      524642      472851      505066      521816      500010      497316      492415      503409      473231      476017      536966      471183      503351      486616      540551      514168      503475      523612      473942      527161      527852
      507860      489404      473302      494977      490247      514053      480502      496770      487368      496706      469951      490453      523216      495691      505444      528942      494885      459853      527788      490629      531817      491214      475089      484972      523115      512665      492804      501930      448438      513195      502362      522870      510612      486329      474835      509651      491601      497244      505103      510194      501067      526429      478406      501573      510535      491566      489851      504930      490438      489213      456728      542302      499701      503892      494805      515445      525316      488619      480405      508229      533371      493238      535875      478672      537313      486904      491055      519799      510330      493398      501288      505000      482355      530143      498752      506926      468330      500717      494762      479262      484713      535384      502488      503941      550219      484966      486927      498538      515500      474628      470915      484309      481770      501987      497388      501610      538814      482175      500195      483856      487765      488969      528283      515923      461650      500280      487717      476627      534392      524397      499922      478868      504262      504315      485600      485379      504219      482532      481860      483093      540468      468895      518354      481301      520897      505590      489761      508919      530707      519765      493705      529354      507326      500131      535850      518372      501124      502125      466009      519491      485116      505870      485439      500138      508607      545037      479723      500041      487407      480518      511962      552144      435039      525157      506070      498890      470538      494562      475226      543293      517461      518502      488832      502648      477688      515392      497917      476627      486822      490385      487145      487407      500087      524373      516719      534106      476976      522573      481208      530822      508726      512115      535208      503139      500011      483505      509907      467176      491209      549675      488697      516995      489405      537671      536163      518627      533433      494314      537197      529566
      519673      504071      482137      493271      514326      536132      495601      515588      488550      499493      463662      512549      547848      536161      491138      518906      493582      449541      526783      491021      519382      485430      510590      487486      533077      512530      484250      494377      466984      519270      485712      499926      501880      509528      500289      506769      477831      498609      502761      502795      496159      539892      481517      527249      514106      493338      518602      498190      504566      495628      480333      548153      494329      516491      537097      506681      515207      485236      492221      526962      551780      465046      528818      478594      539946      499250      501781      536199      504547      520944      495656      505281      489642      532189      494016      501140      477236      506453      518371      496767      495442      527076      514703      531506      559868      482870      524230      476288      525079      494642      476713      479501      479785      485880      508132      506320      526219      492458      522331      490830      515898      479052      557229      513110      466613      496537      507240      493170      538304      506503      498565      476799      527702      493003      505759      483015      538733      488008      508838      475025      525725      477922      537110      495490      507006      535535      490552      511516      532140      512597      529290      564463      544976      513070      561957      519027      499858      540122      483164      504029      477137      491821      469821      484983      523493      544127      489411      471185      499563      501161      533386      547986      483854      521798      514189      493503      498865      495223      466525      534417      505737      525600      507382      513061      503251      534700      517131      493584      474164      494922      490093      483828      505055      494910      540056      549100      482825      520434      496050      525525      511610      493573      524226      522833      493780      482700      510324      476149      488699      531395      481772      502326      496527      557172      517412      518049      528131      484412      535264      532001
      505865      472896      464830      494088      514244      529035      488314      511604      486310      499760      485584      479077      553916      503602      498601      496989      516404      439559      510430      461027      511997      475968      469889      496198      515104      523565      494812      485918      432426      512086      508399      511092      506467      489313      488036      494499      500322      503675      482582      513844      498842      524308      474268      486189      501169      494926      477345      509641      474215      489853      455919      529850      482769      502163      501955      499709      502104      477805      480906      515530      535233      470982      499928      481652      497589      520549      488859      506737      497403      481668      470323      506931      478548      513984      493075      496899      479323      495584      509687      465985      506586      537678      487663      505238      561021      486837      498279      482761      524019      496717      469984      498974      491470      472026      506470      487461      522191      466901      509985      464199      494964      467185      500497      522493      461192      485948      492769      496274      532496      508390      486846      457296      527806      468969      512866      491476      505426      481805      510101      494721      543537      478207      515474      464155      497921      509731      501435      503602      518422      517574      496741      500825      535084      520718      540256      519434      488126      495326      499766      477086      485683      489252      468640      469249      513105      545596      489388      480614      496387      499586      522664      533366      461817      531641      495295      503427      482114      503994      457096      523438      491157      520471      494254      501140      463016      502538      507459      456955      474760      472038      472457      467628      506436      497002      520800      540120      494812      517060      510073      524472      500458      487711      498253      480038      513168      507501      484011      439295      502623      529012      473641      506361      494127      533650      510961      511965      490449      507694      513682      509436
      483020      469213      433924      479735      498465      520833      477497      477680      457344      500251      431691      496283      513176      510208      482248      477263      473261      447003      501507      462730      485160      460940      479477      456446      525038      487025      472772      483290      439984      486648      470665      501112      475275      485760      463967      505480      468958      481722      465494      485338      462025      504588      458205      489123      474145      470096      461961      490912      469331      458256      466832      516134      463633      462279      491314      473105      492239      452469      440740      476781      493211      434063      493141      440738      520713      482643      456568      474755      494921      473707      491883      471358      459474      495844      469937      484039      439826      472907      486953      431337      462719      517710      448511      466775      514198      438220      469138      464088      488069      464822      451371      464679      458610      483906      482870      496272      497772      467118      488524      444625      480377      477689      508178      471613      434644      476186      477429      468553      510135      491328      464943      450683      479635      478387      466308      464363      483486      444354      485758      456684      520965      457470      484167      471278      502735      494876      470040      466115      493641      496770      487280      503273      488253      492787      516709      475864      470653      503534      438311      483021      463672      482059      418663      464252      501090      500701      466636      466331      490922      456499      500281      510502      438894      480165      501866      480672      450486      481007      420716      506987      474541      501594      475857      484220      460544      516031      486678      446320      457173      463542      465467      453580      479930      504337      517606      517881      465849      489240      482241      523231      488931      469854      500312      475430      467758      456493      492183      434398      470022      502328      471141      481646      471451      518710      511964      497491      482968      443786      520422      495936
      546220      484682      478058      533357      544847      574886      520914      537461      502454      535813      506320      531570      577614      517919      528435      536738      502420      499619      567813      486802      548183      510590      534224      509185      555002      560273      536911      515827      474289      548734      531591      540686      519122      520651      506899      535823      501617      528664      513292      563079      515233      564334      499698      535405      513710      503528      525532      523923      532838      512570      508922      556056      524220      522426      547633      533310      555483      500416      501956      543681      573932      485853      551106      499756      556050      541651      516992      552387      565070      524635      504532      529253      493165      527919      511357      541225      493001      524792      524801      491066      512971      558921      488978      545797      592694      510746      506138      524538      542226      482507      496639      505518      506264      533326      501717      529094      544329      519721      542897      498460      526846      492988      555947      556540      467199      533845      517032      541310      556420      542355      499041      510427      557999      511921      523038      535846      532441      506215      514183      525089      561015      481134      536031      507845      544601      556527      512116      510894      536407      559062      542622      551257      526850      565092      573071      541894      529779      551262      494045      517711      503846      515890      479624      512918      550110      562105      453765      501581      508299      506598      567701      572346      490374      545339      535899      519542      541765      546907      475431      548725      535657      522521      528077      533608      519686      549744      521879      505808      503237      496689      523324      508517      544267      534462      555491      568371      503677      551249      543129      551166      555190      490232      551080      519029      511335      530761      521705      493052      501833      562686      510943      538820      500884      557507      521179      522056      538967      513192      561019      517418
      521188      521320      461635      499458      517361      542640      502915      521016      503420      532007      477687      526666      562892      530373      521055      534272      521681      466154      560746      495469      535768      507968      506746      491420      556924      532946      523762      496532      496020      536218      518350      529192      542164      544730      499080      515942      492961      506084      520472      531785      512922      539698      489213      514313      510852      521176      524754      529177      502350      508253      486481      547164      523611      541439      537537      526777      534339      487030      488240      513309      540543      488179      529029      506611      524861      522333      505331      523447      556255      535532      506001      538749      498487      523909      511368      529446      482701      524643      543158      514756      512356      564584      534184      526679      602322      490189      513065      521879      523421      518816      491612      504732      505515      517725      514686      502293      539672      526363      518328      477518      529532      520589      553532      543776      483043      524396      512587      520333      566518      524586      515659      489753      558642      493524      519186      513506      544576      499783      531243      518212      557301      488739      561486      515514      546519      533130      529801      516714      531869      496972      521469      536932      533948      532348      552246      519669      521416      529312      505044      524346      510372      533978      489946      491074      571878      570284      468296      514091      516162      512150      523279      573752      483258      542786      517053      516497      522931      509516      483846      527143      532953      544694      529220      537662      500501      538283      542490      477590      474853      498525      505368      472574      535690      517660      545466      564077      528880      542121      510371      567531      533336      540402      549744      534096      515630      509889      537638      501601      501025      555220      519201      535241      510903      558382      558673      530506      557154      504069      540434      541504
      511793      477377      516438      499456      529660      559721      504703      506388      485210      505407      479648      505146      538889      502667      506815      514971      492697      447925      513284      474760      535732      489127      491534      470513      528518      517477      486543      484746      459434      508434      524254      513749      507585      515564      471802      494903      494737      493990      503106      495607      485639      513529      492765      507550      527804      473967      507304      490699      505641      489635      492523      548279      497583      494345      524122      509206      531016      490097      465813      510028      538968      477443      522620      478980      509120      522448      488644      493277      532537      513162      501169      526868      482120      518452      491771      510474      482507      495747      512654      500297      512001      534624      491322      542670      557936      493564      518082      493505      502545      478854      466266      500374      459120      519097      524805      488266      519673      485655      498842      483124      518374      484589      517142      541184      454694      511658      519838      516474      567449      490038      515270      494307      534389      462475      481033      478648      506956      483345      518773      493735      536526      456284      513456      492765      502089      525009      477596      502836      506348      508481      510828      505124      531893      532384      536358      483327      489211      534538      477356      511830      511411      495496      467779      465282      540284      546443      475598      485930      496635      487360      522848      548676      478019      526872      513483      487256      483771      508552      457352      537584      524207      514153      519456      498927      482832      529751      517917      463175      461920      510597      507058      459497      551870      501764      532211      550011      524671      524346      518429      533024      502135      500814      530104      494030      497271      497559      488390      497023      518764      520096      492317      501606      494945      542077      497974      517370      522750      491305      517262      513485
      515560      503573      464173      499793      520069      546003      484242      519635      498627      509798      495003      521153      559007      522798      511263      520365      490164      481097      542727      473120      531758      480945      509067      484238      568307      517078      499145      495153      462136      531981      504144      517103      538686      517133      478407      512652      470246      488658      505882      494330      486709      523632      487487      523343      512581      497426      510223      494453      517393      511609      481551      551140      518662      511361      528181      504094      559889      487349      499305      523884      529617      457200      514549      489512      535203      501645      484339      540915      510752      486521      504259      535521      471444      527159      469533      522931      458491      546255      528782      494884      511935      536039      516078      539475      568443      466508      507681      508032      527047      500340      489701      506686      490484      506177      508400      487231      518176      499451      519322      498026      499890      477259      562687      525746      462757      526100      508410      506972      564839      517478      484439      521471      520192      495361      503250      510925      532834      496133      500591      507128      541087      503622      520134      479735      546958      517877      545822      505766      507033      524980      506106      534758      516308      538866      567022      499636      504186      512829      491276      508841      490065      515551      458070      486533      510285      563276      486172      484654      497689      495435      520522      540016      497237      527291      529641      517732      506680      491018      451168      532611      494015      490627      538975      519647      489642      525179      526895      465871      461893      499328      511692      463821      529633      500474      538898      540717      493883      533946      514828      525422      523245      504709      544325      508750      484567      492736      499766      472549      510533      540843      489579      531433      508792      580214      531439      539674      522394      499748      540315      522464
      525411      516585      478924      501866      548277      536810      519313      501812      488215      502962      473706      505228      543653      538709      507604      532827      520093      475059      534734      515631      542492      495377      494139      491815      543347      545450      513118      508099      474590      544517      517135      542799      504437      494232      509588      508433      475813      498311      524938      513346      522237      546867      494320      512533      510885      507765      510967      512355      518193      532911      476081      548591      514908      531623      534210      512660      536154      482167      484316      544088      558300      495780      557860      481233      544003      539300      518591      522765      514103      522891      512946      525213      497512      537482      505158      510531      480662      537732      511379      501391      503488      533979      501869      559008      583581      482818      536615      490361      524492      505185      481691      500849      481164      498712      511897      493542      538252      496825      517337      481090      533296      477953      552515      559347      482251      519621      520448      511026      555648      524218      512877      484795      525031      495880      508240      506554      533668      496716      493676      489059      518097      487908      550922      504042      529289      548968      492723      520747      514744      510992      546267      563913      551153      542407      577945      546581      523976      525522      498212      521722      505444      516141      510069      495956      540379      566389      476756      480024      533713      509878      523658      562475      468824      545401      511631      516144      509418      512800      507305      548623      511388      529560      521570      548788      475700      532550      525936      489845      498917      496812      505977      498522      511176      516615      534718      561957      513900      526458      510904      533094      539648      510959      532890      546063      498333      500628      513037      484304      505841      539300      486287      523581      504527      543008      525096      529662      529902      516432      544889      538886
      515661      492832      474774      524731      534799      547916      503591      525328      486938      509339      485105      529883      558860      531820      511991      556965      489829      479755      543346      476390      537678      490155      511414      489969      533396      545793      517690      515425      463833      533367      532618      544256      540743      503971      500016      531725      499451      521000      515593      512447      509481      537287      500526      521003      524013      513657      514485      502416      509057      521576      516204      552009      543712      534334      511883      514019      533161      496561      468037      507489      554548      493844      552424      493095      546587      529812      505926      548259      543121      509523      515718      543700      485757      541618      512711      484930      494669      510873      534979      473992      502093      528914      527043      545545      581148      499360      513612      510325      523043      506376      500033      498559      499578      526536      512402      511512      535505      503003      492548      499647      522522      492831      560634      550665      443449      527457      494680      493940      554071      514938      523570      493585      532457      491143      501089      515039      531451      500466      501939      530648      555930      486312      525448      492446      538437      527223      516121      494338      518068      552526      522469      553635      527763      531820      555580      501061      505951      530982      495430      509072      493911      509523      481282      474590      523555      553187      483849      490127      505835      513142      536509      560374      463910      518847      522063      512990      511011      511769      481445      552704      504752      505867      522393      522472      503030      547277      533319      467379      461406      502070      511118      493512      543269      529220      538551      553805      484666      540691      522518      532255      508245      504158      539518      516644      488266      496965      516023      469155      501173      551089      490664      515357      517080      561683      538797      533557      542598      509545      549694      537800
      503695      500577      451401      491798      546541      548181      507396      505881      494995      516152      476035      528549      545318      523639      522411      532937      501522      455591      537655      483030      531656      507068      483505      490627      551605      501470      487673      509519      472958      518987      502531      532025      504143      502201      486766      558776      504887      518424      503088      527021      490813      530514      496305      510737      529359      514178      501490      500822      488965      500532      481788      548008      510247      483993      531008      509572      509000      482405      497496      513333      557759      474078      518219      467798      518061      511328      488358      509218      530002      505620      492487      514561      500180      521538      495067      489839      477154      509713      496200      447765      490530      534243      490133      494195      568886      486834      494200      486881      518648      502850      494112      495289      490703      531811      513243      504311      512836      483375      520933      471061      532142      485717      524656      544258      472337      517554      483071      510921      540565      523369      492744      472299      537396      520524      511903      495215      514698      492717      516060      497154      526036      486079      538159      496892      539592      507761      506265      488299      522450      523466      524697      523615      506007      519871      541729      507325      499744      504557      462931      510139      501948      525167      478148      505334      537444      560509      481911      484371      515783      494569      560930      566208      494454      527995      517055      498210      490950      512156      480689      552778      507569      517159      505853      517801      501605      544724      517217      495330      473313      493249      507690      487448      510288      533093      536850      528111      504499      540151      525496      550505      545864      479480      517847      517523      478246      522187      513950      480280      505546      538898      476103      487100      493876      554178      531446      514011      530713      490554      546937      529653
      526177      540206      494070      544185      532239      564924      508946      518283      518993      532111      521513      532922      554650      530106      539549      566754      557532      498931      564791      500034      557963      524915      529525      512426      578609      555041      526484      538375      502949      571512      551222      553796      561010      547128      523652      541866      505044      553568      554075      554754      525434      554828      529233      557061      550151      520813      537732      527004      520877      529559      512331      568015      540791      551558      552838      537296      566991      498567      519000      530513      568570      489566      560127      511477      561680      555892      518399      547406      553439      548963      528857      561339      501818      566720      515852      556945      525203      552939      551461      530249      526713      574166      532217      577317      594604      524831      510023      525423      548979      502186      497753      511970      507133      542489      535898      533866      554187      525902      544125      517222      548308      544886      589933      558208      507484      540983      519761      514254      579771      556108      529100      530919      552349      512971      529082      541791      544183      518861      532961      525789      567347      521281      572150      511229      560446      538725      536804      538067      554871      557731      553909      557345      534219      554328      563445      550761      530949      559490      511144      534930      507435      526887      487901      525713      561145      587927      505835      521926      516579      503832      558651      575591      534510      549626      540478      532751      553512      520303      473914      576803      538499      527389      551534      539967      521929      562592      560260      501653      495565      523997      524998      522108      546034      522159      554523      564289      529403      582682      551919      573472      530186      536886      591441      530424      520623      538848      554798      500943      533332      568416      543305      546365      547955      563399      547899      541694      541886      527400      566093      558050
      553697      505892      496760      529513      546722      594129      523402      511178      490558      527718      508799      535264      551149      540982      550796      537949      537289      490735      557499      501501      560710      508694      497135      512933      563859      528636      523798      506239      499074      539775      539364      564804      522569      530488      510362      532127      505868      555757      531016      547532      507901      550282      529835      537146      547955      530562      524215      525874      525854      513657      487145      566699      540375      543741      555300      536475      549483      509438      501432      553522      567848      513650      555972      513708      548250      549624      520012      550164      564831      555674      519986      542171      506523      537160      536525      540381      499011      531950      547946      502219      526941      570098      511874      536075      597365      528903      545440      522092      534005      536529      525965      509760      500903      542440      545801      522490      547116      512690      532009      511941      558093      498963      553761      554364      505343      521424      524020      529258      558736      524690      519736      512896      551534      533499      522647      522431      536853      525104      550697      534224      563272      519506      552801      538998      543110      538360      528391      522891      548311      553043      540805      553397      547034      558163      562790      532432      516839      565122      511803      520242      529371      525103      506376      532799      567359      584319      485584      547066      537990      539554      551022      578261      510522      537083      552506      532726      536418      522714      489919      586962      537671      533428      541260      549260      494866      579765      544599      484615      501012      504705      533109      510891      544310      543800      549866      583917      524603      563607      555494      562104      532358      513268      574812      525815      517556      545158      548746      517317      541201      577547      513218      552576      524540      547423      558368      569891      541114      505160      551671      570013
      526543      521741      474181      519650      567539      548576      519228      520753      497526      537750      508435      560519      544105      539061      520789      541483      521226      493515      570745      496512      548639      532577      499152      511977      574482      558581      507076      544401      491369      558926      524522      558331      538456      534549      502487      540588      511064      534906      541293      537182      549339      548401      509520      532163      527875      542558      520380      537665      517677      512550      495862      562116      543389      541170      551545      541791      553913      491754      506372      532282      561132      519124      580874      481506      560459      551103      521196      548242      541884      529002      534040      558100      496939      553686      520419      530845      503541      539612      537699      494698      519905      535318      510797      542571      576755      481215      528899      512523      514517      526926      498333      502728      500617      529341      535095      547713      557511      494418      517640      498483      522925      518406      571542      545902      483719      531432      504712      494421      573521      554866      528056      492883      540942      537362      533116      516373      549776      521680      502991      528411      552963      501217      566038      507143      567034      556737      512182      541476      538019      532671      568930      581629      553217      553789      569347      549923      517680      562477      499625      519616      526698      522649      505951      526096      561140      574948      501053      516347      522388      514545      558226      577920      474631      555714      540839      533860      524937      542746      505802      558308      543443      528016      517402      530714      516286      539903      570475      512536      490781      512065      534332      511243      512436      524527      541205      547372      506598      561872      543964      586041      548488      529692      576295      522342      515389      530280      542005      472021      519524      547374      480878      543630      528539      548152      538476      519077      558915      521195      591580      570786
      512123      479175      462628      490284      520160      489534      474735      502281      477668      513827      475848      511233      525019      506615      491426      520043      477126      458237      527553      470706      509541      496262      483331      492351      539117      511258      478362      519323      466641      510375      489209      509818      518587      515548      479956      501571      469944      481253      501650      507268      493442      512699      482899      493448      507706      504428      515538      503571      495784      484427      465241      546447      524842      489945      517167      499708      532482      470457      477821      520889      530639      466699      511216      483532      528510      507180      473092      523962      514760      481772      484952      518013      482112      520962      483614      499645      468311      497326      508546      472085      473509      535812      512748      539418      553883      475095      513542      485274      498330      502555      473738      474493      485358      493714      496177      519716      500590      495059      517585      492998      516797      465700      549488      534177      480025      517391      497351      472195      522247      499311      487789      492737      525326      493406      475286      484990      509100      491591      491568      499739      527814      487417      532119      493249      538462      503853      504364      501183      509651      518028      506878      550534      504746      512803      544558      515961      474306      512948      479913      507711      479787      474902      468026      468252      519951      546135      475832      485914      472330      478165      496854      533101      489186      515830      494385      513860      495132      498424      482251      517133      516317      480386      504153      506654      466931      545453      502330      473357      459060      497775      504123      485288      481694      503611      518793      537580      475532      524755      485857      521468      512219      488981      550891      503540      469914      488424      512935      472445      488871      538453      484700      518524      497015      554239      510932      520834      531548      472910      522824      517638
      513277      523203      494127      512028      560764      542864      518498      512322      500773      547217      490717      520545      580653      515747      518919      528319      523326      494404      555997      495772      542462      509269      499353      490401      533673      525591      523102      517026      478656      556865      525088      554461      535065      556064      521196      548672      510692      544100      493222      508876      502126      549619      497962      535949      532024      525727      514762      552255      504146      496988      484932      589292      535652      521004      538351      537763      546973      473552      490177      553697      543125      506739      547028      488747      557021      520715      525785      541374      526248      500284      498818      533238      497557      536007      506514      535257      489941      518155      532743      488337      514473      572161      507390      511020      608545      485492      503161      503203      516118      539465      487064      513656      509358      548738      545708      548356      542625      511733      536811      488233      538063      499497      547328      549430      460301      543768      509387      519229      551521      514394      505992      513696      546139      510369      542197      498131      507455      534373      534345      544829      540641      483976      527985      524108      549254      556249      502122      510786      552779      549164      508798      563335      535055      544217      586037      557885      511454      523446      508150      508132      513821      520696      486975      521878      549917      579516      497677      500791      519829      496992      542268      566208      480606      530111      541427      519559      528182      539400      497976      569735      546882      494565      517142      558832      483525      553324      556138      490066      506060      490492      503037      513228      537885      555939      556805      562797      511219      549107      537160      571915      535301      503750      543514      514794      520464      539428      543428      488929      514198      560470      492301      516802      511530      563306      557886      526370      542359      494715      566977      522138
      560465      513941      503113      553041      611356      567029      524403      545044      515056      550154      513068      555402      564560      543427      535223      572073      530033      494218      558832      507355      574719      553233      506336      516343      595582      537419      541721      543674      505984      561347      540405      538061      558837      535467      537437      539466      521946      540863      545101      565765      531761      564501      539242      549493      548242      537287      536115      527007      534729      550408      500688      589310      561989      557207      547275      537731      557220      484601      507177      572066      587895      510536      554275      520374      568905      555384      521649      550650      568498      539100      548207      571926      503341      576526      534324      541636      508454      527814      548506      526990      565443      569758      527666      572356      613615      515779      547683      528644      545851      540175      522971      532089      520340      567451      553834      567495      567436      536021      541628      526357      544273      518830      558586      560547      506207      540894      524421      536442      602495      536237      548156      525156      557053      550576      533828      527677      532624      533775      544474      562877      568686      519990      567009      526574      569285      530401      552147      539447      548408      550581      555537      594660      561964      549002      594875      550551      529456      548737      517691      547879      524174      541000      512678      526944      582141      603292      509491      543457      552930      525744      559052      586980      483572      548491      556178      539961      536183      543195      500987      585935      529457      554695      560883      557112      536360      579261      581664      500414      527658      544474      536329      503854      568348      546865      574517      596124      538229      565535      540709      579843      565297      538820      565389      538371      526974      553458      576348      511257      539405      590585      510934      557568      563847      575784      587368      550256      583128      548815      592220      573621
      486852      475538      478014      490116      508084      512427      486297      496697      468702      513417      449405      500367      520959      486246      496686      504448      483241      440562      502137      447130      497104      474778      453946      459613      519170      503987      504863      469016      448006      505071      501342      487063      485495      498327      459827      481486      481077      479738      475013      476800      484352      513233      506131      482350      508705      471607      491522      495392      489913      508403      481113      540620      491252      495687      462287      470494      510329      463292      448252      492107      514164      481259      517270      481361      506425      502275      489782      488684      504151      484040      467797      496766      466390      513214      518122      475221      467090      499244      497068      474699      501723      516669      479336      503480      549483      464730      480768      482985      497747      484408      457542      449945      439413      484330      495082      486517      529703      468701      487166      472398      497048      492253      524862      501709      451528      506476      474373      498020      515068      492014      493375      437075      529658      461386      486050      469569      499595      487382      513365      482803      509047      442278      500161      465135      510157      513989      498747      476926      503568      497249      494434      519129      506625      507984      517457      512039      478417      505843      467714      493867      457329      487657      461229      497251      509637      539378      455792      482720      473559      479442      502767      544810      443008      503048      509000      500935      463839      486647      456399      524155      505273      500377      499158      512938      453412      523186      499627      448301      458251      471898      490549      476881      502456      509544      511228      534928      495752      509260      493484      521640      487470      487012      528293      513914      493962      475552      493238      459263      482390      505398      457916      511055      511017      513833      514966      521037      517749      485323      526757      474794
      478826      468471      471560      487620      517919      518186      479459      490126      474868      501573      458565      504031      531537      498084      503537      505839      499317      455046      511768      489612      522391      496052      466240      489514      515374      507242      496475      487131      462440      519165      505691      526446      511353      524321      473528      498536      482419      498387      487580      510359      477693      506766      482808      493560      503220      478469      493322      504700      483731      497270      468826      534516      513731      506237      499740      507555      518783      466045      480385      529647      513087      487411      528213      492254      533337      489973      487318      504301      516683      498547      486585      508717      480208      511242      492530      474897      480409      506561      502312      481634      482754      526418      495425      493439      562001      477903      486330      479536      493318      504469      469583      473370      457136      509003      494853      503598      519178      485152      484315      476302      495429      469962      524844      541259      457889      487342      471908      485587      527888      499404      483054      476122      534896      489981      487148      474553      493193      496912      499678      509706      531720      467063      517034      497865      512458      512082      502961      491989      506188      504565      480609      507005      497323      486027      513229      507201      485624      512556      461079      497668      480203      500200      461001      490807      532727      542817      490269      504477      496825      469749      517701      559009      472305      486359      496746      486047      478330      489912      468183      547362      502940      496329      498243      511657      483055      533008      512013      469491      478966      480444      481731      474253      497708      511687      508852      543704      472027      521360      503398      545047      505161      475472      522586      501786      487058      483245      532054      455482      506673      539112      476690      501880      473507      544100      522005      521163      527615      469775      530941      507104
      550758      474872      475624      522154      548303      549587      515225      534443      500436      522509      467018      512696      565665      495150      527110      525563      519094      480226      539467      497207      560679      502495      492629      490332      549856      525997      516355      519307      488523      530442      519854      529308      499350      509249      493136      537104      521374      525908      524978      528025      512060      544401      524030      513704      523841      504200      523931      539748      501273      504109      489763      567921      523263      505856      523098      517691      533061      482919      496749      548438      551239      492292      522158      496145      536944      538859      516777      551988      538222      521908      532964      526390      497755      542473      485023      533234      480213      522103      507900      501240      514879      550433      509471      566644      578970      516123      497269      516299      538161      493114      500462      481527      484621      544941      535239      533175      515589      508923      516868      489346      498033      512667      543409      550705      481234      531893      510769      516148      566639      528822      497280      492145      547060      533019      517838      512798      530508      517537      508922      517403      564302      471932      531248      526587      553006      532658      509459      510819      520354      522024      513232      551609      545967      544163      579157      520840      531123      523398      465485      518321      508855      502629      489939      486959      536297      561782      504727      491939      514214      497578      517161      569614      458965      535891      530171      514019      501752      533912      480203      518009      543043      534135      520533      539386      494803      542084      537362      501491      501209      504241      502535      491055      539546      523380      536226      569830      527021      547114      506781      573779      547760      527040      563794      518552      531310      506770      528099      506041      495101      539802      490966      559964      509348      547555      542395      521441      545276      498915      551213      536654
      593036      556152      553949      595723      596581      612612      556525      584054      561204      599193      537809      591611      605741      594682      598982      620126      579478      525683      586759      545247      600228      574689      555074      546730      606173      599239      590349      584039      542173      605210      599559      568550      598184      590203      558849      578813      559169      582682      587340      600221      593385      610596      564302      588793      585657      562123      562737      579408      563313      584738      552956      630007      582087      579533      578442      566634      592722      559964      553741      597118      613611      547717      614904      562895      610099      594394      580014      594611      612896      583114      591395      610447      545136      617955      580625      560954      550221      585167      600842      553699      573417      621319      608065      601221      649536      564821      585469      553328      587511      563147      544854      547677      538503      566457      598500      582181      613898      563846      591452      584179      589738      585457      611123      616867      518560      573978      575358      551861      629173      591479      571912      550542      621177      582339      578031      577563      592309      565055      577610      578801      597601      542502      601224      551372      605877      582333      570929      586712      589050      601658      571080      620876      602821      601317      617840      573161      562264      587922      545448      576827      558874      588299      555927      558778      599745      631957      549602      581349      588291      552270      598083      641280      539864      611579      593429      591438      580139      599016      550112      639018      580178      592326      580147      590469      556392      624916      607663      537386      540235      564156      560774      560866      584228      579896      599703      644297      583309      605774      592246      626345      597676      575217      621326      590378      593445      569809      585331      547832      571392      633738      577956      604606      576951      629183      623592      592357      617034      560350      623545      600744
      513762      480247      474283      480335      550463      519435      479350      494000      453631      514894      455062      494600      523895      503762      492575      524746      479128      469880      541541      479873      524557      477960      485945      491101      555117      507946      479596      496799      457987      518659      512422      495382      499743      505197      499449      506823      464120      494827      496632      507237      483061      526240      491594      485210      519267      502085      494463      499085      499304      487885      473817      546062      502353      506618      517052      492653      510309      479061      478827      548999      554506      463650      512988      465569      519125      523132      491692      526390      509241      490063      480178      538818      463400      483392      506277      506073      466373      499922      498794      484523      483816      541346      486943      510904      554390      471335      510812      479283      499359      478307      474924      480494      510911      505254      497158      508779      519559      501073      515604      473780      527457      497939      510904      544573      456713      511518      481311      506759      553996      492327      482207      450808      525110      488284      516594      473681      486698      490297      482547      518353      526297      474205      523026      512903      531293      540276      498476      485581      513395      532135      521076      550125      504114      525035      541698      531811      473298      496480      468609      514641      513210      512422      467003      476920      541455      541778      487040      478362      491914      502409      524158      539174      454653      507734      496859      489529      511021      523500      478824      533949      525586      502182      492582      528965      492532      538810      510583      470298      467245      514348      479954      482073      524671      495269      524691      509774      484550      523355      509409      514156      518513      500006      504681      511148      481951      526377      523909      479508      492719      547789      474397      513064      481519      534155      534618      518964      528872      502960      537275      547729
      543683      518310      514505      548253      571660      573785      520164      515308      517022      552434      502346      533759      542027      556237      532352      555832      551961      494315      566580      510876      547373      540852      508205      500789      564925      556464      525597      561061      470650      559667      549554      555849      556403      566883      531585      551341      509097      537883      536193      549907      552439      550336      523288      531262      550236      532375      529289      557807      529822      521445      519197      569192      551595      549273      573232      529669      561602      485892      519859      543439      593622      514807      566843      515807      568195      549843      511124      557674      551941      559404      529605      549759      524592      569428      518424      526378      511114      562292      555723      516000      531148      584505      549468      568976      594506      517718      544828      513095      543461      532360      503006      527919      520377      551605      529880      544194      564903      501780      547338      534744      531904      530466      567872      579128      518567      530296      523621      517827      556709      552261      528177      521904      545402      540563      533501      531605      552828      515702      540858      555367      560955      522034      545027      529769      550969      544125      530873      547476      561411      547867      544845      551927      561974      576656      585777      556649      519208      542497      514249      545025      507179      549460      514632      530323      571800      589377      525612      505912      531618      527092      563356      592962      509757      562280      549695      526802      528126      526886      487595      585094      543127      530000      547324      551669      496769      556895      570442      485658      510860      533466      530408      517949      563687      554435      573523      584769      547956      582789      531540      585853      553990      525672      575513      554186      516531      519345      561568      496374      523495      588202      528787      565532      553661      609963      570527      558189      559792      523921      559884      566065
      483738      471541      451965      485294      513285      531586      477071      506702      449939      500908      464139      491036      524758      469959      501494      508688      482229      447473      511201      468613      496943      481262      464313      472784      531998      524877      476058      494020      468981      504507      490264      491276      496126      500076      463406      519492      459773      488504      471234      491916      477790      511678      487620      503764      477207      465653      490245      479347      498623      470730      462815      521704      489657      504762      494825      487691      502593      460434      449411      528478      534297      465984      488581      450408      519387      503726      490763      500983      529869      507151      463023      525785      464629      489902      467565      482697      466988      485127      497261      484531      465220      502084      468416      515767      569941      476870      493493      460948      480797      482806      464309      466226      471158      496181      482973      487223      501048      468927      489770      459449      509302      473334      504885      530522      447339      494020      492919      487769      516372      489108      472742      474005      523961      485089      493554      480375      497499      491941      504394      481284      511450      465371      509573      468594      518443      499072      482535      487110      511262      492255      494609      501915      477259      520135      532280      508432      489815      503497      466000      505633      479908      495819      444326      471438      525077      523130      446427      483131      481899      482062      502183      524365      444585      490729      499081      479691      483638      487228      435860      513613      505525      474062      514337      522666      476554      511316      510213      467225      451214      499018      472204      438104      497598      479043      524016      516460      465111      521084      501418      506181      490779      483802      516111      499070      496875      490461      509520      445274      485167      520354      455573      497296      468946      522894      515977      519655      503001      476995      516075      510713
      504293      501810      478995      504911      528367      534940      503598      487362      499009      499616      474321      515453      526358      512813      511233      551270      490944      479228      548470      488624      521441      501678      492372      503840      538132      546150      500529      509140      456155      532079      507531      533804      523876      521560      506998      527711      495441      503181      510552      519950      493976      534306      500447      525798      538857      505552      514848      516763      521551      489318      480243      547832      523313      496421      523575      511032      511186      477977      485563      526705      543009      492047      539909      483151      532997      511628      503518      494619      524967      519464      490472      518588      480366      517049      474645      515596      455784      504151      509313      482722      500540      566018      496514      547313      580916      493092      517430      485925      521804      481506      477097      486645      508832      507753      509909      517951      517366      486293      514853      474032      521777      475288      519141      551392      466868      514730      523292      521776      521818      517648      496421      504540      531836      483442      494772      509494      520887      507608      519752      517552      539219      483605      524202      477979      517237      531567      480559      520471      543454      515347      529776      558762      531643      514506      561748      512802      519530      503069      488297      527796      524758      519756      491369      505184      525770      545289      488401      519337      515948      482826      511224      540198      445264      529056      529192      498310      502159      506028      472977      552544      519087      527361      509601      539348      483550      531511      546720      470311      488427      495555      499281      497193      531950      514983      525677      544396      508738      534126      513014      559206      527194      483946      541885      504240      499914      496089      520627      465089      502294      525739      474296      522939      509678      543334      533852      547715      519693      515055      546306      521626
      540662      495252      492843      492694      523745      527490      513264      499532      476154      519849      488622      519380      552543      512958      534062      520826      480595      481427      554478      473153      509286      511729      489016      497847      550556      533981      510473      514793      474581      519102      536118      526886      528640      514867      499030      536822      484084      504167      506230      505042      494121      529945      495498      500197      524092      501754      500944      519197      505423      497684      491698      540172      518337      499444      529376      522366      528698      472004      482844      536237      543662      494763      522417      498210      518309      515854      497100      505939      520535      524244      492626      534789      496308      519748      490453      495643      479149      506613      524168      489190      521563      532480      508441      526134      587825      485694      482729      505581      516516      495270      476833      509520      477428      534274      508729      508237      540262      511890      497605      475621      514848      502603      538493      531495      476757      510495      517194      510836      541470      508332      515281      478395      546516      498611      487407      488913      524536      491789      525943      487707      548760      477776      511656      504363      534876      522382      512594      507223      494894      524708      489887      532657      533143      500597      544796      512268      488616      510098      478596      519311      496296      510766      474863      498716      517136      577970      477145      498875      509732      484709      521398      540299      459355      513200      516491      506262      487546      496397      464574      541902      539252      523141      511675      520277      495150      536495      519917      469477      459909      505914      503909      492192      520061      518921      541022      558905      502715      533221      516221      540201      526927      486125      542463      502607      476999      479176      516052      475321      503418      567922      503654      536269      511745      575852      534363      532930      529460      498368      542027      540005
      502756      490846      475524      501026      531222      540820      501306      486091      498912      498029      472815      487822      532035      508063      505132      500505      487117      447147      533852      498254      506979      505494      495845      478173      527917      522252      504695      486322      471711      531450      488316      506749      501894      504518      484015      496154      479010      476434      510451      511462      499125      526273      493906      541203      512134      489292      507473      516388      490166      482859      481672      528464      495909      496691      521159      509760      536638      464570      485766      495884      517196      460533      526568      487539      529768      495885      477017      498645      510047      483132      476540      497302      488634      513775      478789      497916      471116      508144      501913      470387      480508      549355      503570      525440      565446      477152      510699      477351      492545      484517      467327      463343      485398      474779      486147      494332      520177      492864      513798      494624      503050      462001      541565      540246      465632      527853      497200      494675      514930      518061      481644      497533      529182      492534      497418      495365      491407      484395      508971      509540      523639      476857      513299      495081      480217      529416      483951      498485      526123      535743      502616      512486      506915      537858      544216      518822      513005      519058      491831      506430      501852      489799      464850      471369      523307      537759      470174      509228      487530      490567      539246      546611      465249      531168      519215      482337      501837      496586      473992      556231      475849      490722      484202      484030      458120      526920      519340      475050      463654      492097      512147      477356      513742      499085      519310      538835      493015      540705      486963      548208      522730      473763      542723      500663      484570      502963      485303      466636      487469      527698      489839      508733      495565      542383      523922      519329      499495      484821      550742      481923
      517783      475644      447687      497395      532496      527397      496031      487432      489558      494742      486629      509272      540717      495911      512422      517887      504501      472853      522525      483991      520035      489121      480253      503304      558270      499991      513789      537183      448271      507610      500984      530152      510652      503052      494834      519357      491381      519378      505583      513099      494533      520623      495206      505539      502010      507680      492948      505644      506802      501952      478122      545075      504851      503989      510631      498392      506702      460940      482066      523777      542215      453073      521791      494413      531121      510065      493754      517031      509513      509037      509619      530811      493209      511692      470052      501706      480259      502975      507273      472828      513268      552212      507031      534969      586748      488012      504781      499014      508270      509052      474061      483993      489252      527417      507781      504140      523550      478112      525691      494917      516637      487652      540401      532798      455915      489257      507959      505002      524107      513739      479998      484465      533522      482845      482129      500086      509445      493454      535238      518078      551310      475081      521608      511182      524450      511829      516283      517381      511013      525090      494161      534617      517023      533071      548352      511377      494867      507021      488438      517879      479404      501460      466497      458223      524137      565699      477810      502804      489214      490458      532223      547382      483322      518813      497473      507305      526903      482196      482944      529281      500070      499566      541513      501902      487913      536823      512235      477555      466284      485320      511989      458353      530246      491915      523451      538373      497582      530487      521903      548778      496052      490452      538611      521190      498164      510479      526127      465241      494073      550749      503899      515828      491834      572281      530581      525546      539325      487793      521565      515397
      525743      504117      498864      490701      550608      561773      520146      506798      468302      506423      486257      513895      536507      513406      531407      528075      516786      470629      548082      484628      546955      520816      499034      490664      549825      541457      512110      529825      477440      538817      545004      521418      517604      530358      498732      527469      490400      528227      513275      520211      504970      542795      508656      531017      534508      507844      510485      499200      517827      496632      486705      562888      535975      531112      548330      508719      538579      482927      507128      541247      558502      479046      534917      480715      519833      522492      520748      520368      538763      538058      502863      536799      490509      537248      507146      523362      471902      510366      534652      492545      493981      534187      512059      543079      589615      488353      513746      488317      522754      500245      466279      502065      505701      525440      526215      543400      543128      509913      515092      488298      537835      519286      545707      554054      483309      514199      522042      505292      547028      513294      509006      513712      533322      513529      521440      524870      526546      513636      523982      529565      531367      502419      548297      517316      519943      542393      513113      515011      539650      528452      515580      538028      519354      532471      559292      533417      488277      546765      487291      525107      511837      491443      480798      514427      555212      560237      494574      504032      503979      514353      521928      565194      487395      543418      526146      518837      510001      524291      471944      565037      526106      512399      528272      542052      510029      548945      538273      473487      466059      518049      515747      491082      531853      507799      529753      549225      497681      530368      531588      544215      533948      527508      551470      525234      506198      534822      517227      480170      498928      554574      513966      526466      502596      556803      518789      525970      525113      507053      541665      547055
      545000      510635      502230      531359      573243      572636      523081      550140      507714      551013      507622      555837      579432      555862      556997      576225      517242      501176      571089      508454      551675      531211      530338      499626      567545      542288      518453      553177      492801      555495      532622      552902      542243      543676      524675      542978      523560      547548      540971      558551      513897      567515      540007      545420      536997      537727      542359      536999      519750      545161      534176      579724      549016      559679      561143      554414      541739      518728      507125      545414      579866      502847      570377      534724      570608      538144      511511      558291      553324      540812      541881      549135      508472      570423      528303      530054      527280      548156      551545      517847      534134      562202      547383      566076      619041      529432      549546      532912      547832      530665      528581      528092      526126      552196      538993      528308      571725      534876      528099      527934      562887      511157      580390      563048      507031      552718      517230      519177      580664      554810      529756      508208      578998      513470      530866      525531      565111      509637      553143      530523      556346      513525      570078      541454      571165      561514      541199      549379      548073      560996      543372      581828      572518      582767      566809      546180      515114      545890      531227      534376      511128      546486      529466      515238      560393      583234      483262      512752      529067      541625      577291      592006      514547      555748      540877      546221      550482      520378      497023      584483      542488      544418      544418      566828      514059      568514      556552      523885      503313      516774      541216      512663      564639      548620      568799      597047      527022      555835      535844      568963      540344      504891      572860      560507      533166      528280      539651      514160      530976      571403      505092      543800      538284      589502      562513      533032      568948      540414      564813      556990
      498365      500630      463665      494488      513876      506737      504364      499439      478187      503129      462834      496430      559066      525447      497389      496252      515434      476036      524851      489384      508215      509071      512031      475422      529943      497593      509966      500937      470945      517387      501441      520180      492504      494681      483262      498355      470951      497857      474083      505370      501446      511125      499627      516747      517889      505968      503584      468521      488600      501248      482773      536479      492339      508434      491371      485443      501675      459637      501278      516887      554107      470567      521793      473765      532805      502172      500024      510491      516164      493064      487538      501083      471798      528774      520235      497334      461065      513567      516295      467065      484807      533836      507141      507689      569642      482138      522283      471048      512861      504335      461008      484753      478815      483638      486396      519962      533344      494139      488036      471772      521695      482330      535474      523504      458277      531409      500821      485966      547815      521166      467480      482534      537968      499288      507083      492915      499546      487304      499257      498988      524142      478005      516749      495082      526520      517670      494262      481526      499273      519182      483613      524692      497799      530842      565235      526190      506369      496270      476042      512113      491959      493927      475665      484408      537716      568142      453467      484463      486290      510973      519376      528317      470862      523506      505252      504080      503944      491080      477947      523374      500639      483349      506879      530468      480873      525642      491340      467639      498652      466926      504562      492641      512323      489012      532264      525058      466501      524819      500931      526900      508758      494602      505049      519493      485166      504441      507132      476190      466625      535532      484733      499345      475014      527453      534749      527981      514775      490734      538677      504600
      527139      502301      504462      503238      534344      556400      521646      516709      517225      519807      479171      509058      533171      527340      526304      533527      509654      489031      549193      486821      554628      540213      499327      493762      563204      536121      526453      537821      487582      549139      529338      542309      522248      543099      502716      532689      514204      537552      516269      538611      540675      543653      520491      518246      558009      530976      540841      520678      511163      513041      506409      583982      528195      541318      536695      545623      553175      506986      494445      532184      566554      494975      566569      490612      545051      539762      516679      539850      548603      545394      519330      541217      493386      559037      501547      524098      488978      537453      535053      492971      525358      569491      517152      563223      591481      510035      536955      501712      538654      516370      495808      521609      503308      547790      532002      541952      538669      511889      537761      500309      530822      514116      563243      562295      474673      525809      527239      528775      556879      530396      520714      513704      556410      514534      517166      500435      542411      503309      546058      515327      563311      495540      546966      517691      538480      549104      510160      531307      530000      537134      512492      549879      541906      531813      599429      539719      518683      536030      497985      534231      518393      517551      482744      503856      554871      579342      499597      521998      501070      514929      525313      580152      487502      553677      527183      523765      521025      505051      486033      559404      535287      518245      539173      537100      486214      559118      542045      492917      508060      509303      534844      500766      539704      499037      559371      557188      522956      544691      525606      573971      553773      527094      575490      539591      507619      507280      555236      512535      524590      539823      505975      528782      517721      563041      552480      559355      561870      496573      558763      536445
      538332      499004      469470      518351      543703      557034      502555      513739      479668      531206      481503      511290      545891      520247      504307      542863      500065      474957      553016      491409      552792      491509      506430      475897      546294      510824      519027      499728      486187      538282      490424      552186      505133      508430      479092      505295      474261      499967      506456      504446      493786      537075      475168      525757      494363      489907      482190      495208      470501      489659      493927      547153      510965      534365      526970      511765      520078      468518      507628      510899      529733      484387      537676      482604      518740      515097      512371      529542      525058      542174      481598      547485      489851      508852      516580      501516      494750      506446      509629      493663      488085      546091      498185      523369      582326      485391      490909      494620      524781      491404      469778      495378      480604      525686      513236      499969      529571      491969      522044      500807      526364      504179      544681      532627      470311      496529      516851      486916      546311      511122      497278      485486      537767      477395      502447      515030      488226      486911      521065      499079      535066      479102      508621      519764      527258      524838      519055      492669      535536      531571      537510      547305      530090      524972      564052      520009      472046      513575      481378      513829      491209      511961      491659      491010      528870      570611      460487      496622      504999      506631      523309      541924      463213      525541      532819      494253      518258      528457      460578      550448      533053      499103      521620      506454      508881      529923      545928      461162      468724      493229      505955      492124      517601      511861      533966      548234      496050      536823      524222      534921      525811      507429      524885      529873      501583      506982      524613      474125      500931      556642      492592      525708      514531      560822      554412      526941      526185      495203      540238      538594
      542623      508898      496651      519050      559519      536638      523811      530984      496312      534943      514344      517278      552583      531444      536171      536140      511692      488669      578799      512426      530919      523066      515128      504539      556321      542111      525798      539958      485028      566351      538364      542416      554985      518660      527334      539434      500635      523811      544029      527677      540825      557842      532601      532925      517045      522650      523126      527875      501377      525760      486609      565168      528030      556258      543324      529342      544345      506096      521595      551080      564576      488302      574202      521316      547194      556625      528211      556090      536502      522193      518133      550797      496543      539893      515865      512480      493562      532172      557893      489862      504921      562259      518803      564167      597041      505533      530799      494861      512954      526669      488470      511473      510100      525889      523377      526391      565039      519794      536764      511884      530718      493584      551211      568462      498384      519915      529714      514611      555933      513242      507753      507318      556015      529722      514714      534752      524189      506893      505256      544672      556100      520004      528725      520462      544217      560962      539001      541683      535701      550726      539325      551545      535304      537201      581621      535525      515379      529133      504656      524995      501298      522153      473479      498446      541933      587147      496794      514264      522065      530607      547701      575770      504261      564446      521261      523134      539037      539347      488542      573614      526858      516021      543200      525094      520400      555775      545282      485609      502902      528866      540351      488746      533585      515914      540636      564614      518645      552290      543378      537401      554290      515248      560777      535104      524353      543870      527938      495869      536348      573594      503588      546279      526788      567493      537871      559513      535633      509671      547697      538401
      463451      435758      422838      437266      487240      489952      432148      447537      419122      434494      407164      467047      471105      441676      447322      461473      449036      423430      473206      410404      462887      442286      442420      431784      475319      465237      447893      422733      412768      449739      438711      459992      428584      447771      415384      430382      436536      430749      457717      450224      429037      466158      422628      460485      447425      435630      434088      453857      451529      429031      420832      471541      451784      453435      458396      478641      472254      427266      421415      466299      482881      421599      474294      443311      477023      458025      445161      438592      463219      453044      433104      459339      404368      461937      434510      445956      439217      447693      478595      432331      444660      466563      419255      462173      496763      434968      442940      423169      458448      429180      435660      433072      398364      444111      445494      441625      471286      436994      440643      419765      438612      426355      461250      479864      424591      420118      424434      441816      476172      445379      453442      422048      472399      429543      449236      438838      455392      422307      424888      441499      490349      412604      457780      447317      463976      442376      431410      437307      461843      456328      452831      470328      454139      464595      460180      469645      441120      475539      412213      458768      439600      458113      410997      422970      481809      490033      409750      445672      425281      437968      481338      465752      422346      438206      448053      464401      433233      440198      406977      484394      458373      445635      468624      460727      442722      469755      471493      425089      416836      440230      418018      423209      465562      434267      477091      470578      425474      463527      444429      461605      457111      446403      473696      435410      450227      446948      438464      414310      444218      465618      432364      450022      430208      474112      475490      491271      465306      437149      502062      455033
      499411      471025      443542      493352      517621      497852      495920      467939      474135      486059      456852      483172      526250      486431      517981      526928      487036      438559      520615      462048      507381      480613      486979      455139      506694      511390      500574      490084      437518      520900      479176      484710      498273      500095      475808      478772      468647      478132      467093      519040      493744      496844      509724      492272      502279      472996      494831      491570      468256      487902      458650      535191      494804      519715      519941      498830      503031      475612      489894      509762      530425      459230      532609      476451      495448      504922      482477      503733      504730      490143      485117      514115      477046      506197      498226      488581      438786      502919      508939      475028      487479      522724      478977      510955      536000      469855      474637      460999      496685      491222      463768      485624      446610      494963      512411      493830      504713      472122      514285      468575      486846      492915      523904      500517      452149      484820      470255      475951      525661      506967      493645      476663      509857      481678      490606      506551      491954      496186      492174      483261      511899      475463      506134      484646      503389      498928      501148      492849      501135      515409      508042      523414      506152      499074      532465      505904      486484      480449      461015      480079      475545      479117      445150      474350      524891      549127      468189      468350      504446      464869      523443      541221      472951      515816      505805      489194      495924      502717      452470      537864      498305      494427      509201      496078      483958      518689      533298      448295      467199      475287      475978      476273      487981      485489      495719      523901      501369      510089      498028      539205      508819      476357      512368      507162      483097      492259      507292      463605      480829      533418      457995      500061      489758      520509      518239      498916      527135      500353      530412      515746
      563216      514858      487737      529713      562469      571245      522273      529299      487149      552286      488440      529135      567040      542638      549700      561756      514133      488396      569757      503548      554039      518515      523092      507647      556066      536111      532929      539981      489796      550985      534598      556026      539359      529328      512139      548891      516627      524109      535028      543193      518008      527947      501383      555554      529776      508392      534026      552080      534029      529026      488099      579517      533826      524374      560933      539297      553814      493789      525720      541505      577023      481492      555091      528085      546151      531131      534747      551140      556241      547483      527692      548648      498589      545851      515755      517291      496225      526788      545645      497935      537246      568966      501414      542870      578098      493089      541603      518894      550623      523650      490304      511333      517205      533283      514921      538233      575417      518964      516395      504981      544205      509370      590270      570714      486742      516217      534231      521836      564629      526224      529451      533725      558000      523366      515651      526317      531651      510738      537284      553000      573410      506548      545629      530436      552864      552274      505854      523765      539947      541787      538206      541203      543380      537917      558080      532632      522712      547978      509308      552840      537604      525126      492889      521328      549171      576524      499512      497796      523549      531706      558611      558352      485659      556528      535247      527356      521864      518384      513375      557808      534424      550871      545212      543958      501102      572648      545265      509226      477551      526598      531570      486563      539363      544467      574380      600319      515886      559219      527751      571866      539006      537981      549585      517059      501469      531850      494578      483306      509675      577065      512522      548849      508495      588532      547088      565559      564808      507743      570676      545176
      501464      503157      459460      485740      496315      521390      487164      492833      477663      483641      452646      471771      533523      498578      475603      521610      475384      457149      541205      470495      522748      489210      485932      492507      524499      506328      474307      464872      458255      507445      479189      501130      491916      496577      491918      490178      453798      500432      487106      487466      486844      498713      472785      485326      504252      503449      481677      489719      497282      487082      480297      540574      491455      514047      510490      501845      506008      452223      472122      506062      513434      479560      510167      466473      505272      494359      486481      486117      478750      500966      456601      521660      467509      481346      479454      474732      467733      505416      498732      464766      479287      516191      480959      501423      556368      439276      500129      465119      480261      515275      488556      454824      458943      484427      511066      499081      528909      462715      499199      460484      510174      465806      532010      510947      467667      482853      487386      475378      513772      523022      483604      465159      517728      489912      498908      480834      487003      476853      502761      482838      530758      439615      494601      504523      492592      529291      482724      469818      502512      491043      518962      501928      523851      513745      534150      513230      499871      508926      471355      496720      498320      493676      466961      475507      508442      559837      482481      461187      484156      497311      512197      526822      467462      496494      509983      490716      478984      477018      460630      522233      490218      489026      525430      511021      468716      482118      517295      455088      459522      464935      488011      469861      494110      498372      503651      512539      474883      516527      495386      540387      512120      488909      534539      498587      483952      465940      510602      471344      499910      524335      458535      512336      485451      508717      523025      510561      504237      463653      538304      511814
      537549      510752      484178      528484      544739      561082      504844      508066      495011      525404      480628      530635      539018      534178      516435      539021      501719      464265      555771      485522      534042      503171      486792      508568      545035      522365      537161      524206      493164      531849      513293      528780      513580      532645      487033      528762      506903      524077      513042      534748      521360      535603      495929      514676      522857      513536      523885      528791      518843      507240      501423      570146      522539      544726      559085      532690      530866      485255      490066      523325      548648      500461      556655      492345      536799      504155      522312      547610      537461      533607      526112      515650      502850      543024      484321      534280      486240      521723      533652      505544      505737      559457      513093      551762      598765      504748      521866      517487      517919      514623      478640      499559      491865      529361      534204      549077      535815      502522      523164      506681      516049      513589      558103      554536      473459      514474      498022      507528      527360      525184      508767      506016      533251      512977      512254      517759      522757      495572      518249      533319      554279      500822      528768      534293      552668      547082      503009      524996      535297      510831      524798      548102      519862      557184      580335      518076      514630      542402      482049      517763      517305      547760      478375      493764      554494      572195      509794      503304      519914      493951      533916      578767      481548      536350      533824      513149      528459      533254      472410      555332      537244      531743      515644      538658      473034      553143      527337      482088      490048      524641      527964      485839      534594      517409      565391      558035      501636      559450      519886      561696      538222      518618      560890      541866      498145      507846      539871      502168      502809      569921      493564      541109      501894      561483      545688      523507      554957      504689      554824      555488
      530745      519595      491003      513567      562537      556764      511559      533804      494090      531968      494808      518433      575082      529142      538299      554305      511445      464930      568160      527339      544464      510398      505478      521699      548433      529990      535061      517496      487259      540743      537406      532975      540022      522853      514383      551138      505988      506044      527365      537577      509983      558048      511466      527066      526043      511992      525324      516373      518261      511367      480082      564846      535641      511452      557205      507022      551557      496419      504989      562747      556191      485394      557092      505135      544648      550305      530174      521256      543219      524241      504516      534652      506122      533504      520027      540654      494863      502525      544591      484411      518659      568839      509634      552796      591838      487830      529059      495548      527575      518296      504491      490430      512348      520939      534533      524961      539829      500819      536806      507158      538235      524786      551764      564614      474556      538706      521530      532483      577591      518022      506658      492890      562107      496447      528445      513460      527641      516989      519335      516835      553812      497228      558679      516925      553477      545593      531256      511553      544253      527424      536500      551580      527297      557239      563237      545004      524227      532190      493790      542188      515465      508986      505247      497701      541447      565843      480236      495620      525228      515333      521723      550930      492845      525907      521402      524045      509003      529685      496084      535681      543320      502618      537018      535753      517196      575082      558639      514942      479506      520768      507116      498768      543389      533899      545003      555060      521080      560757      537447      559501      533245      546389      541301      518530      527684      535202      523567      495719      494404      552670      504587      526324      525712      555751      559545      552990      555017      532429      544924      538522
      545781      507491      498323      528304      561432      567078      516399      525762      497550      524550      489347      527665      573250      533030      528202      540815      521342      471339      563863      500394      565348      510842      502076      497923      569470      544995      511847      520492      490509      539987      536049      548120      525394      514539      503370      539358      494905      516875      542600      530509      527409      551973      501670      525635      530440      528553      522396      517255      528270      520416      511837      558595      510996      508092      550127      534060      521444      493099      516465      526152      564182      488653      556841      487573      550944      564946      524479      530061      538939      530310      495342      548254      529845      548067      519862      522530      477565      524291      526407      498455      531157      586713      524863      530788      594575      486869      510293      512253      524114      507166      494716      492780      499142      527996      515309      536713      559425      509157      527018      508359      542212      508738      555581      572036      493095      542839      517561      521583      577860      525233      516751      495131      537225      525498      523931      512255      545265      516706      530490      519038      552084      502970      551706      524064      538954      545152      517348      529699      548866      536221      554870      549457      546089      559580      568033      540231      510805      538625      485217      519427      517994      519759      485906      520486      544760      570899      489953      508395      523826      511248      551030      562544      498388      548559      520011      524727      507654      510269      487140      544788      527266      540566      534971      539969      500591      551147      535262      497545      499936      504797      509737      512775      548440      514856      548960      559334      520997      548720      507601      548133      542607      507578      568629      507350      521316      532424      504429      511327      492877      563924      521974      547432      543605      542534      540069      543632      531573      514757      562861      537245
      519585      499141      459063      502536      514048      560889      508809      497990      499089      511822      477590      499065      546582      501348      502990      532032      492620      458636      548541      481456      525641      464741      496315      471005      547123      511206      504415      495956      480892      528248      506136      525987      516151      492063      495333      509813      469812      498914      506634      491990      489011      500889      503171      515530      515971      489102      478272      497348      506318      514315      505275      555127      509158      514982      517006      513455      529414      485756      492964      527282      523611      479082      539355      501461      542944      501508      520066      516252      511371      499177      495894      530944      466083      502012      498735      508948      472268      530103      517589      469081      497310      518414      493380      500256      570764      453474      509873      495461      514053      503568      468741      487608      480503      514462      507560      497438      543686      484257      496063      479430      509866      498460      547093      522908      477497      514189      519934      482830      546375      514139      493230      486765      525013      489068      511501      500961      509703      489185      513559      516467      535450      465136      514217      497002      527089      539641      506806      497656      510656      510384      510011      507618      522975      516298      577775      494316      510106      515018      478050      501402      480960      518838      456649      506355      521939      575914      489538      503857      516276      505185      521629      539101      472605      513414      514265      500212      511682      503180      466473      539147      515730      498678      539002      507945      486028      540004      500893      487487      471280      468015      505779      475366      518156      497607      531400      533129      503468      531830      508482      538833      501462      509714      513768      492155      509260      500055      483526      478638      501171      542697      486605      514108      496730      539718      530662      535608      533908      494041      563839      536551
      521995      478179      449553      511249      519350      538127      493713      499004      468337      503000      444911      501678      538581      517719      483068      530810      480051      452693      549858      479658      530075      483332      481433      488700      536880      510736      499647      499535      449487      523925      518247      516295      510477      493168      477135      498416      493079      500363      498042      508820      468060      505260      477575      482416      491711      475413      511629      523887      482557      483963      470419      545757      515879      517642      520148      487364      535940      482284      492784      522560      534563      472969      540914      474951      514997      504203      495862      505826      504339      508682      497103      515286      482882      505842      488544      478046      470035      490721      510558      445058      497232      515202      481700      524255      567029      473164      509100      482214      499006      486350      482692      458521      457774      479419      487054      507706      518545      458965      518316      482659      495558      490528      530016      511649      442633      488253      495306      479537      504568      490598      479951      476628      547984      498063      474727      484790      507635      471101      474344      495494      527715      476473      531544      499645      532898      504661      489795      488011      497419      497530      491559      524852      536613      508639      544390      481931      497654      521311      489989      496865      479180      510485      484143      482944      524585      534919      469026      458860      500580      488401      485113      545817      458598      503962      506070      509430      480414      492493      473723      517734      513248      493877      491734      509762      489016      530269      529763      463669      460358      461898      500976      483006      503352      501682      533938      539790      485884      497070      502705      532249      503029      496499      502870      509070      481152      488213      510719      474622      478914      545259      459413      510713      491030      527746      506036      507445      505430      492919      533229      519166
      489173      475764      463199      482477      501368      503796      460254      493143      485374      498766      453482      486584      529425      487989      499036      499397      483288      453296      508307      489387      512253      475115      471024      486269      516164      508802      474686      489147      441796      498888      463008      483028      479693      502544      468016      495262      497432      485112      478747      501059      488887      493036      494098      483904      524085      474737      462948      497991      503893      470785      438241      534396      491870      498279      503956      504385      505014      448980      454038      504874      495055      450468      514399      476970      500437      507871      484912      478670      504117      488954      477251      475190      476675      504930      448522      485489      440505      494162      505833      449838      465926      526247      480261      490907      556324      455604      473997      475511      493679      474368      448133      474680      458966      496964      484511      487755      502387      470954      504584      474553      503097      458954      497035      506035      442306      487524      460616      490662      500939      504724      475015      452530      503101      470573      478991      454886      500871      462579      482428      489401      514171      430341      511819      471302      480991      499006      489462      479750      501215      489454      477995      500581      535603      512764      510415      492016      475575      496818      468704      495397      474610      477357      465405      461170      520608      523565      480520      457513      493692      460427      498364      526256      457624      478298      512250      472190      463548      490907      441835      515152      483985      499252      489468      482427      448755      497256      509072      461558      454529      474000      467472      477811      489623      498670      496275      560032      473258      506667      493567      524900      495173      472878      502614      483445      462847      470025      504875      470098      471584      521075      475567      505189      495088      513506      515431      493625      517858      488048      516726      497778
      511413      503910      472974      513936      528015      555718      511624      516218      478687      519667      475815      519848      549117      509408      533255      525229      484334      479267      559651      483095      508132      505121      497752      473796      567840      518612      518793      512145      493748      539154      520609      531194      516199      522867      497252      511090      467893      515740      503291      517099      505737      548805      510025      526312      540729      470781      530022      509304      504998      503607      493910      553018      498695      532633      525403      515767      541379      494559      492550      518429      541777      469366      531772      500699      539357      497977      530645      523523      529986      511954      508797      537721      477695      509369      502030      511585      495392      525303      496037      495030      502398      531224      493337      537501      595140      491187      522622      508778      515131      503837      483678      488032      477671      528143      513831      509820      538489      505103      517773      493358      520480      496813      525026      546533      450425      500156      507682      499881      539819      525361      499928      489851      552097      495827      497040      495768      505295      499297      523192      524769      533951      491564      546885      518210      527640      539427      515099      512831      521966      508595      521992      538224      518958      508240      558541      510126      499739      533005      508750      531574      484479      520975      471095      515487      544586      553903      488044      498529      511597      521101      528620      560460      452314      528725      503134      500935      515396      505646      460721      533908      518580      522533      514156      494132      502814      561332      524005      472374      484022      483825      515832      469435      519943      504485      523198      550064      486970      544226      527031      519392      524791      520831      525483      530249      500734      516101      538767      459871      501918      555427      512260      538115      507818      555873      539708      547620      549798      484114      564255      511342
      510364      458045      460573      506845      514915      535767      476648      493524      481729      504804      474471      492959      537133      483629      501581      525113      509801      467557      538244      456610      531043      500912      475512      482827      539687      490611      492851      508022      456735      495427      497037      523648      496315      491896      461413      496826      481844      500497      492687      495553      489372      510713      489935      489494      501893      479898      503840      493469      478922      476866      481569      540294      506682      533462      500953      507958      513973      463784      471913      499964      546830      470444      527543      487528      522473      517160      475069      509827      525058      515139      502109      513524      444623      526712      487510      496172      461779      508061      483735      465634      483454      504816      483838      526618      568282      495624      486129      469487      502488      487754      459464      480571      468982      527801      503692      488270      529821      469013      494455      453662      514725      486733      520764      520643      453116      509483      486910      472319      531199      502851      492530      474661      524621      472314      489145      482468      483564      504371      502858      494842      522046      468087      513462      514252      524149      511809      495268      504426      495894      522311      509651      526335      500771      526339      531334      530066      480498      498850      479640      498919      483893      496831      466525      481356      527069      544563      473124      477953      498677      493919      523246      547973      459448      491448      485596      512301      506623      476490      468538      544098      522044      476464      516566      520035      511310      518639      499890      466186      493273      490729      517868      466757      519082      497840      508275      530603      467999      518169      500279      538495      505015      479903      527871      489024      486079      505428      540293      453983      499167      545050      484295      512991      487104      523992      517939      519142      516201      501818      526721      526180
      504268      476458      436909      481700      487046      487151      458721      477966      456968      485389      456008      485620      523355      480995      499955      499709      458583      437541      528486      460256      490349      464117      458650      465514      513338      493912      479724      482047      453598      489584      482996      486062      493475      477817      459388      489847      450545      467188      465702      495291      472173      492021      466739      502364      497651      493762      483580      467274      478926      475160      432382      490901      457238      498992      493238      487465      503736      466952      452225      487534      525665      456471      497092      452866      497206      471261      489642      492137      514256      493244      455235      501696      466076      504199      467445      497499      443245      459175      482925      442246      489375      496147      482171      489733      548924      445216      479029      473425      500398      475762      428715      479805      464664      481665      485474      464239      497091      464064      462330      454289      463013      452514      497062      490340      417856      467587      474771      483734      526486      465827      470049      451570      493858      464413      465272      466865      480573      461888      476907      457718      513124      448509      501398      469466      485744      498555      456085      483323      506634      478883      481512      495317      486786      500137      522519      476912      483801      477589      462549      481695      469719      473438      432130      467918      496345      516140      442019      468453      499712      459248      492720      509920      429456      490812      491774      475030      461139      477956      418747      497612      505016      496699      494061      492293      454761      484468      495709      425946      447728      471165      492136      453274      498290      471498      508764      516151      477021      494036      494797      511577      485868      473367      500953      471318      463095      476781      480428      454952      471456      514522      443419      498383      492869      497980      490530      506487      495671      493484      510135      494980
      530341      476572      470300      494903      522204      533568      485107      500350      462011      498674      477710      494671      522178      501621      510511      521209      488796      459603      542288      495555      501991      486858      468410      487540      534559      514816      493095      513059      469829      505426      495000      540505      487123      480639      491294      518643      472134      485944      523994      527282      492053      524735      479877      523156      511147      499578      482286      525352      488679      487675      470716      543108      519378      508768      507312      503598      501153      476146      472451      513353      535319      481905      505151      488408      531191      493859      488403      522234      537633      511509      486252      503069      489379      503647      492834      506043      476126      517593      512592      473124      469502      533780      510905      523215      582802      485787      478875      479463      518207      500129      465167      475503      494216      512247      515869      482968      524147      483643      508351      493690      517745      503530      527505      521970      460831      488205      506107      485054      514883      490691      478149      462024      521167      502135      522796      504887      519727      496780      483231      491813      552525      475515      529128      485382      505955      533765      475090      482808      520504      516748      497832      527400      512281      511396      548867      519800      486821      519041      465049      507870      479773      480940      460081      475253      545797      551923      469729      507246      488125      504839      515884      555679      471473      520893      518691      494237      496953      511540      456139      520819      525212      487860      496258      504895      473307      530764      517292      482703      476321      479452      486188      474269      516370      516140      521693      543205      472749      535587      525095      535967      508429      505102      518366      504234      498035      492843      513152      484912      477626      551475      518366      521994      470927      546001      538376      515299      512850      498020      539016      512256
      496139      464671      474243      494728      524451      519834      494425      488874      474793      503731      447426      489387      515797      492105      464177      509853      487247      451575      503429      448226      506225      473244      478770      468147      500728      508205      498063      481315      451452      514955      499253      487596      508570      496955      472520      485929      471031      490708      491166      471550      484197      499921      487779      495386      492001      478548      498168      477598      470245      493934      458762      533285      508604      495898      491800      494215      514551      453821      468429      501203      513243      473829      506410      464439      502486      506096      462805      494356      500386      492779      484954      517484      438582      500747      479428      500024      466388      474928      513599      500297      488259      533776      485948      527643      563924      477752      481472      485969      466473      487370      439977      477989      452475      484643      492585      507889      488742      464915      507813      469129      513407      477250      513768      512376      453622      520711      483889      475994      515962      481667      507760      491519      500482      455588      478763      474087      507476      481541      483709      486390      513969      455228      505211      488193      508870      498391      480593      476020      493089      512190      498177      513584      483258      513946      549831      501489      479534      493588      460409      502261      480803      464135      445062      453808      523228      537089      452956      470784      489228      467041      485091      536171      454866      506416      505888      477093      507187      496324      470833      516337      502974      491416      486314      508165      474201      496416      494696      458299      465421      485296      496283      459769      483354      501421      513841      514126      467645      511830      489323      515784      475975      473085      543268      505344      463793      498546      497139      452947      486853      526622      468243      496601      504455      522279      499747      510925      493531      481500      527509      497074
      499075      501106      475698      497214      503849      515077      482422      510407      468213      497794      464941      490186      529851      507876      517999      529543      510200      470368      547312      439084      542412      491747      493815      492642      527298      536392      506289      518438      473424      532704      517379      535552      534903      503764      488172      515372      492476      486859      517456      518481      512115      508954      481102      515580      510020      510061      503592      505579      488900      509319      469783      561166      512339      518834      524021      493886      536935      480022      479589      505486      547396      467899      531302      488343      544659      531207      491208      507151      535563      498555      484860      512413      474868      529192      501644      492092      478092      512124      506933      482943      497887      515851      509070      529783      564671      488713      484426      496358      527698      490142      462641      489914      492639      484687      494388      497745      532349      500923      511423      489173      512945      501603      528236      557397      448913      488083      481329      500058      541632      494050      490089      477626      525177      484655      523138      493976      516118      504479      497015      503711      532424      477822      532449      478554      511658      532727      488733      494861      527975      523450      503168      545486      513974      525931      555029      537089      480369      499686      461509      518845      497692      502801      468314      477858      531303      527743      468035      492843      486230      500935      515407      550512      465556      504808      522313      530048      515792      501678      460122      537500      514923      495342      496484      513295      482573      537837      502395      461402      488879      477150      487149      498184      510565      511790      521255      551015      515735      536502      508262      531916      518743      518322      524497      528402      499737      497672      518437      460275      487730      537774      501541      504268      493955      553494      521944      512170      550372      513593      527853      516546
      474224      465792      469302      475519      526820      533287      492819      495207      469082      499624      452119      479635      536134      489071      512310      520134      476663      450557      521044      452644      521180      487676      477150      483218      512007      515965      505021      495175      448805      522068      495003      487565      484132      478808      475693      487363      464783      483476      477874      509791      495718      518703      478863      489620      499533      472877      473394      486201      481511      488724      458020      534173      497979      504062      517929      499097      511542      459113      456561      527520      516927      449056      501362      450666      511653      505231      482997      499590      514455      471064      477751      520822      470149      497040      465176      487075      462470      492776      501396      492569      462795      528306      479432      501616      539738      448429      475140      466552      496922      458834      467525      483033      466807      492659      488491      492863      502227      472693      483149      467449      514125      476827      520650      518728      448672      491039      484181      480858      532172      510229      473415      471000      508373      486442      487751      476343      494973      472471      502589      480469      528724      466484      519330      474896      520481      504036      483070      491599      504584      520331      508284      515966      498676      505000      525135      495228      492959      490901      445106      510470      481792      492436      464974      480311      522294      526754      471389      470659      493161      469084      512658      553545      451764      509099      483374      485044      477755      512059      458963      532745      494826      485228      478673      497943      495937      499987      490149      459748      452638      473012      474886      468098      508818      473393      519539      527378      457818      496919      509692      519794      517704      481944      510412      504546      486992      495125      516820      457502      471980      511647      456485      475784      466838      539951      508014      523942      497120      488304      536728      523342
      517404      500228      459319      521132      533102      534739      502321      530646      495719      540283      475015      522186      556609      527055      517337      504129      528892      463479      525656      479782      535533      489727      474560      482472      560456      514604      497334      518206      487171      525250      534286      543846      506966      507403      491733      499941      487420      489712      519286      503563      501692      535708      511303      525927      534676      494201      506408      507697      488909      505643      507660      557632      529515      534911      525846      518872      535979      494946      481676      525390      544610      475940      537590      500534      543820      538991      506109      511822      527286      519294      511680      523576      484056      521291      508137      492540      499206      530542      493389      476537      494545      546026      503737      538682      592546      495710      513625      477770      541165      497677      494926      484322      502538      527060      511429      496449      542341      490141      513228      479400      525921      493417      519269      565796      468032      531734      502625      473010      538665      510568      515088      451051      557417      513332      521577      470776      527716      510466      520794      514663      548182      474058      540225      496763      540196      525226      494907      506631      511800      519976      514645      550407      545854      528635      558966      524808      497942      523684      491310      524997      502158      529536      469452      491025      546198      544181      487287      498592      511425      510379      544847      569492      454308      527968      506335      487659      497685      535578      470234      550728      510611      514836      537854      530176      494539      547210      517241      489517      474338      492852      491538      478284      528076      531440      540408      532960      500033      544810      517692      554021      510684      496076      551205      534923      520205      497917      536335      464674      506877      555353      507887      513777      509457      539899      549371      531178      544067      516362      562149      526623
      499159      483509      455152      491478      508588      536430      479557      491588      483400      493960      483383      497691      498474      489018      509528      510085      503351      462223      515003      470933      513972      486184      496509      484676      548470      507782      498970      496044      454913      503491      503340      523937      494542      499199      472633      509050      473291      486168      480133      482704      470798      531977      480110      514917      502286      512026      484321      482659      495516      485227      472586      526662      503481      484132      511481      479345      512025      463913      467946      500684      543366      455404      523965      474818      505591      511007      506024      491312      511549      517909      479593      553817      485107      502295      482172      512054      483352      493347      504411      462551      479720      535656      485471      526428      547196      469104      480335      481989      532440      489214      458826      495043      495016      528345      522383      497491      505045      492282      472476      469024      517204      493241      516355      530205      450930      493929      494416      491238      528735      522548      505871      486891      511304      475732      501428      497872      508199      497499      497353      485081      555021      470941      533256      490557      514681      528580      484294      504744      507237      529839      510850      525131      515071      531974      552454      509452      485431      494060      489975      496013      494715      475198      441416      491906      507435      520367      470362      491929      481073      497975      503519      528218      449689      498686      505865      492686      490619      483314      437013      525238      497458      494748      507754      506322      479061      528634      535070      470284      445958      500073      486113      461715      515958      491474      524291      520695      477397      512227      514829      522406      485428      496723      530708      475070      510038      482737      505708      457484      465997      515747      494304      499618      490677      514494      522276      523899      507604      490744      537060      511122
      514333      505509      483422      516410      532196      528427      502995      506341      484849      513657      480869      522255      564834      533250      501560      518461      509468      445794      529712      490033      527206      511655      500112      488183      523302      520797      519101      517698      467309      545753      511958      520570      520872      536808      495476      511432      493582      502448      496959      507209      496015      540851      514614      516430      517748      501403      494778      501947      513678      498231      470985      556772      515581      537786      532440      516322      525973      468488      500841      555451      543808      492100      545896      488234      535132      505599      512713      532933      533131      511297      502917      518675      470629      531134      502145      482314      467151      506783      510634      470063      514826      562659      492110      521094      569890      474025      526637      490396      528072      493246      472161      501864      500304      496944      514681      540120      534138      482974      532736      496173      534219      504267      538304      540708      468830      514350      497943      512968      544579      534672      504680      484152      536176      510390      501026      492594      510285      491568      521080      508892      511278      483358      504134      494424      542459      516659      512577      498540      535872      512989      518949      541247      529188      548633      549769      547485      504771      508426      482495      521794      501868      523139      481657      485279      529055      544746      483589      497224      510236      491753      535628      545466      493178      524432      508787      509177      491555      520336      476934      547236      495092      509716      526969      523892      481226      540264      520507      479982      492662      514254      514184      488352      517074      522315      556980      541824      514841      548603      516878      549001      510476      481064      538390      513062      503672      510900      528649      480896      507712      544705      483801      525679      490415      554820      537999      521018      532930      501670      534729      533089
      512206      478946      452293      519440      529232      532650      473950      480032      477680      512979      475295      502402      524107      495938      504625      518092      478536      434430      528338      463056      529268      485535      488897      497623      553149      517996      482304      504179      460081      508164      502135      507336      497731      493180      476035      478646      475180      476556      488844      507053      477617      534063      480734      496324      508763      501331      492866      489857      486840      482320      473342      541796      521931      493793      525294      483011      517715      478542      458619      525973      533565      457847      487641      452443      511200      509846      469401      503263      526988      494307      490804      528519      486517      507965      494028      492696      474649      493964      506951      482912      505927      526904      503411      523120      578722      474598      490846      484057      501526      485021      475227      479564      478988      513390      503770      498661      498358      490390      487193      454196      510491      480201      519768      536523      466919      518481      501658      487840      521917      508524      496708      480478      531778      490955      505562      485769      494643      492836      510614      504545      529996      500208      527143      488268      519511      505003      485604      497505      511370      508494      508085      535688      503719      523962      553744      495223      494979      513354      481788      498925      495114      489876      455628      456809      521870      541961      476426      494573      497565      476733      514779      546204      465227      508363      515232      496357      485031      501791      458976      522343      514669      493961      526610      500854      468393      527678      510716      457592      464320      488486      488436      472147      512213      494542      526171      524104      473325      532583      483647      526074      496855      505119      516921      483235      506550      504391      514614      459177      492977      533208      493623      489952      498226      540357      508984      513527      515156      486424      540282      524062
      503742      488069      464006      480196      527919      523821      477622      497970      454807      504241      483964      490593      534409      507890      520108      529864      510764      473644      529679      469963      543851      513827      466930      483745      521434      508233      493040      493328      474332      540446      477113      514326      515570      520560      476425      512426      506108      497658      502624      525330      472150      520319      510817      492344      504842      502100      492170      489091      465393      496700      472504      551118      493612      520855      523394      527449      497131      464999      471289      525281      527201      495275      523099      497955      513133      520481      491958      499833      510977      509719      501696      526498      470128      524903      489732      491237      465140      509811      525771      495615      493101      513811      499515      502914      586468      456683      501541      481695      516565      499139      466659      474828      469653      529370      516608      493037      541276      466566      486576      462371      520849      483054      528659      550706      472644      517166      485495      506546      558767      506332      497648      507336      519422      487827      493120      475340      492293      505972      504236      514131      522326      466302      509012      490075      525615      493691      489152      489922      502077      507776      510548      528862      507312      521419      545545      496780      503754      500010      485575      495259      493880      506114      476159      482266      531028      546927      479579      484245      491179      498947      529720      548017      467924      508775      523685      501976      509280      510217      473802      530377      511389      514881      517745      522630      500001      530753      512334      478890      473722      477268      481385      455791      521984      508481      517884      545527      511926      539633      505375      531079      507253      500256      521396      496003      494048      501472      503204      464868      488369      542694      472799      502324      478545      554315      533058      516867      526205      497005      538564      515268
      503004      482369      447217      494863      519323      513904      469405      480573      460200      492207      451159      492269      526004      495617      506452      496903      475710      446061      529518      481829      497768      473056      490954      465427      532855      514797      475731      498107      448909      523059      489551      490329      495119      493857      466319      491889      473017      480560      485672      496921      487093      494311      465723      491327      483107      464325      499764      489552      497450      490229      464870      537953      465697      487886      507289      493645      514822      476795      461823      514959      502228      462716      507627      459817      497802      496342      502235      516669      492507      486030      473426      502251      458355      497474      488309      475260      463010      484472      501883      445704      482057      525454      474046      519914      549472      449753      504077      448808      506887      486187      432447      449642      476460      479549      484101      499038      517462      489322      494795      468783      470779      456490      496380      504853      452605      497030      508389      473643      524247      507277      477030      483094      519429      485529      494037      502402      505670      455031      482086      485692      543864      464317      509293      473347      493136      505859      478807      487789      511034      510777      472908      492387      524507      496161      530374      494585      487845      499674      449832      514639      489155      457988      472036      472477      503565      535150      447125      460893      491579      484784      488106      509082      454990      527351      486917      484369      474035      507934      445394      524719      494614      505641      483811      502571      459453      491197      494608      464582      423026      488401      467719      465090      487241      495996      500813      521215      500841      500037      500348      506744      499199      492626      513257      491469      489223      485076      445426      447595      477520      512662      467661      485065      480003      531145      514644      483218      500154      467163      531345      497727
      539097      532244      498604      532301      567533      564254      509024      521635      509023      550854      493206      539617      566074      537647      546722      562672      521226      488116      562795      489264      551098      534997      526721      517201      580724      561236      527424      524613      502653      567478      535851      562959      535516      563148      514933      542905      494639      534947      534283      535155      534275      560395      520981      529129      538710      517654      546869      554527      534694      547632      493234      593636      530544      550571      565980      523348      552930      491000      517234      549882      586181      506103      542463      491657      559593      517484      514335      544018      560234      530225      500183      553933      470603      542816      543039      533161      504609      547266      553036      518956      530934      560398      528204      557867      619856      523116      524731      519498      526203      543389      490627      506173      519330      544347      522212      548960      558359      513441      539416      515272      542629      519218      563764      573254      476960      527018      526259      516385      555227      531767      524133      526574      574456      529278      542868      516996      538931      525595      531071      529642      563707      504202      560622      525621      550317      562278      520330      523496      526978      554978      550111      556178      533319      539562      578121      560738      511737      558547      517950      543164      539514      531904      487965      508366      554376      592405      499415      510675      536598      520309      560846      561924      500365      543460      569380      537097      526774      523168      496064      582202      536408      543603      553273      541782      508656      554961      546646      486699      495960      506521      540079      506241      544086      541131      544882      584311      527029      558373      558559      588670      557076      520259      548935      528558      517557      533236      567421      481799      533737      587667      528965      550230      506851      572221      562028      551758      566558      502069      581535      563149
      519029      494563      468608      521459      544292      555213      536408      525234      511037      518466      493913      514418      541333      525626      529621      547905      500464      448853      537228      506003      554811      491644      509715      507819      555828      540361      496902      513874      465094      532679      510331      544045      506979      504073      492156      524370      509957      535303      533137      525002      505408      540954      478044      513535      495894      518214      497789      499410      500680      500997      488098      558268      519981      514113      532787      516262      534279      484208      486917      528451      543015      471704      525130      491182      534866      532683      512857      517982      513139      532221      504983      546319      491174      538618      511899      500142      486633      514143      519189      497177      493196      539359      500204      554446      567961      477629      516695      507697      537699      493529      485180      508755      493139      514432      528486      504472      529312      485347      505686      488843      519036      511023      553040      534327      481072      499629      508509      487113      556322      504103      510061      491510      536285      507266      500311      504727      505799      472471      495653      513077      540038      479714      537680      510577      528421      546280      508895      534318      538401      534636      534494      537612      538437      549008      555562      534688      510004      533187      482793      519074      497974      499239      469813      483911      536189      546443      470402      466370      530449      491656      517204      552192      488729      508621      521402      518627      500808      486580      469229      549648      528250      512011      522640      523778      484139      526461      517494      483588      456379      483655      511665      477384      509767      501551      538863      574958      489837      525792      504379      541399      496197      498258      540523      501561      507103      504205      526526      490139      508370      544461      492116      530225      494324      543222      518280      529365      539355      527075      524502      513666
      519538      499187      472880      478333      528543      536581      483297      473651      461686      493018      460249      504459      534641      476651      515817      510135      467255      471494      530811      465666      532005      488395      483420      479294      548795      512218      505247      501748      462548      504892      513493      523306      497398      478278      480138      469719      476734      487329      506123      490731      490241      538557      481226      514631      523753      466142      504448      484613      481312      488517      485989      533349      493455      490040      527893      477634      511763      484947      483517      514363      528781      445760      523899      471885      522259      504719      511228      503110      524160      487256      477530      525530      471295      502156      487276      509633      478938      499336      500670      477538      486262      521312      487929      504319      576739      478369      491897      490965      487926      491266      464966      450167      470619      501718      506707      504472      501782      488388      500551      480158      509118      485733      535611      547819      464419      503299      498334      489257      526231      505381      488357      488365      528005      464612      490083      495053      496800      492633      503699      492963      529413      463660      496943      493773      519545      516412      514194      490138      505416      511923      483860      506946      513093      521577      520248      516983      471906      524287      474441      504425      481859      505940      474397      474227      526055      549648      469582      486505      480005      492309      520264      550709      478392      505529      485972      484486      493831      511110      461291      516413      493984      500887      504636      498616      474019      517968      500588      469054      430724      484989      503421      469734      508298      496264      507946      514757      492881      535070      505941      515665      523405      504478      557122      517018      469597      495289      497535      442617      466504      518492      478727      513309      494835      547689      505404      515612      535685      483574      576100      511961
      494257      469902      474373      493087      520472      520283      480872      495325      478887      498013      475729      500430      526720      486572      507237      525199      496520      459296      509715      459886      515523      479224      470696      474521      529653      526935      477107      503900      454149      510360      499368      514521      506025      515614      487239      485115      474527      496326      490985      516789      486876      526495      475346      475529      502523      470330      508971      513495      485009      477804      484560      552857      486585      489531      523669      496635      508400      466550      460384      524434      526790      445611      515776      464775      510165      498121      462704      503810      512639      506427      483074      521725      471752      499053      480911      479336      461211      501960      502053      482956      480436      537084      491693      539400      570991      465707      487252      471044      489875      484630      472745      445644      459222      501342      497293      491642      509768      479901      502715      481783      502995      502108      527098      514260      449215      479699      488499      487938      518697      495073      490700      489865      529725      501851      503539      486288      509868      506565      490938      497318      534762      469918      533037      503839      511217      521271      480141      500715      527886      513431      519895      513558      508508      494021      528708      497121      493282      522490      459744      497575      472427      491438      457751      476137      497898      536987      477768      498976      493345      478603      509203      534206      459200      509250      507086      505500      482581      512026      466286      541739      497352      494284      489869      522339      468970      519702      522437      452530      451754      482593      482494      472929      504478      505693      524726      538822      490579      523811      504842      551268      510932      492312      517356      501712      499274      482748      517047      455868      492780      538317      472424      487516      468395      540521      527050      510737      526399      464633      513868      535787
      526558      522962      520487      521207      551745      549193      516647      531776      503740      539852      471606      533727      562266      532039      545383      562598      509071      505890      567206      492932      538769      538958      513766      519645      560682      547943      526815      531567      490106      548700      535461      540651      548784      539759      523685      548099      499024      523018      519581      535244      531918      542752      518824      536549      547455      520067      537189      534368      527045      514960      515525      574259      524474      538482      545235      530855      535934      505686      497753      528580      562017      521230      557809      506192      550694      540786      517105      527481      567419      529697      517565      542332      513260      555297      542441      523898      516231      517574      536420      519473      518055      563320      539342      561226      602143      510687      519927      492486      536862      520357      498929      507241      491192      554794      524786      534122      569528      524607      532829      514229      536362      520860      549571      572664      500182      541379      525980      521611      577403      554683      522311      481089      571069      513408      539290      543635      512232      533018      544565      493237      577717      496325      546597      510267      546337      535850      512986      521194      561267      548724      534219      566132      534324      534575      563358      554484      530358      530044      487178      554637      522955      551881      501852      506918      573495      558760      483718      535904      514595      516886      548769      567152      479886      549481      521725      526712      512744      532001      484832      583606      553564      532841      514419      516607      511593      565128      559685      493510      500612      529051      519153      518508      565719      533509      531314      553404      515013      551146      551159      542773      559750      530915      570664      528900      543118      528216      541580      493032      536487      547323      524939      525034      519365      568175      566247      532979      544564      510727      578212      555342
      533408      523394      513682      547858      552191      575061      515801      556251      505128      542642      515012      539134      592595      555261      545582      572814      553393      498205      568677      513729      578741      539519      510029      534275      580269      576804      528996      540805      507322      560064      539122      559221      551010      558884      520817      544408      524056      528951      551379      552528      548497      566013      516836      547566      560107      540205      555113      548430      548040      533676      518713      581299      554761      548696      562049      541631      559925      517124      513983      553986      615138      538408      581446      530777      571619      576897      515679      558310      580814      532063      533919      547066      520432      556364      544759      536810      508326      559805      546900      515425      529571      567421      538821      572157      600771      511262      555098      523815      554731      545462      514064      519107      509300      558612      553033      530233      585767      527567      534071      505591      566176      521367      572893      574519      499899      570288      508169      531320      589086      552296      536661      539086      584739      549824      534964      533014      550288      548266      549005      535517      580392      527595      565121      540688      573713      561814      535643      544230      561499      558049      550015      579698      563277      559928      578271      567775      553803      554883      521617      552889      558810      564231      521380      540757      565139      600632      496645      522452      549241      536274      599898      601978      504527      546539      554803      537619      537261      566614      515616      602400      571789      549869      539610      560352      522549      578975      555647      516383      511618      538198      538165      505832      564513      540998      575314      591174      531277      555774      547583      569455      554115      537060      573786      550381      538714      551830      537521      512539      558518      580544      527534      548351      538373      580768      583019      560122      569969      543481      589217      577208
      503978      500364      475658      502323      518627      538809      500819      492246      494801      507450      461060      495423      541482      521780      519818      547527      487172      460250      518810      483567      525301      483816      467084      487217      538669      519781      485402      520080      461417      515197      510470      506361      528502      508728      512857      523423      476493      509913      494593      542980      493486      523653      476509      484935      499379      513710      499293      481880      490309      506385      475728      525736      489546      523670      533780      522590      507607      485533      482321      520675      537751      463568      516392      497806      511030      512862      510957      513162      508967      506684      477974      529768      486809      523255      482994      516828      460303      509228      520021      494809      505747      539765      493061      535157      559157      461069      513924      490876      531621      495930      484522      495452      484877      519486      497655      488795      531196      484323      515389      479389      538662      502129      529892      528049      472271      510674      493713      497029      560744      515697      479757      484688      516953      514127      497951      486257      497870      475346      521353      519865      565722      494737      521307      500076      538842      516942      507777      499731      515117      521218      499847      538575      525373      528900      551316      518564      510251      525964      494756      510467      495986      510856      487481      497833      552204      550773      486678      474971      511690      489698      517393      570732      463186      512939      499295      507750      511145      487761      463008      533970      522208      526826      528977      501926      479953      528833      498477      477718      487329      483209      498066      459987      530420      509267      530649      540587      496318      511398      501402      518501      522845      515637      537489      510696      484461      486870      515755      473958      504629      537074      477343      513990      497334      527358      530706      509323      523813      509643      539672      515617
      489291      490385      477394      489040      529216      504591      483362      505781      476585      521466      473704      499205      540944      501543      516217      500297      469594      449690      529621      473383      493989      472801      487549      472651      544244      513920      475855      496470      456477      528215      491149      500367      529993      484996      477776      509661      473203      476665      488090      498362      490864      507637      483969      512185      514404      476765      513873      511276      490336      492894      441821      551035      469428      514257      534756      497310      520275      460843      479576      524853      510508      448148      528951      476698      508254      510429      521523      505524      509002      490570      494386      520460      473579      522814      486452      503275      467166      502922      491945      496160      483868      521499      491094      513201      541146      464983      505245      450438      487080      509490      463242      464659      472246      490151      481325      488966      525986      490380      488761      472077      525173      474666      518838      518887      438339      493728      492165      463323      561693      512598      485386      489129      532449      492354      499292      480138      485429      487371      481746      496828      508173      491773      518510      466041      533208      524647      495121      500602      499335      498875      505542      531731      513843      505397      531114      499563      476715      503420      480255      518353      488151      493239      460216      488377      527338      532684      467071      465596      485188      481989      522124      543091      447539      515317      490091      484139      492585      500890      468962      530146      524416      499005      500873      512940      473489      525727      510028      482100      480863      514273      503999      459092      493198      500321      531007      529746      482188      511040      499151      541118      525092      510550      526507      519308      481163      495265      511369      457483      488335      561396      455178      508411      486108      539154      527012      505827      525938      490710      536717      522276
      520500      485303      481082      530954      538677      544409      516165      497354      454920      511337      473874      512372      544214      511327      518686      508692      507647      464147      532924      507453      517349      501166      507096      500822      537053      503254      513568      503185      483791      543020      512186      541929      515395      503913      493545      522355      497918      519471      519668      502702      501866      535014      497402      511691      517296      511304      505525      522248      486414      495253      462949      546226      520111      501289      525906      516140      506797      481175      489957      545636      538035      498810      542792      489027      511499      534854      508166      535419      527082      526263      503904      535635      483189      531854      511627      511034      503890      506504      516768      465438      509266      537120      504466      536839      551325      485807      508417      483417      515456      501834      468034      453961      475114      526534      533095      521174      520859      476173      523307      487700      528763      484139      541481      517745      483639      500317      523090      471913      526327      524192      513829      504202      524965      493972      497740      500955      507526      483296      511212      480628      543156      494204      518573      504931      531584      510698      497380      490373      517587      501922      522557      520597      509217      510171      573341      508150      515747      539537      483418      500389      507188      484907      474968      505535      511439      566838      473592      488703      501116      519984      507167      553189      466691      526029      503419      499928      500713      521994      488833      543405      528598      520419      511828      512170      480467      545495      515082      484143      477152      513095      517723      470131      511517      543381      515287      541011      488303      545288      512934      539758      514400      504216      546419      497748      496970      504409      521559      463551      505327      548610      488649      523348      502574      553841      530203      524489      533762      481951      530350      508417
      526700      508828      520555      546787      531072      578625      514578      524686      549853      526763      494630      515333      571786      507602      523182      558093      517959      467512      553608      502485      556862      516954      510087      524671      561825      553001      523523      537418      477273      538118      532058      528646      554917      545769      506023      533793      539468      535414      534639      535751      550528      536088      507594      534849      533393      520626      523571      509262      539404      510308      507401      565466      527479      532145      527212      546353      569895      501258      497252      511899      561695      506317      582420      515586      544976      549557      525945      547285      544345      522150      516527      560960      495689      570854      513127      525596      482236      538082      538575      508392      521547      560930      523305      553768      592911      500236      502839      512758      505637      486437      499337      511254      494520      522686      517584      517254      559235      525550      520595      506230      532756      512928      565410      558203      471136      528859      522724      532305      542223      559186      531815      516291      526283      522155      523524      533498      536237      510737      535924      535617      575453      482267      537182      516962      536201      559955      518466      534178      545970      552291      513413      528385      555706      555754      570459      527169      523558      550398      492387      527482      537626      521175      485613      524293      550680      587770      514332      516608      520452      501998      535637      581436      499190      545570      538661      550783      517891      544040      493231      565475      547990      522647      535242      519601      501055      534113      548833      481696      503561      506798      548322      531676      550860      518689      554295      557734      517085      534719      517621      570424      524016      524398      572762      509906      517097      538069      533980      516323      517699      553136      522902      536362      540724      544066      515030      564895      553704      516907      576358      537280
      526541      483796      507704      525889      538518      540174      499954      533709      485185      538747      496250      498401      566698      540704      520871      534976      529048      455116      541095      488490      541422      496077      489275      509831      541949      523319      511502      514173      504222      545825      514470      536438      523655      513791      491452      508735      513014      517138      514870      485407      517022      531410      498358      547657      519813      513739      513502      499186      488906      506836      465050      562426      519694      507922      535778      532170      550000      487288      491605      533628      548531      496246      548825      502888      511203      526517      510154      541498      516188      513711      516801      523501      486649      560634      501881      508490      484999      507617      532635      506332      503595      571468      501077      535340      577403      500111      498373      497552      520995      520690      483326      486543      498683      517542      541797      528766      544099      499122      498035      497535      513689      488467      538553      554836      470665      542386      497849      507158      538298      524010      532939      507224      558817      508819      496480      514902      493702      510805      485167      490807      547326      490809      507979      514322      537203      534192      501872      509061      522616      518360      531840      532552      528447      544217      568666      520057      525929      524183      497091      531969      522594      506347      477904      496095      531906      553384      478444      509813      514404      494613      543295      583108      485305      536786      535458      497165      485570      516400      463613      551110      511705      514610      509463      562449      506451      530642      552625      482773      485545      521902      506188      489583      532106      510940      538621      551517      494290      542909      511107      553744      540532      497208      564091      534524      519562      522953      517143      488140      500926      559542      498635      533071      508301      540912      526189      529673      525117      502407      549400      529291
      518137      477848      451172      481267      509149      521927      479384      485917      453408      479369      479863      481079      527319      505711      515947      505621      498754      450977      520600      473078      500818      492964      477668      452095      522075      488109      503583      493107      468292      517255      487297      501090      495490      505476      464577      485632      473660      492964      485402      518009      475982      505131      483944      513301      514916      477216      489917      493275      473750      491933      471630      539817      489842      521666      504184      507056      517296      466595      478700      502038      533556      457289      539332      483120      514301      509021      486346      484620      514131      520666      491905      504544      463872      513547      500234      502273      466484      504881      504899      488378      484772      525300      502298      542083      569890      471413      496785      484680      503593      482768      466225      474610      457451      493080      503220      498415      504604      490564      490122      475659      498618      492462      527184      509127      469413      502308      504327      479835      512028      485974      493396      482077      521842      498185      486412      487619      503766      495023      492403      485114      516368      496550      516844      503905      515769      501870      483268      483352      507735      495815      492726      526459      507827      484249      536333      467877      503653      509147      480757      507930      490437      489573      465832      462010      554387      543297      456690      485994      492075      491025      497792      543423      462352      510463      495470      471105      489069      513251      474683      525123      507555      493382      491602      495437      480022      526277      518294      471046      480542      483050      487899      441876      506379      493885      505016      538183      482444      521825      495874      521239      508342      478663      517509      503884      472205      499225      497878      484367      482490      536313      491789      510429      465663      550799      512903      515098      540805      480142      518709      499155
      506445      482362      472143      511854      506879      532633      469306      491490      476992      501833      460705      470550      520175      476352      518847      515236      489295      444862      520246      474202      502551      487517      460617      488292      503163      528659      500501      485350      463202      514732      509331      507996      503626      510037      465196      490579      487635      489659      487382      495128      498272      503661      480866      506246      502534      502669      490588      511283      506007      484203      452592      546058      522055      514655      516334      530864      523674      466848      494965      516114      532453      462024      526209      491473      513988      509760      497305      509853      499018      514635      488584      498147      482715      536345      488983      500243      476280      501549      509429      465460      472321      531516      492955      519716      564287      485380      491986      478424      513433      510969      468293      478048      481096      492545      479801      516036      526793      469575      487083      462481      513969      468649      520709      524144      471971      483109      495621      469178      540597      496146      480130      481439      537719      481112      506077      483396      486590      515149      492036      515182      542207      479109      518263      485794      516499      512011      496594      506378      514034      484458      491787      512890      516411      501819      534628      505361      488815      508818      454066      503943      472538      521056      482767      487158      509744      543355      480251      495526      501083      500239      513668      553143      459692      511540      495528      475118      496909      498449      459240      556805      514560      484265      499978      507366      447399      532278      500264      467872      474996      492588      478600      461965      513125      496714      516942      538552      462968      519540      484320      531172      518081      488989      508928      507810      488442      504785      500720      461287      476668      523877      488234      494932      472416      535554      530469      489712      524952      502033      532801      499106
      533047      514028      489552      527447      543713      552128      528978      511940      485977      514800      489743      528958      556800      521931      536297      546772      508236      474538      554846      509325      539304      495337      528837      505340      547216      541811      513108      516436      491674      541245      531260      542620      527011      533027      517832      532766      523500      497841      524348      547351      528757      579908      498397      501210      515211      521956      522861      521118      521636      513315      480497      552595      523425      535235      542325      517737      544312      508713      492832      554783      571952      500040      553871      496961      560214      536588      496568      548622      548752      522600      500689      536002      488664      524988      513105      531309      488086      521742      553867      478583      499693      563165      510653      551504      588306      487963      525800      502023      540682      494334      495481      487217      507894      546439      511913      509773      549056      523992      515775      489325      545945      514738      548862      559863      480669      529464      511043      515435      564220      541301      519769      492105      537675      515356      537428      511904      536075      501419      506273      534110      568994      496328      568110      527943      540480      538909      513493      532804      548027      533797      556146      556869      525729      540433      553510      559034      529458      545460      505976      516095      529718      533668      502424      490700      544454      564676      470658      511300      527815      513677      545097      541944      478767      533114      527535      542530      515290      545237      507778      554057      514129      534794      518022      525195      502948      541701      515169      503871      506273      501290      505766      486189      538492      528423      538706      575567      502702      560913      546406      552585      541105      526149      550245      504607      535475      550152      509853      482077      515241      560297      510520      530031      491456      555203      539549      555318      547754      515408      553185      542735
      506825      524223      471712      504301      520299      529479      515152      508827      502296      516010      498501      526736      535493      531400      533159      543752      531441      470809      550719      487024      543645      514784      517211      499162      565484      543976      502537      539037      484108      558005      514947      545396      541834      551539      527263      514542      486323      523752      513648      531482      520433      548313      510719      527233      535002      502548      531740      524596      503958      482913      491389      573606      538828      527156      529236      520248      551126      494033      513362      535320      560016      499581      558227      507231      546743      519259      478860      559305      545663      507492      505705      534130      477667      523491      515908      521101      499226      538558      547255      491052      500885      547508      506294      550099      571228      481179      515013      507555      526522      509544      475432      507616      497211      531477      542180      509482      539669      489936      509143      527462      511248      494661      569696      548669      499850      529142      515111      500272      563420      518886      497871      530049      547314      520126      510827      507214      509521      508157      504746      538918      578163      526593      535850      516057      553317      528330      514634      517223      532243      516087      505011      543750      526486      512778      583034      539075      529100      540549      493601      530678      525584      530352      480674      488015      578974      566845      497001      515878      501229      504048      533709      561920      493368      548628      526456      510335      522908      531494      473002      550671      528777      494056      523152      526508      480337      562136      541823      480649      483303      535829      512768      501623      527373      530509      537282      546960      517147      568991      529255      547967      545188      527217      551580      513453      510335      513507      528632      468857      528045      564416      503632      521551      497916      570181      557854      534398      547676      499478      552520      542708
      528697      506458      467650      520061      521878      553286      501223      516574      485348      508339      482596      513071      557182      531518      512957      527939      516876      477057      539563      479321      533397      495274      488555      496417      543570      527847      507660      513953      476477      532104      516417      542464      522599      526805      513034      528349      491601      520462      505732      504468      522382      539142      499851      520772      528950      514665      503895      512278      505417      520957      485632      562611      526166      510259      526881      541637      541947      501185      499388      527533      543696      501150      556457      485114      544943      544041      500581      521781      521720      511387      515007      528572      487432      532508      518204      515798      497488      520213      529192      487551      503589      536711      486794      541591      572011      480411      504938      510019      539639      503020      487899      501393      477877      524162      517181      534017      549875      480890      515699      484371      518795      496628      565628      561104      480129      527735      489253      504216      541651      511574      500617      486058      549466      506351      505143      512373      524085      513588      510914      518616      556353      489254      529541      508921      537736      529029      505516      527104      532497      529860      531232      555189      546501      544079      571628      516570      512724      552128      480921      506218      498695      518525      485525      511944      526126      561871      492992      485073      495135      499008      538377      555988      483994      531278      525027      522837      515733      521909      476359      575048      536758      517279      529728      533845      474580      575617      524786      500747      486323      485747      489864      499433      533473      527634      537196      532079      515906      543556      509820      547643      518671      509021      537984      508608      529449      513107      496902      477059      510149      534565      505553      528078      484499      546782      521653      508585      533564      510557      557177      532283
      526324      477105      476971      491299      534763      508381      500197      504727      477836      491828      477563      508964      524162      524019      510247      531682      544734      465745      527653      480968      517341      481400      475990      496435      533749      510526      489117      475579      474660      515014      520511      525934      518516      500173      490693      497479      479748      500801      499837      507413      493617      513676      482242      500266      513352      491707      492294      489441      485188      491902      447475      553059      496704      522740      503882      505475      518461      459755      490027      534883      539948      477958      531413      487642      530602      501116      498488      479027      493128      519109      491712      519348      471026      527371      496571      511681      485254      502309      522254      476082      506493      524698      485469      553870      566366      467799      492904      489504      511893      527992      481994      487315      452261      510950      528579      488719      521959      468487      509165      481448      531685      481250      535231      541479      488176      526568      498623      492881      542067      482380      469370      489940      525657      496693      490564      486119      502143      508517      470798      491721      547783      477289      505990      501177      517418      488674      481563      490307      501399      516522      510271      535682      510556      500729      545281      504906      500336      519228      484377      509004      508934      484223      482189      475151      519079      543211      462989      497451      507349      494973      494000      552224      477620      518413      515091      503121      502221      515291      464805      544993      504239      521100      515359      529243      492506      518398      526336      474945      465916      508457      476967      479529      501957      517436      516069      532178      487959      524948      529233      521980      498031      475831      541492      514438      487296      501541      504333      479972      504294      538752      479690      529611      490945      533228      543320      514599      519055      491974      531303      508825
      501510      442314      451917      475845      522806      520971      471194      470759      446712      472418      450830      482515      512540      483826      480028      497281      481480      437477      508267      458196      501246      460412      470492      480363      525033      494637      468071      459113      431059      493449      491242      499656      473259      479158      465290      495469      466939      473134      477573      478017      460853      493367      474747      470792      478602      479035      470427      500980      459284      471578      447198      521229      494988      493002      498343      474154      486012      442126      472738      503614      526578      451670      495202      461783      489866      488255      467548      467804      499771      477418      461890      491377      457841      487809      454847      461339      459630      476081      491303      488732      472149      529865      472255      505346      556219      460299      474960      461648      480785      474995      469371      459265      464617      484119      486723      510995      523524      454672      488967      458266      485354      463471      509671      534364      443575      475110      454812      459665      483976      482845      471896      472281      507461      460997      482615      474381      466948      459258      497577      499796      503609      456302      491344      493161      512509      506440      494798      509911      498440      502275      502779      514857      468098      499574      521616      484955      462251      498926      460160      489671      468705      484009      442149      463637      504880      541701      455115      486169      463234      456637      511118      516446      461252      489500      498419      478985      501195      457567      439217      510389      504443      491669      500410      505571      457393      531850      510660      447160      450745      462687      459978      465450      495649      462333      518296      517420      469163      505289      479902      521689      479980      458745      491962      482811      465612      476597      504262      442687      459434      532643      473914      512667      463900      531052      510666      507575      498642      478457      499566      487898
      522852      464007      479705      489939      511845      529417      494594      482299      463514      499650      473271      488368      527410      496522      527757      521740      498767      447229      530488      450478      523359      480580      478191      470932      517251      503321      501691      505241      486766      531225      480606      533087      506460      506703      500344      500413      480252      492529      517073      493733      525534      520217      510508      485736      505277      475644      488189      494309      485682      488312      482497      551293      491660      509726      529034      531280      512006      465303      484489      513757      520039      479708      548405      474351      511059      517224      474855      503089      508988      521133      493329      503721      471950      513879      499390      490151      471472      502888      504891      469833      472668      532038      515057      519252      567956      455435      506390      481023      505115      486864      470545      475156      489631      498560      501356      493242      521642      467267      494809      495312      502148      487678      524593      525933      458114      496574      484524      497911      523890      483443      511215      487158      536608      502770      489242      481980      500034      506883      504125      505607      516180      467875      522756      503443      480399      525395      475346      506623      503037      496138      513866      528866      525510      513256      558029      499806      508168      522043      481862      502010      498774      507834      466339      473313      523552      553962      472060      488620      509628      496064      501090      526298      471855      500660      536076      476205      498624      504023      467224      551987      500995      479125      499758      524254      470558      520424      534412      471261      489426      465147      498529      479172      504882      474609      511893      561801      502279      524625      499469      541242      526782      488617      520265      489281      498762      489451      503749      465948      500986      551721      497017      531051      490984      523071      509719      519545      529321      489568      509708      510093
      497991      466374      464034      489950      535364      530932      484378      476806      464413      479894      462444      488109      524950      488637      477978      508995      489352      441326      517110      451209      493438      478350      468406      482016      502963      499899      481002      468679      445640      525548      476786      485973      493507      478765      481960      489005      472070      485630      480916      501773      471742      507485      489864      486501      499697      473020      465031      458424      456191      468693      454334      510901      512964      497476      506510      489869      505091      449013      480842      511603      510543      443645      501351      451020      495826      488785      435068      497520      496833      492316      456102      507145      462796      511436      475542      484244      474211      463635      491017      467344      485615      527559      481075      509675      540222      454981      489046      459057      491645      470602      451252      450361      465791      503066      493239      476536      489780      448106      476260      463183      493203      470917      503325      520829      439554      497711      482027      489241      518154      473203      486253      457327      510179      461938      493202      472764      470837      465233      490189      475490      498500      465404      511213      472207      494883      490987      471185      472719      486279      495243      496504      501241      488840      489615      536730      508457      476368      496200      456891      489167      486992      459178      456807      453289      523293      526107      449107      485856      480205      486880      501351      533055      447599      502105      508539      472084      472967      497411      456754      508021      470719      490899      493341      509517      469289      491099      494586      447604      447975      489222      471726      464132      501269      501194      489247      514757      473296      529060      514240      497220      503293      465465      493623      474806      465242      476296      503877      448022      492424      514919      443072      496069      482569      522429      517883      492333      473265      489723      512990      508355
      475388      461170      435872      462832      484172      503802      434114      484845      456652      497187      416039      459400      486869      472859      443241      473358      444315      444581      499260      435638      486915      461497      456908      447821      488150      486130      473778      460683      409994      491289      463333      479666      470118      474090      461759      464205      436217      460713      465283      468003      454386      466517      453454      467123      478633      473386      466014      470594      461678      460253      449159      493193      482081      481163      485500      468151      492150      447455      446879      459675      493830      440054      476375      446984      472375      492396      429034      502645      488664      458548      456977      487461      428736      491231      476166      447407      427529      485391      477242      449411      457021      497716      472937      477433      518624      416637      450033      460722      495715      439141      441867      444173      435953      480990      467824      457551      482164      463112      471848      439699      475784      472022      494133      474555      430388      470407      455496      452083      510120      484959      479647      437582      488793      474267      467833      461844      470433      455966      459233      469671      506089      431657      490635      483244      487524      485883      452294      450304      479920      465948      465654      472906      501614      476032      520762      500325      456854      478726      444387      459301      457093      463015      430101      454733      483082      504018      433854      434334      463405      471115      499218      509394      423232      475131      486501      456974      469556      493911      435436      499415      496993      464878      458756      449246      452511      486798      469926      442506      430022      446739      478264      454934      484905      469146      503249      504657      461429      481639      450810      504175      481716      468764      483593      451358      447708      457519      454426      445541      454779      480634      449020      467875      463565      488630      499602      478126      475991      454192      501972      495723
      488788      460233      451366      475044      511499      521610      474043      487029      463723      486800      456150      472484      504518      481837      480666      502636      474266      417797      500711      460006      503349      454062      461542      444329      498300      505639      474923      474669      458777      508895      476456      498417      482809      488580      463900      493245      470638      484840      479600      495369      475267      486652      469305      467234      501009      477611      480491      497963      478671      468801      458992      525260      513821      502143      512839      505795      509469      446683      488298      502078      516820      478374      488178      466807      487937      497175      442355      493960      485829      484920      478377      486098      463573      511456      458416      500212      442780      500129      494846      464193      473346      545865      471340      497578      542062      454845      481467      480676      499598      473266      457069      466201      474158      484173      481481      488243      496175      463920      486897      470544      491541      471895      514662      522373      444991      498130      488104      473210      498716      486436      479711      467058      511714      469998      491494      461779      495269      491240      481582      489835      519736      448555      522938      485668      504380      514582      477839      466876      505338      480540      497052      509670      501200      493090      538487      472555      486858      504682      460908      486434      472104      489603      470468      448975      522292      540582      470178      470868      490545      466668      495904      519289      464181      505955      511165      464328      468720      481002      458823      520266      469831      486710      478902      497089      474924      513990      491342      445471      474761      469347      465375      461711      492995      485217      515388      544967      479735      516089      456762      516560      498275      478189      498239      506425      485837      496201      498819      486104      493651      514321      474452      488910      477244      503855      501456      487444      492743      465863      519299      511939
      486631      483324      463258      479918      543126      518964      473507      479259      470080      510744      481906      487211      520402      500387      487462      494885      500651      475226      517732      454053      501674      487871      470185      464979      538430      504125      478142      488752      455739      530887      512564      506512      498366      498610      470571      489171      472799      480893      502989      477878      474917      511786      487399      500101      527721      511658      501287      498553      487883      475741      456429      548188      505882      489947      520100      501016      513991      461994      469711      506730      534765      460409      504477      482466      521920      506501      474502      509602      512865      499843      479405      511112      464150      524496      481969      487489      482164      509614      499694      469719      495017      524468      505330      556386      563006      470232      485562      454250      512393      481631      463656      475436      465344      506178      515160      490078      534245      484146      504728      479996      507928      483719      497136      517887      473859      510095      524608      473624      535702      490356      480620      501355      522021      493999      502277      466271      479343      495051      494510      474777      500899      474730      539561      478410      520096      503966      463894      480840      481756      519588      495219      531671      528408      514306      544052      508135      476148      504502      475562      490737      503893      504357      452723      484133      521337      546442      466595      485428      511704      492657      501282      532068      468036      504432      510141      512690      490974      508485      458119      528306      508816      482306      502471      508473      480122      529047      520486      454245      462741      476308      503005      476881      518801      484415      530188      540017      494524      520699      523469      534854      508588      486073      517764      495360      495888      502068      513327      457960      496295      525944      466989      502449      486867      521423      499364      521467      500874      502566      512058      498676
      527530      502947      499532      557475      561647      558691      521371      515243      483972      547846      504317      521312      576512      533065      547301      572972      529066      491783      564710      495254      556980      523188      503170      541925      565338      561260      544626      547509      489954      576685      528495      537910      546176      539365      523592      538888      509943      523670      539215      552851      525207      556065      528624      531888      539684      508186      534191      554405      533712      514978      504269      589002      538888      556639      572554      556157      552008      503704      522954      559961      586655      505420      563722      516098      539499      544365      517546      565666      576798      543562      519071      568227      491820      562687      521520      534369      505189      541316      549201      527726      525564      576319      514814      559014      607867      498939      520970      534996      547854      522456      499457      500432      510477      555976      546051      561606      586875      509234      542664      505943      559326      523459      560790      584290      488168      537883      502423      528741      562751      568717      518062      515804      559714      555156      531126      535640      536209      515039      539416      530302      562863      519811      541560      530141      569109      540477      533215      510607      536883      551726      544496      548502      543669      564115      578096      560250      540017      541517      517157      557249      526195      531745      510233      531618      570120      589112      508231      514036      531100      518415      567017      582914      522775      550521      553783      546069      531244      545136      474934      575731      530137      542305      565588      538755      521221      567992      541460      512726      505215      525324      539961      514303      555980      544756      562513      577173      528545      579913      535669      575571      537361      521661      559280      543436      527712      534510      547794      489371      526208      577463      517114      547394      502150      565631      553467      540222      562285      512670      568730      565580
      477209      481987      460410      480079      487171      530696      478920      468140      440889      463212      454011      476321      518438      487541      500635      485277      491369      445130      527787      449461      494169      482838      466583      466064      498174      477012      490901      471741      439798      472537      489893      483116      471335      476821      471460      489122      456901      500789      465117      477982      474158      480843      463936      492407      488135      467267      490555      479577      487398      482480      464141      512415      481459      488487      505661      480756      502103      474373      470974      487818      507257      450137      516177      456644      495822      479630      479201      487739      495663      483993      466659      514622      462674      497529      482142      494699      440260      485668      503349      454614      477382      514799      463443      487630      562839      456698      486101      460778      478193      488245      443031      459625      448410      486555      493302      484588      511392      467170      474502      452137      495770      475457      499717      493342      450240      472110      486753      485949      525365      479360      481271      465774      504285      456064      484140      479878      483807      484287      493117      487125      507399      461664      508535      478264      503487      489803      482142      473866      490722      504533      501338      491934      485408      487268      521771      495050      481083      511834      455450      486333      466637      459844      457178      487112      512559      536555      447338      468493      495384      470431      511997      531278      439501      506424      478430      479880      485966      467243      430390      518845      481999      483782      493241      498794      487429      512823      491764      434251      465665      465497      482825      453822      505330      474371      498939      512165      470953      507055      488207      501098      503257      502359      508915      470763      461921      482326      479775      438951      470547      514109      458652      483036      478978      524072      498579      493231      504502      458778      524774      509011
      498894      479909      486999      500162      522067      532827      488223      529841      472629      514514      488043      483736      538381      490655      506243      520069      491496      447791      532511      475571      508275      509805      469444      469346      509381      519386      520399      473803      454344      537786      523316      540472      514625      519062      505943      497993      487928      479837      491017      525300      501430      544838      500734      497366      516660      482779      494684      504563      483518      494047      471605      554409      502020      514252      522642      502501      542102      468690      469678      532036      541951      465624      530892      489216      535718      506908      476661      499071      514128      501771      479944      530003      485916      495729      494780      497243      481732      492070      522221      469506      502925      545585      493810      528771      571639      470383      486113      482338      516494      481310      461996      484466      466467      530239      501323      504390      518767      468339      496746      480217      503075      493387      524428      535647      448093      519754      508995      487545      523246      505393      493342      477938      542895      479373      512137      480631      514550      489829      507596      514074      548808      479007      529219      491900      523939      510536      499221      510525      524696      520148      525249      525389      525374      523453      559974      520298      494672      512623      486070      506774      487779      497841      462618      485283      500997      534974      473339      503017      493570      486147      520731      551157      467777      517382      507048      480468      483721      535809      448120      538437      503667      493197      524940      505985      482528      529223      513483      474377      468146      496074      489953      465936      516241      497817      533358      550622      474379      532393      533199      544964      508206      480741      520089      494910      494617      494974      505147      452461      489593      543029      476567      496546      493899      543334      538596      538708      502629      497097      550623      526036
      541176      522384      507141      530793      565427      560165      514886      534386      481961      542435      490701      535223      560321      559931      545147      534906      532538      518834      569820      525440      553217      538561      518440      516053      567006      553441      546925      529560      509669      569643      535197      553731      534564      544800      508249      525598      525044      520220      533896      551629      533811      581230      520001      522346      543285      528239      511773      527145      506428      523583      507664      571640      539413      537870      532360      525271      555909      508476      498639      540905      557172      508596      546796      516860      565423      546982      535613      557575      547720      534180      531264      553144      515430      560909      546209      519618      480248      553548      540424      497493      536284      570303      541583      550558      597216      507311      555868      510052      541267      510561      507446      480916      492762      535520      520408      521573      552112      501338      523304      518410      550955      513085      562152      564261      480900      545355      520698      532436      589511      549855      529311      503717      551316      524431      528704      514166      532256      523204      541419      532065      552211      505682      540566      518087      554832      539926      526497      517632      553526      545222      541472      576164      545450      539274      578791      562167      514796      543416      494240      526135      529248      510277      498947      495565      569810      560611      485547      515626      528224      544568      562750      585619      485428      548088      540306      552224      513001      529531      501314      557486      527183      527771      565034      534482      518184      575496      562187      494807      493928      521048      516117      511326      551179      541614      523780      582625      525737      561635      536578      551103      552015      523038      560903      534842      510271      518657      546818      512022      510299      581906      535555      554977      516326      590728      575894      558721      552299      517025      554986      536650
      500310      473200      453265      467793      539950      516341      465412      481671      458178      485707      454276      479904      520328      483337      489790      493821      464525      444711      510594      457871      499543      467085      449493      455171      511196      504283      489224      496189      429629      514305      505552      512371      504067      485688      475485      500941      464549      498080      492006      500618      491694      486874      455338      496518      477891      469635      495963      481529      475705      483581      475746      523434      466055      499900      502543      501519      519720      459323      455922      492703      519101      464952      516995      458136      522160      498392      489545      504516      492535      485377      465744      520204      448452      501931      495914      468849      448471      507579      503250      456477      486723      525814      481145      505617      553315      456981      490291      469222      481738      469325      448616      466770      465902      499620      478606      490539      529997      465207      482165      462293      489201      455501      528405      515198      436098      489914      470140      472686      527415      506692      466534      471841      489086      488103      493440      495837      488118      480544      472811      499399      508809      462223      481541      471551      494798      508062      505325      491790      490909      495051      525633      497365      500665      515056      521633      496225      468608      515419      450634      490821      466111      480381      467676      463095      516724      534220      470135      464275      480531      479141      531384      530656      449346      507568      495103      501762      495477      480121      444239      538552      480615      505486      515673      510246      486067      493846      524005      449518      459889      492210      480006      470599      518305      488238      499604      509132      481097      506033      498946      540398      487701      468864      508711      508170      456797      498602      477704      420338      474483      529392      478102      502892      472620      528269      493509      490778      488263      494894      534692      514836
      525461      492549      488660      519019      520293      537325      487438      498121      455917      538698      482656      508932      549338      520272      531447      533265      537985      475457      533499      496875      540961      500439      508651      508237      544410      529935      503108      508248      473068      531504      525418      551235      515294      541021      503435      514097      479149      508336      506633      495503      511616      515806      511344      515271      522560      494043      500986      523521      505584      513826      508559      558592      536038      513492      522805      520962      541960      476965      516099      531587      549076      508874      551803      500111      538385      524392      501895      547731      527983      505536      514998      519758      483570      535714      518442      498567      506477      532997      514924      478964      498577      558614      503959      525842      572074      477461      526853      510233      530424      506247      486940      501237      484973      525562      519058      518914      536593      508142      533226      501304      542269      499846      550687      545886      502079      543163      493103      505278      559048      532723      494158      495117      538607      492907      496012      512222      503439      514640      507918      504758      550422      494744      516528      509454      539355      526465      521628      508686      528430      518550      520623      521819      530085      540290      564555      550436      506669      512272      485168      540593      518710      537314      508682      509879      549272      579152      501464      494292      518632      490227      524607      554252      506768      527966      511849      510855      517102      530177      474072      538191      516420      513733      524736      524304      468797      559870      545913      479710      495168      519234      505097      517533      535055      524528      528470      547526      525878      562474      512124      552390      529611      497199      543201      530825      503741      515811      536356      494598      528623      550538      501029      521580      496270      555987      540264      521788      532436      487397      526736      554087
      530607      510733      485343      528098      564562      538895      509205      514382      494540      534666      482497      548123      567996      534822      535168      540927      511535      484222      559134      475559      538957      513558      496304      508970      539761      545210      509535      540217      455486      551095      504072      530525      539662      530063      502591      532257      507486      525828      529197      547347      524943      533392      511258      521189      520367      501991      516266      509465      522754      522610      508709      558386      524052      530271      541724      545371      530809      499522      488261      520222      536470      486951      556112      507252      522282      539410      511125      516709      546882      534363      520254      532776      491183      542676      531405      511196      487919      532421      537681      489625      487808      550638      509005      549303      581714      489160      524273      488473      534837      506034      488146      482642      496554      507931      503545      523923      571785      504545      539499      513558      537701      515403      539725      547895      468959      505010      502135      520862      540086      530765      521914      489021      534829      524516      533219      516203      506775      491974      519983      547158      548498      501386      546946      516254      546036      532734      501164      515131      547855      555852      521737      540340      555057      546374      570716      520772      493692      532145      528623      538465      525979      512108      477773      506629      553946      572861      500723      490696      547809      507724      533106      554224      472882      520817      522477      530564      530667      509391      488394      562466      536297      532531      516547      511071      510657      552247      538484      495570      485018      498486      534771      504961      542628      521134      535234      564253      521178      541125      537434      568109      529534      521689      541162      522293      509471      516123      539485      475924      505133      555791      463888      527030      518981      549379      528385      543552      547739      515691      564624      547886
      534718      530804      495546      511115      532230      570164      534772      515939      511648      544591      520399      524494      572504      521657      542876      545978      516846      469217      548665      501868      586186      514692      517936      515477      579137      552122      541872      538192      471481      559889      541468      569850      537920      550100      514230      536052      537146      527404      523556      530653      543190      568467      492445      540498      549183      507004      535376      543592      520824      505986      502376      586686      540496      525787      553706      529514      560614      511166      486022      546553      562775      509992      571037      489961      544437      545651      525015      544895      554836      555482      512132      563371      510481      541277      523775      517228      516015      539887      532419      508081      514235      589767      537163      558268      603399      512210      520148      524373      535885      493922      493247      513716      514328      563823      531421      527398      552725      506294      539770      507738      538221      518900      582998      570064      483112      539054      535817      525626      554329      551178      522505      534409      540718      513609      490772      530037      533155      524022      525050      535462      573211      510301      531562      515230      550106      534185      541644      537357      559661      521097      543667      547170      554186      556194      595646      544671      533541      530389      515181      533587      521478      541251      509728      521751      564177      590684      518057      507044      521130      497050      540269      570102      485672      562754      533406      510590      518372      531381      497085      566398      529041      535901      536934      536727      504123      558913      560609      498677      486712      524149      547719      508331      548909      543930      553714      570308      508143      574556      532756      576202      543029      530033      555300      530939      518099      534072      554465      482438      518289      570684      531512      548439      520665      582635      541942      565568      554115      509702      566724      560451
      520324      500344      486253      507897      516360      553910      514403      534902      518529      507036      502567      514933      569868      504992      526341      542952      524849      463239      542278      490500      549064      494233      505744      516817      545879      546417      493221      511615      479361      538435      506224      532132      524418      521048      485553      536478      511632      519342      503696      510239      493331      541418      495639      528098      516724      526338      506379      518558      515660      500982      494745      548094      513076      512099      523326      505669      524489      491988      469554      533733      544639      498726      528858      494772      546456      523516      500389      513430      535355      525608      506885      534703      476567      524281      501002      524015      494010      512052      525586      487388      509860      551433      525538      542319      599686      503583      512428      520861      525220      504027      486622      496079      488713      536410      521269      515190      548726      508264      505822      484460      536425      507749      530843      537724      477844      516826      508027      524933      553712      523427      497714      493636      544030      502953      514543      507947      515656      517786      514582      513987      546610      480561      538319      491029      514428      549610      536622      506067      533821      535228      527104      550375      536148      533527      556719      541686      511999      531993      503556      531460      502715      512339      481411      497910      554033      541724      495292      515773      501680      493994      528255      542692      473421      527241      536435      495186      510819      514684      482720      550997      515435      520128      518673      532233      499075      533675      515120      472178      486279      471221      494746      487348      536077      512727      528529      555492      490766      550932      517016      562617      521834      520997      543142      494402      542571      504437      527289      477447      509988      555841      511537      530615      489768      546645      534954      537552      539059      523240      535322      528890
      545815      511031      506160      516841      553993      554822      491566      524790      507829      522389      502995      498538      557695      520442      511770      551296      530694      492732      567491      477054      548549      499856      490731      528461      567331      523137      509919      491578      503970      549001      532680      540790      530009      531387      489176      537070      501887      506894      510845      511557      494502      525679      498690      515257      548833      516953      500860      523779      516621      510176      476802      567170      528143      519381      553012      518357      522910      492994      495580      542390      539414      482690      507527      502697      528678      529146      515942      534023      527186      538581      522050      534739      500634      538537      500998      515951      482916      523096      522578      485006      494576      538256      509730      534632      587522      494997      523239      492700      541979      517356      491053      507929      503904      530930      544286      518940      551487      497814      514793      471959      547974      513613      551985      540452      490954      547794      537220      513785      565773      544244      508028      508572      536708      508170      520621      516722      516427      516256      529503      498166      562161      495133      518618      517708      536821      531796      507932      493909      526031      508078      529018      561504      533057      514829      582263      519885      525398      516168      480957      514430      530279      519413      490411      500196      525335      573270      516652      509505      546809      505391      549857      573978      497800      535553      526606      528564      511715      535211      481888      548510      516738      548074      540165      530315      507147      551781      531253      479423      487030      511375      507251      478228      545112      521292      537152      554735      512228      571471      530365      574110      534390      507756      541946      524225      493131      512618      532591      494520      520971      543089      497928      522830      493328      567657      543779      540773      511943      481914      548145      560661
      505664      484944      464219      526360      512393      525129      477675      497932      465347      508012      462505      504443      538225      489605      496845      533626      498073      447774      559335      471346      515058      493148      454481      505292      529555      521558      496823      497369      459005      511678      510570      506706      527498      496050      475674      490706      483697      503332      497027      492533      510797      523880      495161      513780      522412      496780      489611      509415      499052      500198      450215      553271      525917      516445      521508      512091      528364      479783      498102      512451      532285      465263      531080      462318      524093      504262      496073      532887      526694      501159      486168      512537      487188      522960      473846      492928      468192      522508      496378      466787      505016      525087      499395      524150      551521      474883      495154      479099      496951      503580      485092      484802      466872      501189      503764      504364      528443      473098      510047      454502      497900      488630      530026      523290      458429      492078      489532      478598      517570      522044      498343      479553      531532      508213      514083      514983      507345      492012      502534      495869      525503      468677      515288      511059      522196      512619      492176      491997      511979      524279      508719      522497      523094      526044      549493      508865      491998      495001      481783      513864      488958      499770      462414      496244      504240      541249      499770      490571      513334      511172      521238      546065      442110      513211      508794      487519      484501      488525      463234      526065      515761      496798      502000      506016      471903      528864      530448      469350      469024      511965      497445      476156      514987      497579      526015      535244      478949      514863      490478      511550      517646      495962      500222      505144      488475      505379      494002      463465      498304      540877      469421      492821      503579      541740      536320      521216      510395      497960      518374      540064
      500572      492766      461365      509243      528336      546821      500637      515828      481267      502929      479955      531341      536977      521074      488956      529536      501126      459150      546548      463635      535759      495824      476759      497307      551489      507313      488634      499756      467904      512704      517187      520311      530055      506378      491841      538350      472941      523009      495070      518514      497759      509955      489950      510929      509744      505509      501386      507271      491935      488924      477269      539519      512581      527313      520732      525558      530352      470492      474136      511989      524367      481487      524413      490417      512281      499289      485354      506699      521344      505618      485853      534350      511253      530297      473312      517828      486919      503549      502402      475908      484821      532660      484735      507609      570921      487367      487894      508292      507678      522763      470796      504023      498787      541700      510532      492825      517124      481427      510018      484534      533670      481243      542959      540851      465903      507890      503115      494480      525614      505706      501062      479818      551600      494611      505996      507620      514064      490150      501978      514535      538077      476961      537695      491613      519914      528047      502438      503969      511344      524353      525016      526983      535913      525739      549307      478794      497395      526703      477518      501773      477452      493092      460045      496812      548534      561876      478283      467708      489844      486078      524236      571272      497079      510867      506694      488455      506872      496008      457653      516299      534383      508657      521984      509418      486121      534600      518592      477426      464219      474823      509008      482044      519952      516285      539752      530456      498074      523387      517450      536848      514953      514762      535858      514582      501759      516211      530691      486336      506731      525696      475684      539554      509837      540900      508845      488035      531300      493557      537713      520699
      521063      502072      447365      491202      499327      526763      482756      487200      497948      485828      465397      495209      536884      515093      515735      525035      496111      457061      541429      482446      522589      490934      457651      488466      557003      535872      490796      498351      458070      536168      513372      502831      498104      504153      470633      485236      469034      491036      496280      511803      511903      527567      507829      511554      501687      486333      505121      505426      494864      495870      456251      538208      503907      518974      524091      497187      520267      477066      494008      504421      552818      469428      532513      480464      518979      523695      501657      494397      518705      498653      486646      492046      470609      511414      499277      533690      451771      513178      514804      475874      505696      528948      478636      527642      561800      476214      482643      482735      491908      472500      467420      478058      471723      489861      504663      505668      539763      453193      506433      474577      513911      478417      529927      537397      465603      530963      497530      482747      536308      518637      469399      481432      517000      505093      485058      482916      510676      466895      501635      473955      539246      477908      522879      479642      527573      493184      498486      519521      506534      519617      516462      521807      522245      536932      549517      496776      513359      515954      471311      511508      486414      492958      490858      488932      542888      542851      447824      481916      511862      494250      512152      532496      472633      511320      517207      487866      491101      497379      453916      536025      513195      523939      508845      495847      481099      534873      523175      471372      488724      502783      495951      472961      516534      498801      502880      529053      500043      513867      511556      535001      511525      472599      539922      504886      478239      500199      493886      478696      489969      519797      475845      517624      493745      521292      521181      500781      500544      502653      546814      529423
      501812      494093      487358      510545      534015      556415      484887      506833      486331      505973      461442      498439      535896      507155      515144      533269      504124      487105      543945      484538      528506      497679      510655      478502      560091      533435      504312      511143      476915      528146      490934      525383      499759      528009      502213      490967      503173      490967      529225      506778      502177      537520      479609      531553      528469      496482      523777      528327      502314      504494      484127      559126      514542      508019      531919      504991      532710      495812      476216      517591      556172      488064      541334      472964      532773      530385      495830      525693      526666      532221      509133      521787      487000      523792      514366      511663      509881      510171      524199      503163      479940      532640      504969      550869      573604      482048      513452      485063      521389      508446      493567      477550      476240      498360      512063      510401      532456      478295      478390      493754      505141      491517      566152      564029      472197      514924      506403      502407      552205      515899      501541      497835      551808      509162      508997      501083      505273      506709      520326      506203      572898      485340      527999      517800      528963      520948      500464      513356      531753      521120      522706      536177      522644      539848      543972      536124      504806      541910      464060      520817      516870      528692      495381      469203      538799      539080      471954      517239      499594      481598      534474      565100      468375      513675      534087      513522      500103      505960      486592      573518      514786      508047      508454      535851      498652      546436      537093      484661      485218      529151      505883      495726      522962      491569      548447      539198      503022      529707      480189      550289      539190      496890      565052      513566      501942      512101      503399      475972      487888      544808      496320      516966      483025      556922      534797      530071      541041      489991      570074      540923
      555774      492594      466687      514389      532297      548423      499496      511694      487393      504363      485145      490250      540882      532573      515501      513970      520646      487749      551338      477258      535300      488468      508410      469609      572425      521600      501194      498968      489294      536539      505490      548468      515549      521898      480107      509700      495230      511154      508073      514830      499114      542789      498597      514204      516304      514740      514393      510460      501890      495648      476777      556374      520880      516730      522047      511194      511242      465239      501585      530716      562213      478349      541557      492372      524814      529754      500216      534105      532698      520941      516877      518406      492168      505192      494607      509975      469423      517895      528421      478056      505940      542934      512498      540144      588145      493735      501077      507307      525286      505775      467102      507515      480832      519432      524564      513980      538124      496930      508678      487728      516816      476475      540606      545019      477396      524857      517773      496850      575998      511766      494827      512052      554360      501079      508880      500896      532764      505897      502842      507253      554556      498683      505743      515913      536662      521071      515277      510344      503524      495250      518802      561289      528374      515363      567283      508465      512106      515850      487843      495245      499496      515483      476498      474270      546041      565624      471276      510913      505980      507710      543473      576585      505149      518862      530082      503780      508882      511260      475854      540797      527266      531784      515478      535543      483221      538102      530090      487800      478572      506591      503258      475128      532791      498717      522505      555562      516305      543628      532266      553026      527635      499472      534018      525601      492144      500678      512032      475681      507536      560836      492402      521366      491714      570907      543641      502181      522842      517006      564080      508198
      518203      505412      477552      509043      512810      530616      487575      492316      482817      511394      454833      509806      534283      506515      522939      541564      498992      468953      520456      466135      546482      511851      500476      488676      539607      529143      509587      505671      472575      517681      504785      507936      502641      509343      485638      506314      474613      506498      493656      528327      479235      530733      494677      502108      532372      509018      497344      485790      487752      501519      502291      549189      512175      510283      523692      499987      507743      493306      494077      512925      541542      468342      517157      483913      522092      504636      491147      515155      531311      520639      491512      534737      475113      546795      498937      521282      470121      521043      510360      489082      496497      530002      499356      524374      567921      489907      524767      493727      532904      497937      476363      473122      471945      524716      508643      531958      527386      489618      485558      483126      526528      513876      541599      528053      480551      511490      490605      489165      537782      507514      480301      495005      534551      480006      490770      492604      509350      476816      493855      493448      527183      478452      517992      498688      541791      519230      498645      497268      514975      493574      503039      522913      509644      520344      565469      529345      502274      521591      465586      518451      511519      504474      463438      480897      549243      548968      473237      471553      486916      492079      538056      547479      493323      502283      511546      485234      497536      492354      459511      501885      524113      520031      542477      508628      471924      543509      506029      488801      458247      494448      494490      472104      536073      516713      522270      546756      493676      521022      482999      528570      525256      490801      531708      497123      489218      465584      514422      485918      493454      538279      489856      522909      482879      557411      528767      513293      546128      491902      525564      515646
      554707      526445      537978      544761      567824      587131      535680      544347      511941      553648      512837      542779      592537      547396      549709      576348      532716      511453      576757      506847      568336      538865      515742      540563      598184      555512      554611      545106      482647      565484      568576      564213      551658      553700      544061      568083      515403      565403      588738      554893      545838      584036      543777      549552      570079      544343      535891      546363      571687      550105      527867      588789      551369      568202      575040      543731      558108      510998      510578      570991      591128      496763      574358      528730      569265      553258      564369      571470      571557      547049      516378      565283      532749      566721      543425      541017      525805      576339      554017      523890      567832      578686      541868      564272      626712      503160      552347      534754      560811      542622      528699      537109      509183      566542      542495      531846      586517      498357      553965      530496      564710      537930      590420      589900      491036      544417      529558      547896      580467      552753      514448      517420      581391      541817      558388      526943      541900      559889      563741      560072      587258      513604      565013      545417      570278      559122      555628      547940      570139      559972      527794      574850      574541      583122      583816      560493      524366      575448      534837      570823      518528      558773      522106      549833      588727      595905      534049      518095      542170      525705      568653      593935      515259      546642      549008      558007      546134      558456      506324      584717      543903      549467      566146      557104      522056      586361      566136      510880      511495      530791      544652      527336      595366      562282      577801      584062      549627      579701      568835      588763      567529      545675      572356      554338      534803      534715      553915      502137      542881      600466      546539      554940      558849      582036      563331      588742      583160      526063      581695      567167
      508915      494240      477949      496846      524253      539354      486516      487415      475184      516938      467377      500152      548144      492725      499419      525530      500010      460609      517884      452626      516566      487493      484532      487558      554153      498428      496128      480959      462329      527025      496221      494063      523770      504632      481700      519351      490032      517285      496070      510754      481206      520310      490154      489811      497191      492168      486349      488011      496559      477764      471085      543136      499005      512773      512628      488471      525935      477286      482864      507820      519957      472359      517618      488021      519383      502272      495913      513111      507752      505938      482965      531613      473946      536710      492167      497855      472848      498812      506995      460974      496390      533569      493290      494164      561253      470111      518776      486306      492471      498302      477437      481552      488022      496457      493075      525214      523692      458392      489851      467022      522780      470286      526593      519430      465656      485273      512275      476030      521193      504261      492073      476452      515828      495725      500468      483307      495457      499141      508757      484581      521266      470745      496499      481315      533848      506131      497824      488264      500821      509360      484643      505191      514017      531630      526422      502148      487627      523097      459300      494321      494266      497483      475545      484265      529472      541213      474047      466288      485047      494512      530885      535413      480160      513041      497686      488634      496197      503250      458347      531153      493259      517603      549035      504704      500279      514536      511296      480457      465063      499637      494501      450591      522157      510059      518785      521647      490204      513264      498956      532300      500984      481136      528503      502374      493118      503788      510859      466737      501654      548623      477512      520449      487375      533120      509183      491576      523793      471050      522912      507584
      521342      503899      463353      513654      528250      559298      497867      512924      472470      519471      486377      488832      553722      520461      507937      517230      504871      458613      539474      508634      526788      491817      472847      490919      526062      518957      534130      497039      479306      543859      502734      538632      488304      494426      488868      511285      488074      502357      510940      509656      525248      520612      492067      516037      531404      509185      519973      519372      498886      516648      469493      547791      517939      521081      532914      507173      515530      471988      488571      513941      553932      478861      533189      479993      531881      519320      513192      525120      544635      502693      500266      538209      501157      519595      488705      513690      460785      518449      502705      495203      489854      555158      513294      531688      576118      468167      512853      506892      514785      489395      479344      497663      485266      511790      515454      523532      536041      500769      504145      455698      520818      514489      542454      533801      484229      501198      505889      493051      528668      544200      512962      485466      540106      510765      515357      514228      532032      512908      511502      493352      514499      480617      531860      498735      510221      546710      509147      497488      526594      498780      556552      551822      538667      532822      548530      529380      512002      513897      472791      509624      489967      504550      468387      505329      542570      566618      486123      506840      503985      504068      543369      551503      478139      537816      518525      485503      498964      533719      472697      537511      522110      513759      532505      528479      490180      542242      540065      492957      489194      503322      504368      480314      509047      483999      552136      547753      499187      540764      530386      533770      526007      515329      527821      519676      489148      519800      506122      484474      494659      548295      499499      510365      494557      550133      536041      534307      533569      513800      540735      546569
      492086      496451      469174      488512      528608      535092      488180      495086      468750      492933      485291      506146      526382      516038      492619      526871      492502      459540      525325      466193      526438      467875      480347      466073      551181      528056      483383      508740      449893      525943      504522      532285      510170      505620      494276      518097      458120      488598      522198      501194      495914      530142      490913      513438      526422      499292      503411      513947      489544      514412      477500      565813      474720      504384      508427      502451      524191      474248      478477      519355      543092      463448      551764      484581      531605      498473      466880      519833      501610      497048      488327      503092      476040      526632      484675      489538      474676      512726      502970      473274      515105      534221      491079      521124      570282      484644      506903      484877      493872      512746      477000      484037      495421      511455      500218      502290      530846      479542      494717      492826      500228      469245      533626      537770      452230      497133      485696      483329      539858      487728      483239      480592      531561      498395      490776      504782      514082      482558      493384      510823      509939      499633      534879      492988      516358      531698      503408      496802      513074      522579      523417      536500      503668      507555      537541      503426      506619      511386      474234      493901      480653      496459      479647      470417      512231      552979      474042      472511      480946      468457      542029      556669      463009      504752      523906      504697      508639      513423      473929      554837      489315      507908      514202      529578      479586      529299      529157      468156      488682      514974      511691      480287      518899      520354      536472      536437      518450      537841      525803      547944      536014      495369      529630      530714      471960      501775      500124      449442      488765      555672      476561      525783      487191      561311      519717      499687      512201      494989      517619      517103
      534687      506066      488780      527820      542508      575596      514447      532431      492476      527108      510013      518430      582345      523308      540165      559388      507137      462250      548205      521022      527880      526633      494645      493869      544793      523776      531986      502722      502438      546797      524806      538401      532697      515002      513686      552687      516620      541177      555194      550157      507060      540157      505862      531472      513596      527679      501527      525943      507460      523045      486646      564684      536580      516447      551824      525483      549850      466537      503219      543640      550021      488791      543731      499543      555111      531545      516221      532016      527283      524381      514355      543895      491376      535098      517184      534274      510222      524872      523197      519727      499805      569494      525052      530991      576674      478712      515311      503821      541434      515549      482478      501887      499868      534751      531759      540599      537222      510716      526858      501109      521622      510748      554002      541452      489062      526633      509352      519258      549667      523131      510736      492825      557623      510435      534098      489887      516551      501031      513910      527188      546522      490512      551368      508195      565897      547632      515654      508159      544313      535582      542187      538168      512763      555610      553567      520725      537013      555874      485089      542769      497367      523579      496031      523866      542014      581278      486126      497752      521468      530228      553475      574863      481288      528712      562159      493245      518211      511380      494894      569410      529221      511413      531606      528340      504999      558514      515077      497269      497606      498804      510193      481368      538825      543299      575488      572923      490422      563153      534511      549431      523281      510407      541833      523681      520527      532274      536642      514350      534303      569750      491084      532507      516641      553284      559625      543779      536175      498574      573830      540946
      548380      487337      475819      531453      535194      565413      510357      514558      508056      550822      461262      495345      531710      494355      510940      508103      503846      463870      544046      496494      529832      516956      495812      492531      523309      530980      508626      521336      469446      536128      508002      516225      485614      539295      491915      531920      478665      509335      504607      535360      491696      522462      500424      531602      499746      511276      501044      540162      514992      486194      495123      554186      527173      513060      534244      518370      544276      484944      474943      521644      550047      488367      542706      507903      524913      521507      510324      529327      520955      524116      489555      541858      491441      513753      499395      521198      464824      509384      533311      488684      507255      554661      483867      537151      569255      493022      493865      506232      506999      475149      491635      488287      484339      520669      503451      523452      539782      529910      523159      489178      506348      494870      542044      529486      486248      482035      514419      506609      536564      519022      501373      493138      537112      504762      482952      499745      499699      504426      501065      537262      548283      486962      532296      511961      521424      535841      499720      516988      543562      524132      528225      515989      528330      507197      572745      527060      501128      520123      486777      497639      503813      516199      477318      509877      534111      543371      481187      499962      511233      480397      521874      552940      459729      533545      519815      495612      491296      503861      469566      551415      530198      518851      507259      503017      491544      537397      547018      463380      496752      498588      498751      468485      521193      519731      533002      570434      493662      538813      503865      563023      541462      511882      545706      493761      514696      495633      518899      494232      504364      559844      492808      521269      510379      552545      532785      544608      553568      489096      537595      519405
      520652      497381      480059      514377      516238      553007      493016      538803      490095      524293      507764      527117      556657      522283      526050      539057      516715      478586      535595      484181      528359      493880      496257      499211      537075      538802      506436      521771      480315      530180      507433      538341      532737      537336      496423      544477      513684      538174      502536      542055      528693      523785      507510      523754      546470      515052      509873      509696      524174      510968      488796      556720      531913      520068      527734      521552      540095      493434      477092      538158      560932      504190      545527      495766      539490      539687      514135      543995      527194      540589      511303      542264      498096      537609      499628      509350      507859      529115      528887      489802      513977      532870      522938      527009      586002      473870      521699      522964      509899      512400      481504      510013      481039      539395      518722      509292      539355      510066      511536      484344      528226      499490      544604      535411      469527      507416      509216      519715      561652      524165      517430      491822      550875      516311      494105      514018      525287      505178      518656      534595      558251      485860      542022      509767      520541      516909      519639      517717      543067      522785      514163      518067      548382      528655      540618      514884      520893      545463      504908      507565      502112      510605      511648      523465      543512      577284      487108      496678      518845      487563      549752      582394      481864      509555      532924      509623      509019      511829      485164      564912      554335      530235      518532      526740      485706      535413      546867      484121      486217      500386      519877      500696      533466      524064      527532      576707      515810      542373      533352      571595      513432      507015      543534      528436      507046      513927      530002      494808      523416      541323      475014      549593      524077      543239      529863      518124      538417      499801      569373      541788
      498826      474824      432318      487429      495488      514606      467759      483958      475387      491947      447754      504957      513892      479823      492623      514905      482388      438226      510234      480572      504500      493645      466395      469413      511440      524332      481601      490008      462053      520229      490447      494934      509810      501779      464577      500991      485982      488504      487131      502314      516475      508755      481105      499332      464826      487060      480472      496493      469317      494368      467180      532131      493581      506907      485741      492305      506580      461817      462996      498988      513775      478064      518893      474354      506516      506948      466635      518544      502993      493776      507977      504971      459473      513934      475502      459987      429873      510931      487900      465571      481233      519573      499308      506461      537238      458799      486375      472597      490276      481697      430989      468108      450038      499083      491633      472874      508862      468841      477017      464341      499504      478838      528707      517468      443605      494732      476127      484288      535761      489036      495456      460281      503294      477194      464830      486593      512331      476238      510248      496304      498771      457148      497487      469143      493225      493786      485183      494145      492531      515571      499202      503117      509744      489118      535109      501323      480204      486158      445746      479744      485137      468724      461780      471531      503039      532627      463403      479076      490159      472943      529660      548330      451968      494256      518081      500447      479677      489462      468187      540007      500073      490218      499701      501483      481906      509651      511572      452249      457497      482230      492296      487591      492234      478563      502368      520818      492033      496303      498039      522248      509442      482000      524834      500438      492342      490603      494654      447439      483711      534161      472657      513743      492960      513352      523048      506919      488253      501303      539128      514311
      526584      491567      497787      532439      557155      537939      507006      534485      516154      533103      502624      517710      576307      529220      534998      569997      524012      471198      551763      498205      525238      503851      528079      518255      543946      564290      529049      524134      483359      567607      529715      553856      531997      548100      515345      533574      534422      531677      533062      542946      525284      553623      526012      521493      534670      511802      533939      558886      526966      515385      500466      585020      533158      542851      546587      552813      581175      487102      507377      545277      565780      500883      573462      500299      546595      532130      522983      549365      548341      542898      513545      538424      488906      536210      515733      498183      498416      545117      539593      502238      533360      569126      520820      568322      607020      509950      505041      517757      556408      521370      509250      526391      473905      531005      538874      523877      556506      497076      542798      500837      530505      510033      548402      567907      465586      513987      529602      515828      563594      514532      511622      499784      562571      519590      538903      546442      533239      522883      507837      513196      565181      492589      548611      516480      556944      544796      524099      507133      525977      554118      527743      566859      569988      561830      574888      529798      519855      545662      505135      541776      513590      522494      499272      513790      563448      575907      519614      505100      540743      499059      530376      576649      478403      546885      554351      556284      516790      546509      501373      557837      532983      527885      542405      550501      512513      545199      565427      489477      510830      532889      510679      516132      541181      534128      553581      567103      516746      565521      541307      577968      541342      526701      526961      559534      499189      522935      552476      510708      518940      576412      487646      535748      505908      575062      551226      528852      553589      518176      558323      563717
      549286      528734      505500      523845      559167      574716      508806      528337      513628      538867      490692      533076      574397      542996      545163      547606      535882      508940      549124      527413      589770      543741      514654      519163      562278      538574      530303      530274      491926      563082      559309      573620      547690      549912      538324      532570      507382      513636      549101      545947      552044      548448      535545      549740      533158      521736      535774      536309      538496      535020      523252      589081      545582      554634      566928      531474      567449      503363      533429      535258      582970      506938      578234      526498      581528      564587      515908      571818      571545      546933      545953      560516      507446      557744      551544      543507      500624      542272      565546      532390      498327      570973      549631      557740      600054      514005      534556      505165      530448      521161      500026      512699      514645      535856      532183      526625      565705      523517      543195      536481      545033      551710      573911      570579      508425      543138      528427      522285      588672      539762      526504      519132      532887      536392      541896      511266      538084      529327      539193      550552      571270      505825      572514      552704      571326      544101      541783      556516      561185      558782      551071      530131      548536      555363      584487      543753      514307      572956      496050      553619      537444      540380      522561      512910      571273      589880      497462      503067      527325      532350      561823      608826      505410      547092      518808      526925      535054      545785      500739      581903      558847      536411      549152      523833      522510      594137      559575      509634      505940      542294      553196      517579      557403      516184      551513      597402      531694      551237      540828      573659      555849      544687      586809      557030      519770      544631      561086      488235      520881      586958      517103      538341      517067      591991      575077      557971      585565      532552      586872      574137
      509739      518714      488486      524711      533108      555777      515700      532677      514610      513731      478348      513789      557960      526280      532580      545789      533006      469704      567939      488212      535515      511941      512893      514592      523816      532515      509862      509785      469541      536944      523903      550087      518975      521054      514045      538992      500436      529302      517581      514702      523324      504356      504691      546166      508430      511156      524644      512485      522609      524121      491961      551705      542341      528011      557217      535858      519160      488244      498327      548360      566464      501224      546816      509778      552495      535410      504304      534991      551136      529868      491233      540938      509465      554812      510691      531079      486575      523077      531088      497005      512752      554224      510607      541558      586240      490162      532049      512227      511163      542248      498091      508371      492498      534118      503722      531555      550768      513880      511425      481044      529436      511098      558218      560116      492658      529068      515616      501603      557496      539563      526109      497912      564015      522487      537044      526859      525766      535009      518201      546809      552692      503987      527575      510485      548248      551280      503720      514871      517237      533763      526515      542937      550017      550891      573146      541842      526493      515643      509724      532449      520385      515017      483479      511354      556145      586082      479591      494751      533066      510439      546530      553215      472444      536943      527885      519364      516530      505655      489768      550996      512223      541739      524314      541855      495125      551300      533612      500265      500966      516537      520695      506234      552020      533589      557578      563343      520168      558085      509087      539775      525044      522596      538092      517943      530104      537276      508576      497094      512831      564102      488081      540213      498396      545092      549027      541337      529073      511942      571161      551419
      495685      459388      451412      507332      500310      518573      448329      491674      443776      498481      450455      479173      517036      488842      513893      504347      500886      431543      505044      451139      485270      478246      474640      451832      518767      496519      477107      464546      442760      507065      498005      503552      481181      487597      468969      494053      486213      460879      472330      484971      476024      490973      489513      493974      485683      490520      479769      474902      486086      476969      478167      518707      495272      496434      488642      488785      517536      442625      483432      488964      526420      454876      500982      455669      483760      509397      483642      504658      501612      498669      503928      491686      464610      514084      469362      469720      431043      502243      475562      441384      473116      508192      473574      493479      545214      451765      478070      456227      524830      472652      424325      469179      460621      456002      491423      492824      513331      472872      468029      436695      494185      482505      502243      509011      432651      480814      497355      470562      532399      493496      480793      435772      498458      465086      498844      487671      498260      470407      472361      484697      512629      485304      507816      469850      528283      505668      474664      493729      499073      481380      509772      509498      496892      472300      546846      486979      476864      508818      451441      482040      498033      487541      462100      483160      515312      533394      441442      469972      493948      471003      509698      533754      446444      484956      497776      473004      469761      504141      442052      512199      516122      488313      490226      490886      486484      520505      482017      444405      437766      490769      455154      464201      487169      464991      499217      512148      473591      490275      495826      517096      520976      485646      500711      472396      471516      487727      474752      453302      465978      523305      463789      500011      461437      534204      514757      481306      520682      487568      541502      494664
      484447      459374      433122      475092      491776      511589      464019      466941      452091      479121      446972      482664      500656      481331      493380      491575      474190      466375      492637      440569      482922      445690      469055      444632      515417      498707      482212      482888      435280      493033      493550      501665      493591      464830      462394      477868      445927      453944      475189      476541      477368      518515      453115      478825      477852      467084      494959      480057      460835      468141      454095      502464      474244      483782      508086      472043      505254      448618      455744      477241      501697      435264      508235      435757      499738      499906      466633      483506      500994      484496      459992      494785      457099      493143      478955      474741      442628      492759      487070      454547      467053      497072      474032      511151      558196      442362      480070      467089      478944      471149      426604      449391      449623      474027      480051      469085      517410      455559      486532      459849      471299      465116      515399      515168      432087      470336      489886      453131      494127      461832      476838      472271      495403      478980      456050      461331      487033      477652      469112      469612      533051      451165      507659      463932      481999      493197      436687      461664      484468      497891      481531      507653      466460      496799      520493      502730      489705      510588      452954      489734      476878      466932      432771      466150      510354      519985      449554      468719      476137      468384      495832      509495      450385      516129      492033      480780      467481      470423      468469      498478      481691      468736      471643      479926      444108      479733      499426      454658      441211      466734      487878      447739      484856      489324      493191      510257      469651      516815      476241      507447      479233      464028      507395      476008      465849      483123      473766      446612      457971      508052      464171      485372      477850      502420      488855      507333      496350      466514      531066      507080
      513276      505473      470081      498250      529282      554326      511555      502770      499909      481456      487472      511996      546426      525847      519483      560647      519691      473834      537718      497602      530593      500080      514051      492826      535388      538616      511682      533148      466501      541083      528657      556151      537480      510531      514197      522503      496234      522668      538597      522268      495279      529325      495371      550475      512808      508647      519715      531866      494949      514477      496936      575254      517991      517497      523664      512874      534503      475628      484722      531899      544638      495735      562574      485990      563030      531172      500710      518415      534129      530677      537215      519128      472597      535557      512856      517318      512303      505558      515219      483437      487367      531390      504778      536120      574965      489637      526938      472807      530044      512553      465287      492942      502589      514796      533196      524636      533002      470638      519069      496993      533762      497373      553508      547554      484978      503445      528113      494514      544312      522529      496983      498105      552129      502593      512111      514026      515974      493202      507230      497721      537036      485223      532772      503049      529190      543225      503496      520529      526010      517805      528593      548822      558737      542882      556293      523219      522645      524989      481327      526628      507224      520513      485214      495340      545553      557726      487967      501110      535148      498551      539564      559268      504861      529521      529917      503982      522851      500055      489821      564262      513748      519108      514546      520588      488592      535338      531502      496914      483753      488849      508864      492298      507678      512130      532613      554944      503231      542974      533386      574942      537326      501816      558376      529373      513531      509127      530475      472571      513331      543445      486335      505110      488248      528031      529321      526290      532300      500584      580654      556696
      491510      465091      456922      488824      505796      509085      483739      494364      471836      490837      463063      494191      528486      496146      482076      490795      464567      449373      515925      476595      512540      460061      471104      460818      508190      500664      475115      482302      460461      502019      496096      503137      473059      489855      462723      491947      474617      481611      499335      493566      492925      518260      470692      495718      510491      478847      482330      467006      479262      486860      472866      519572      492179      492563      481839      497839      536936      469775      456155      490555      490015      458103      509023      475933      506581      488923      482599      490592      495003      485575      487799      480448      457031      510607      462786      488970      464217      498507      505135      476552      472294      507781      481100      518893      570176      461832      490317      499612      488169      482234      490505      477492      456430      491098      494420      495715      519883      477688      480978      464562      497661      474812      515612      513371      441649      496470      487641      466888      516038      483752      479050      463392      518411      476045      453297      493508      481848      462140      469496      476670      504999      452583      487814      492643      517930      505910      495001      487583      504065      494540      468431      521550      504437      498656      517344      472206      472612      510715      450577      508905      473196      500840      449602      455380      522816      532276      450081      497965      497852      455289      513852      523359      445658      502112      491414      465599      480069      471044      444179      514359      489282      483507      503292      486006      479483      502193      495397      450505      466449      462191      481174      465092      491563      486097      513038      517453      464614      512695      489227      509858      502018      456850      546374      512472      485829      494926      478600      487064      470334      511302      486577      514838      473291      513824      491911      502891      526073      461380      523174      495318
      507990      493472      474170      505934      523823      566127      490127      528678      522635      523973      492443      512588      531484      531802      514562      535706      509605      460830      536396      482869      540482      478217      502580      503479      566144      533059      501289      518819      455297      520767      513149      529122      493606      537723      493726      522699      504252      534561      520929      532111      488818      538581      506402      528113      526950      498493      517924      530977      508989      500693      508608      550221      522716      520027      524069      503432      535222      494749      464249      544948      556163      483920      535640      508477      510514      508988      493313      536376      513455      532174      495927      513945      493832      518156      492659      503648      495759      519595      519505      488914      524832      542849      500856      533600      587149      502403      507846      507849      523309      499218      485874      490728      490423      537159      508655      508209      527618      471766      524502      502326      511400      498884      552061      575221      478631      502792      502742      506153      544930      518071      489012      496621      571982      519060      483160      515477      515399      507369      503738      539342      558793      472534      532566      514669      529889      510185      515318      513680      534928      527143      500066      509711      568409      564600      547701      525471      514692      541552      483906      507131      490853      539149      499185      493154      541534      548887      506645      502360      519871      489208      529523      579326      482795      516689      527803      514700      503831      505784      484226      567948      530548      517740      517439      529180      505929      527043      524442      484519      484723      510600      520370      489973      536584      538004      534798      545115      485461      553412      507704      567776      519930      504194      560896      528020      503581      504962      534117      492409      501080      570511      494480      522881      506517      552114      546670      515315      531004      487838      559080      552558
      533866      509306      494371      520295      516999      541528      498766      518128      491449      519494      458143      501451      527904      522462      472642      500096      500973      464839      548645      468051      540059      509721      507424      494437      540386      503251      498969      502319      459456      537771      494377      506037      506763      523392      498294      507076      462379      487689      513035      508677      496581      512317      497601      497465      520164      486228      523767      500953      515291      497457      475604      542311      481927      517617      525320      522163      523004      479463      481156      518266      539551      483373      525023      491494      518061      518939      503031      531847      519835      536171      487168      537730      487751      527949      501634      497260      489862      510375      540532      509546      491274      542934      500262      526519      580743      461288      520106      497817      519745      508719      485310      453250      470297      524291      483841      501376      533536      501095      496051      475254      528609      490287      549435      517565      473484      505930      487962      500982      544347      518113      498265      510692      525177      517493      498089      486753      532785      502968      525464      510034      550354      484910      528726      530554      505717      520959      499925      502976      521004      499250      521698      518338      542399      503223      564217      511663      510701      536939      484691      516195      513163      495523      462743      508483      536825      562690      475625      483226      500770      517267      523336      557282      492338      513418      513980      501651      491305      522328      464016      539729      522957      527785      520661      505477      484699      523882      509502      506436      476181      497427      515129      479033      527763      502716      544430      547156      509099      541122      501478      543367      498831      511992      545660      507614      491191      510671      496337      479598      496692      541754      487465      524407      486564      545341      525004      530631      517651      475083      544865      529407
      541616      520426      485223      538146      543137      585359      516308      524741      522811      542864      481432      515778      564753      531786      537255      545627      533592      492788      545367      505179      584964      518404      504331      518805      569831      553734      515411      521773      508142      560844      527741      554748      545586      539312      509232      517736      516211      548256      545775      528986      504718      542374      513572      557133      521319      503393      531627      541279      529243      533354      508443      588801      545153      553736      540242      543144      566304      512276      495061      561985      566017      516440      571566      524195      555411      555750      533858      562863      551238      540904      518679      550796      500495      546250      528993      522427      517744      551748      534234      527741      519017      565082      510279      547895      574973      537794      529068      504612      548765      533031      510758      517685      519611      548428      528416      541446      557822      524844      535845      509109      545627      500716      578568      570889      503087      524795      522071      514676      548587      534007      533537      539058      560715      542682      531807      543786      532158      518372      529841      555048      567762      502439      552232      508989      553605      576898      528609      539422      553667      549090      550622      549794      547442      549033      589142      552906      535955      547296      514715      541802      510153      548842      494380      538364      570259      585161      520054      527274      535659      514051      546489      602693      502529      558248      547932      531914      529498      516815      513826      577908      540660      541134      550740      545927      492641      551608      556079      504454      513874      522685      537853      497623      540090      520989      559916      566790      510559      543650      509932      569659      548299      541082      582938      552487      532963      543600      554634      509214      535787      585343      497759      548314      521429      554507      563372      554764      561489      524737      569599      559663
      550490      512684      518915      537818      553631      572754      517622      544335      521683      553757      522225      537676      582344      556380      541124      568873      526751      479542      593339      525310      567228      557007      523822      531422      584496      555704      535063      559453      485815      565287      542375      550181      533638      547332      538011      545301      531901      542408      549944      562705      532706      548562      506924      522279      551299      557679      532784      556143      547593      528077      510413      583333      536428      555301      562047      537510      540197      501064      523702      567290      589363      510038      582953      516008      565855      547651      537869      554056      571957      523681      534090      561884      540202      572636      523042      549817      521125      555122      546819      502197      534573      580666      557578      549385      581149      508281      536785      515005      539927      556691      521425      544138      539506      560995      564543      556857      582463      505371      536119      523237      560058      543138      570469      573689      506930      549117      541248      526052      576623      575644      534538      511085      572070      544678      562403      522767      549891      532978      537470      555215      578011      521478      565816      553861      588396      584171      553747      536927      561511      540450      544122      594653      561331      568191      581773      566567      545480      549267      512909      548521      528472      544192      509887      521284      563114      596079      504787      529633      526725      521587      576596      596260      496940      552323      548359      549433      548135      541099      508263      569831      551254      541184      543601      580533      532540      569463      557413      501999      532336      531387      552182      535481      574666      548934      579250      581389      527204      557389      550990      582203      556237      546288      570617      540087      529569      524127      551726      514671      527131      597310      529687      558354      546347      586477      582360      550328      579066      539363      561146      547764
      491840      480377      461767      506156      537634      549755      498040      477209      484041      513351      459829      496242      519783      510797      498063      532652      483081      449379      520568      465631      518284      507811      484734      489906      533080      511830      500991      488948      467805      525395      477454      512548      498628      504586      476324      511180      484832      499863      497999      500569      506675      506451      494236      491675      495677      502828      494536      478685      475567      479883      475431      528950      498656      511316      523920      493750      489195      460828      467125      507788      538495      476527      523836      466936      488574      507018      485125      504062      507331      506030      456992      522063      456452      511719      496672      475571      466473      495870      492104      472531      470179      501201      477228      500712      541545      482682      490399      478737      511104      498254      472085      448778      473465      509102      494391      479545      497654      459658      485907      453697      501083      495722      513374      524987      468080      488889      486185      489994      532923      490094      501745      492264      538003      488842      494235      480902      486645      492267      504058      497855      501400      469488      517891      493763      513477      520738      511375      501628      514844      522632      510866      528847      510766      518158      542401      524217      495459      509250      468141      496545      464735      495048      452037      506044      536592      533934      447025      485140      480461      489146      503448      543952      445265      491473      507599      486965      499374      486564      462915      541491      503858      479126      533594      509124      474730      531399      492549      450123      464671      459130      494805      477115      498532      487053      498653      526427      480016      517056      482931      517167      515558      461209      521671      491517      483016      482767      508475      480300      479258      525705      466727      489106      489270      533741      524800      498165      528297      482324      510513      502830
      520253      479373      479191      507692      544584      545597      491042      507037      496432      519490      475438      522273      527689      519598      525814      534018      496556      472194      536650      486368      519121      514851      493749      478218      543537      526704      495750      521342      467721      533123      501606      527683      522493      526630      471387      526567      500305      518155      505356      508115      492390      548395      505691      508969      511299      482801      497073      515600      493437      500178      477831      538185      515330      502567      538530      488628      551764      464808      479547      528564      543355      466093      515634      483181      537169      520662      478026      513466      525217      526954      518186      527434      492026      524821      491515      511656      482333      495981      506027      503148      514202      529030      485594      541899      553448      496957      511255      500091      521465      479974      473847      489329      477698      534866      514769      524306      521795      493042      523915      479268      501111      506636      527881      546674      449240      505564      506349      488265      534031      503383      526540      496165      531485      490753      496409      491409      496965      502498      530098      508765      554135      478582      529422      504409      513498      535959      503126      521250      516568      533761      532448      548521      541173      537551      531491      507195      486441      539921      495993      514562      494967      513291      458017      475743      541885      533565      477919      500981      508342      507785      520176      561290      462595      526486      528219      493334      489497      505094      482009      548605      533025      516575      489946      503024      514260      534638      529363      469417      468972      510748      492504      456251      509304      523041      526553      548159      519716      541197      525848      543341      532230      499238      537925      515060      496103      509651      538585      474019      512572      552615      505473      547929      491763      576459      517415      521665      531079      500953      531615      524277
      546887      523750      520489      553756      565929      577349      546244      562529      476003      555974      515590      554459      593125      523058      539785      559705      537183      508016      562223      502280      549662      539845      527620      524393      580335      543354      541415      529955      495664      576948      553856      562828      560716      553254      530931      572722      516397      541841      540233      538945      526270      572052      543989      543301      539412      546328      546881      545716      538831      533463      533865      582524      548403      549015      552801      542844      560701      505212      531204      551663      577637      536614      588563      525663      557856      559848      537463      574638      562167      553616      539190      559704      497012      569841      533607      543839      506036      532230      551855      508647      520897      578660      516987      588735      613092      502071      524667      542329      572742      529521      519311      522461      503540      543743      538611      546954      593874      527825      554602      519072      572462      534799      573709      573904      503563      569389      541853      554802      577562      572944      533909      511331      549360      538171      543377      541923      541918      560504      547682      511260      566730      526297      546614      517854      571277      555099      545860      529397      584909      568736      552560      570684      542039      555530      594194      559745      534497      569345      513086      554297      531403      553368      538398      556533      560041      601665      502719      527808      529366      536183      554443      593570      497941      576144      555315      546793      541698      570047      466541      587852      546845      538825      552949      552341      536719      576006      557776      497982      540674      534051      556508      535213      566321      559350      557025      569925      530440      584261      559467      565004      546951      510050      576051      537527      553459      551596      574454      515056      545701      579861      540779      541376      542173      587400      555388      549817      558850      521721      567988      569203
      529002      505424      477279      520833      538736      537573      486983      499234      497876      523063      493181      526908      546443      524552      514209      541841      513380      478165      554997      490936      539977      504249      487448      510555      555856      522089      497253      495786      490639      530960      511725      520393      522034      534711      500308      518948      494034      500126      512123      511744      491812      530493      491737      519254      535795      526577      526065      522061      521747      487211      482491      559825      526791      531586      569076      500419      520006      497098      489157      520052      570288      495942      520262      497018      541312      497502      500132      523584      542335      531222      490526      519695      492256      526076      515741      531233      468048      523171      539216      471534      505249      562362      510755      531197      584438      468279      537368      504533      523451      517330      493044      487347      508713      515153      545515      529004      549083      504534      505635      472638      531259      493972      544959      543984      479381      533095      514950      522659      548118      537531      511027      493381      538598      517000      530331      512665      509797      514121      523963      517158      568040      508414      564907      510667      532297      543438      507156      521835      520799      556751      536928      575856      507718      535501      577246      551601      540674      505703      488643      515649      520274      531313      518206      498361      543546      536924      477071      528933      540333      502763      533765      553161      489986      519609      530129      534252      527365      536267      496699      548747      532864      535576      525231      540784      509721      534782      535696      478909      482726      493221      508531      482258      530054      522884      530046      550607      512740      543192      531645      559457      531505      508907      537931      500948      502229      518874      515977      467590      494005      554322      488035      527774      496298      546309      559899      528854      530418      532398      551084      556509
      467606      448998      444602      468733      493089      495556      468580      467369      465572      471562      427224      471695      493608      461141      481314      483424      480892      440582      516193      430622      498037      466605      447908      472509      513833      498929      475724      474414      415786      481022      485941      481057      471903      475156      447632      467578      451065      458860      479917      485856      476750      498374      452690      453912      472902      458625      458162      470266      462619      462445      437334      512047      460255      473713      481298      477459      495801      447825      432431      488992      506754      440476      488455      432407      498527      492899      454952      472851      498237      462128      466818      484387      444917      473303      450982      487183      453872      479416      468086      455019      462627      491975      462078      501395      539472      466412      445538      463250      476276      448348      439073      458779      434057      492640      489095      461202      486345      444357      474075      419714      485448      435763      487646      500253      454609      483254      463650      473390      500468      484399      466012      450087      490539      460822      464457      439239      479343      466582      477330      481500      509295      442096      483730      476611      502781      496830      472831      479513      478354      465196      476353      494341      495709      489760      506056      478196      468065      476931      443785      488940      474565      469108      417582      437400      507497      499551      437787      454776      456131      455037      491373      536000      421506      484976      461650      473434      465257      477203      417819      496378      479760      484368      488369      475273      454427      478533      466900      449911      430886      467253      467268      431893      490661      469414      466826      507194      453210      500625      472095      507983      477062      453617      524734      491722      465032      457624      460842      417108      453706      489322      465510      485790      455382      521212      469986      478122      477236      456134      487250      470773
      509229      481665      455811      487528      528786      537676      507674      482003      496085      506696      469563      480213      547460      496554      499510      507901      506255      460767      521356      489955      535324      491871      487841      479186      526400      509632      496119      502409      468559      523445      521934      544705      514949      511013      470001      532423      492714      504103      518766      525054      491156      512536      484345      496416      503311      494768      519242      507034      496358      478511      483201      535648      500588      508719      525750      516428      527524      468711      487579      492279      553635      475585      538219      494976      511704      525587      495725      508239      542157      521162      484054      522873      477698      535965      503035      485380      471962      516924      511109      475292      482574      545635      514223      509086      593445      476956      472811      494707      525332      480885      466674      472446      497049      518862      486974      487495      543336      495682      500767      481394      542446      460196      533363      540532      482190      517401      508119      500504      539894      522802      479997      497644      525128      491481      506987      494214      516498      493598      490392      477150      503739      478766      532260      492949      527942      509039      515511      501876      516782      511603      516014      522705      505632      503693      533301      502190      506743      514515      475185      515922      472217      518333      475513      505211      524292      545510      465136      496751      493333      496102      537317      540693      492805      527585      506268      502175      516071      514977      471216      543228      521164      514154      521308      510690      512720      517355      514296      482041      457695      495178      510138      466798      515339      526076      512805      549036      484660      526085      520889      542998      510758      492950      530207      511250      471459      494031      487713      453961      490121      531995      518692      505939      489349      534815      511253      516488      518619      500302      536268      503804
      500627      469297      457497      472545      507748      512577      470879      468135      458620      478882      467959      484681      520270      488303      499838      505554      472517      438195      525256      467944      517616      491733      460671      471782      516337      518060      499287      518498      450885      515917      497311      494400      499775      501037      475755      506943      484377      482398      504087      502417      494093      494132      465209      483524      494412      486835      515490      514998      486004      497311      456620      530168      485635      479280      508740      491608      518512      446760      487133      492883      543608      473303      544348      472980      521141      499054      481095      497880      498154      484672      480651      505044      473986      510082      503714      507112      464846      507422      505578      450150      490328      520792      490739      495459      556586      442048      479724      479018      477225      490149      458309      458688      467367      466259      504914      501293      495113      472051      505266      464776      480504      466734      528422      517142      447541      509055      480009      493705      515859      519533      484513      461680      504346      488705      495176      493619      513702      476722      481866      476430      544142      459633      525565      482627      514398      505360      491804      480121      498006      493191      484675      488191      500460      515079      515356      483541      497218      503001      469841      517687      488656      485803      486494      469448      525358      533435      468260      466951      478480      487067      507953      543376      469169      510110      499689      499160      480402      490064      478383      524212      483237      499234      494159      495509      482516      507472      504898      491091      468939      474934      496656      465564      494421      486737      513255      514298      483598      532404      518066      518405      513272      508457      514612      499718      476887      493588      473046      445581      451158      501943      464660      501956      480786      523412      510808      487664      518825      485958      542934      523026
      521132      499538      489247      533248      506001      564546      504140      531636      483472      514439      462283      502622      569802      523888      507006      535028      514263      462157      550392      491197      542353      516419      507685      518285      548083      529087      507177      494935      465554      531174      518093      530335      497336      502704      504403      514392      509036      509928      527842      513756      495176      541452      510790      528553      516746      504186      503780      510248      505514      508709      482790      551861      535450      527714      541700      496507      538221      492047      500253      516882      556431      486001      531769      489908      536848      517442      496312      524106      518957      508602      510679      530631      486042      518881      508209      520080      494997      517996      519425      486380      511568      533934      484029      510370      575442      484577      492162      494361      508421      514043      479056      476078      497901      510670      520931      516312      554108      493096      506104      468723      521946      510157      551340      537222      478919      521007      514853      506512      530566      538241      499558      490928      535460      498883      513245      505813      492290      486428      523729      493435      538474      478500      520160      506870      542559      517408      523682      514575      545515      531378      521069      494494      530365      562573      529360      534744      512251      538209      503753      532140      505659      513771      487924      498919      540820      550963      477557      489504      511909      499642      529638      547900      489591      503844      528275      507425      497561      492322      462269      543645      489657      515536      536842      520713      493082      541507      510651      478667      485010      487906      511162      478360      538982      514725      530826      551806      507873      549901      519826      558692      505074      496488      550296      501634      518398      508325      525862      477755      502566      536993      490711      524721      508644      536230      522950      526307      503260      472073      559003      533262
      511072      467017      468231      519883      525080      529099      506648      492269      488551      511256      478572      491793      534707      496424      491067      497047      508446      457944      532077      486395      500022      488248      479079      489484      521492      508406      504193      503428      460854      507944      501113      505564      513070      500502      481937      510093      476927      500926      512518      519418      497040      531284      500769      499050      501424      496353      507113      510835      517845      484052      470096      534253      505446      500821      518740      499565      510906      454573      471903      512949      533378      447534      514616      506089      512608      510043      493985      494461      503107      491368      491166      511719      458986      523964      465635      494057      461925      495510      511689      465776      497747      536893      485815      519129      555873      475687      509652      488612      501328      472286      474682      464990      478327      492020      481546      507953      545706      461168      501151      473215      518541      469623      515659      521781      459139      506520      487467      501244      532900      511093      471443      483223      532365      491035      488827      485174      496779      472581      523663      503420      519450      487126      512209      491506      515167      520875      481467      488682      500129      520160      484343      546661      504757      521628      539040      534906      488450      500025      469663      502313      498283      479309      456324      482956      526033      540830      498974      477990      514876      501841      518589      544287      481968      500111      514833      503579      486966      518369      463452      555414      509787      487204      527380      509294      468401      538267      501606      451395      470123      496822      504160      467511      529966      499644      511005      538954      489881      514580      518805      530954      507194      497836      513612      502031      507939      506667      529013      481506      485515      538640      477814      498955      495276      540649      510061      513400      505720      477120      529999      515103
      493264      475682      465520      467481      492135      498486      480091      483013      466589      486734      459504      476397      512697      487347      502052      499140      473846      437509      512811      456383      506699      491384      476028      470748      525647      503377      451993      480004      436615      496529      502582      493165      499510      492174      476101      480573      467257      459126      467271      503686      503156      500070      493891      476725      495116      468933      480596      473176      465748      499078      454622      522283      475279      483618      503760      481061      483733      458332      451559      519069      521092      458007      517109      452384      513165      506233      463071      495519      509848      483527      474600      506600      465236      505208      498038      473521      446977      501494      511046      475541      466297      500126      497319      506982      531510      457547      486985      438069      477353      472580      456769      445456      463892      482790      460011      465357      494675      483067      463322      459845      498253      480970      521102      514071      452611      495450      461340      454059      529886      494460      477449      458694      509390      489417      478252      468769      513962      475341      483202      482895      508193      462164      496660      469151      487236      492716      475247      506412      497168      491463      496043      500582      508143      500362      518404      502468      481803      509990      445891      478703      476707      477467      449807      463861      485484      519887      454598      470123      477749      489973      513981      549886      445500      507563      478266      487978      479807      484200      451989      532490      483878      506337      499281      482562      452169      515275      487560      464608      477072      483935      497855      479928      517647      492796      493699      520879      486234      517697      480809      524110      488687      468388      516326      484715      479131      488517      500433      438609      461115      515194      468878      470435      470247      533499      511766      510104      487497      484067      514394      505257
      516111      493893      477704      501834      520577      557812      515278      500531      483832      511209      471884      468107      535988      510875      492640      540175      501653      466982      533189      468420      529672      517110      491403      486177      538332      534486      499824      518981      455338      520219      501679      520880      524628      528835      503420      506798      493694      526818      490734      532064      506718      503808      506901      514283      486805      530494      493746      517768      484835      506563      468009      563362      506413      531742      530312      539580      519934      483664      478301      512765      562215      492561      550388      499262      525589      526790      476060      525277      498958      503519      480271      543853      467941      534084      497835      507526      474596      521949      526303      455165      504531      535147      491353      527638      558106      473467      510960      492028      495882      511553      497714      483734      509866      515338      518699      484387      520680      492436      514580      478604      511281      462990      531468      526553      498658      514904      501099      488651      552906      520142      495915      495862      523711      507836      496977      478537      497501      490253      508442      511562      543925      504498      506914      506698      528792      517947      519934      513125      510723      540895      505536      514106      524590      521841      552437      517629      514359      499736      482190      494803      493051      526071      481225      498080      542285      561185      470641      495533      496380      519850      524770      568129      473496      503012      542637      502972      514840      511914      459245      563352      490713      494556      529675      512955      474421      536668      524679      454988      488484      479185      514270      481404      533095      507412      527609      539317      505676      536385      538887      536519      525941      493146      540615      507830      520763      511069      519775      476052      511950      541716      477397      523567      496236      537045      524116      500922      528218      494135      511260      533710
      477933      493240      439468      467818      507723      504774      452750      456056      469274      475934      461165      509574      500324      495550      511100      507249      507896      455882      512661      470259      519667      491190      441333      469941      523371      513283      488802      485549      455119      511562      499923      508830      492564      492843      470169      486185      492411      479647      499618      487758      495527      494468      474688      499955      497156      489375      478536      480658      475151      483050      446798      522534      491998      488255      496281      481334      508451      469273      454400      503620      521241      464174      515029      463592      489135      496223      485370      500236      521037      488663      480720      499137      453118      525032      475235      495111      457222      482680      492911      458984      491999      514637      498677      506178      538242      486952      491258      458529      487476      481595      446458      482601      473586      483148      478237      485599      507450      464298      497134      465921      475995      491949      506917      539014      458155      501633      494435      469846      488661      501058      479513      469410      510287      498377      501120      491496      500749      475866      481059      474116      515069      469098      507386      464081      497650      498765      467838      500805      517526      495066      484716      508271      508046      512838      512379      502641      470856      476797      436072      490749      494633      497161      447651      462531      514475      525785      459316      487573      470853      462427      508176      504117      452750      512499      475265      491052      485349      485783      448216      523506      484521      494991      495512      496872      455771      528610      514465      446441      441031      494129      486848      497350      502000      477834      516487      515327      500165      506249      481525      512082      480640      468075      524797      480788      484771      493622      490542      457071      489437      518489      478113      487804      481704      502311      501708      505156      507067      487222      504135      508736
      544118      510002      484010      525253      553551      560693      510462      540187      504868      528332      478078      510576      557506      514302      521072      531947      544314      505255      567332      508981      555712      506284      508233      513212      553314      520335      520892      520170      485344      566575      517845      558766      521405      531280      519825      550304      505041      544404      540105      529358      535325      540358      535656      540406      513305      522982      524069      534126      500177      522997      506953      556950      541438      551025      531152      531405      548006      494774      499424      528553      529289      485210      547694      500848      546892      541298      515869      537883      544000      518313      514490      539881      501554      562667      511861      519188      487030      549496      512804      478323      507251      561640      517543      545687      592077      499571      523943      517188      532335      530772      501606      508823      518015      531850      524009      538129      529121      508823      535425      519752      534139      514155      533376      550519      502513      543320      519444      504685      550587      540299      541614      496153      549813      535574      529057      532568      546539      509127      515184      512144      570364      496810      564056      503257      542314      552058      518308      503555      548692      556835      527254      543023      549229      543875      583539      550341      523441      530643      496544      525212      524779      502870      480595      542650      563465      569038      497042      516907      513300      518092      534757      580701      488811      571812      548506      507778      529067      525700      468630      552167      511515      521072      543826      542099      504932      514306      562830      511017      515989      505309      535928      507279      533179      525055      540509      554145      509199      541410      532995      564924      545831      518362      583581      520934      534828      534441      545391      528379      498423      564558      495779      546944      528933      541062      564319      526149      551680      507582      546622      552978
      508294      459631      464368      490935      516087      526131      471862      499582      478276      493937      467361      491817      536956      510539      483419      513580      487288      465220      500708      480201      504227      480641      471270      465023      506656      485106      496986      487453      461888      534031      499824      541035      516964      509801      486180      510561      493118      510182      506473      490526      489331      515230      494445      509101      504225      493662      503318      465847      469205      476155      463476      518844      493040      508145      507046      533031      514829      441016      473386      489715      538446      461887      522429      478932      529914      522002      472016      514502      520553      523207      484975      508856      454156      531382      473034      479894      485061      472690      494483      477390      495960      551215      508382      522409      569987      476414      509160      499469      504825      465721      458444      480283      459443      510529      481884      514072      508477      475516      535611      481225      516505      472664      517498      520373      444889      499184      486057      490818      517205      502812      501003      467385      516097      488353      474711      483269      500840      481028      492363      504726      510720      468306      515571      497017      499973      516914      497906      496333      504051      491976      516405      522325      515099      515775      543286      510733      482386      512800      486687      497495      476411      489891      473702      462808      524414      547932      458235      468695      480069      492488      519522      542292      478678      514661      499554      484726      500981      487033      465850      519396      498751      524811      508765      516550      470594      506439      509576      475772      480972      491384      510012      472707      504304      490894      517527      541312      487020      531117      492128      538903      485940      460626      520404      536526      457430      484866      521539      466364      493760      540317      472496      510385      490963      508549      516586      512914      532149      488509      528877      509019
      497239      480438      476250      491624      511064      515501      465804      508530      471321      504882      464685      499988      519243      500507      501949      493774      492370      470948      515502      483144      514100      492456      486001      494130      524851      511527      499448      487495      481945      514281      484179      513062      491837      503127      468232      501090      494378      489300      502015      509362      492106      507631      477837      509585      495507      469271      491488      487022      487059      489222      468431      537195      491065      501272      500270      476444      515689      489236      464660      501211      518221      453163      513851      483875      512625      511641      490851      504084      519646      484916      477094      508961      485505      505791      493680      494764      452592      513492      507125      480847      483440      529727      484537      508661      551258      495176      494368      496136      512480      489319      447686      478359      466130      505385      494533      481418      525290      490626      498959      468104      514807      482864      533091      522692      450236      497845      489324      471178      529305      478691      501271      480855      544688      493818      479344      508044      502353      494098      505297      489402      523153      465402      511025      481791      507613      505212      500739      490249      501141      527762      497656      518143      509996      513326      518775      526459      484489      499769      480646      500244      496079      471242      450145      467383      511328      535083      468590      489327      494728      476747      529736      528435      475517      514179      491380      501649      489788      491043      465768      538386      492421      492447      514872      504399      486254      518064      507180      467054      454060      482910      501937      437903      508734      482844      509895      539171      482344      510063      485238      523602      503917      490862      527583      511497      499251      507714      496342      466245      491391      511997      480151      489715      485767      540604      526530      517227      524524      475368      535692      511188
      505561      495925      472622      500663      533775      532755      479806      482528      497285      524160      474656      491511      514617      495990      497437      530156      492752      464398      519310      478312      524587      486201      481093      474447      549929      524383      497122      529279      470158      523008      500217      515655      494337      489336      481632      510567      485315      478847      522018      502526      485099      507620      481544      506910      508364      497000      488867      496409      489823      499846      480843      554779      501856      497511      514422      498393      503126      481518      470272      509133      527635      476651      510302      478793      506715      506358      497110      516908      515308      503719      508108      537913      457198      510625      476175      499997      469274      507903      505451      474567      485431      512636      479272      519757      559328      478122      495389      476561      509424      494660      447546      471202      489253      521338      513161      492364      506600      484122      474833      478126      486034      494102      519461      517806      483599      503380      512263      478513      537817      502580      493522      476383      521071      487951      498614      464247      508118      478026      495803      502077      537374      449743      518916      480407      534193      513856      501299      485624      495962      511329      493477      517060      511547      522609      556995      499539      480552      500259      454573      488271      475560      519241      457339      460348      523117      549490      486581      484727      492045      467323      500798      541649      456037      499399      508408      492401      496615      504051      469726      527263      504481      496386      506573      499977      479378      527199      503027      472956      432399      497929      500301      453153      496178      499396      537567      525911      489169      536484      475489      538717      517471      509354      542583      502929      475770      489930      485157      449499      488629      537089      464273      504746      491727      543507      521079      506731      546847      503094      537971      534570
      511967      498156      494697      499292      544096      536994      499491      502317      483259      509997      495746      515024      550808      516873      525360      543382      507907      504653      545873      483126      525987      508618      483351      498068      553865      530439      525501      529600      475925      532146      505064      526643      543035      519455      490523      530780      500146      520301      519773      537018      491357      533936      487981      538654      546329      508873      523288      539392      527762      517561      465025      570957      518824      511017      532826      548080      517594      491770      491594      510460      552299      499264      521667      511924      544384      510991      514862      520463      534428      507945      496904      509314      499224      532557      504043      522771      477373      519499      541083      485363      508986      545773      521950      535811      604558      500237      515723      510036      550835      516989      496068      503322      504475      514898      498703      512385      548720      493154      517497      499490      526340      482471      553202      536650      466451      518880      500161      541232      554345      522143      499604      528831      532793      520592      519342      496392      522299      509822      529577      526773      589804      508919      525837      512461      532594      526150      472916      498649      539721      534033      496597      547213      524765      498135      580645      523382      517601      499453      468306      518265      526520      544069      494165      504987      553770      567538      515333      498147      521956      519454      544328      546690      488132      526402      540613      515375      523314      521940      465798      568043      541464      520833      542588      517283      472126      536384      533414      477003      511639      492206      520469      486405      543884      512854      559126      560393      491304      548471      528095      550935      545594      515591      535827      522681      488500      528350      535743      488075      524048      565141      505616      512709      499473      542509      557986      527649      550854      488767      548564      549149
      514054      509031      463148      516367      522728      562297      505292      532553      496173      528375      490935      532723      588649      539404      546995      545826      518608      458749      561770      493839      521953      485847      508350      493853      546352      548184      511113      522849      479951      545160      521775      545607      536076      514473      499614      520625      497896      514717      535433      515597      496979      552987      513153      525130      522754      508466      531373      527420      513155      513778      508682      568236      532637      519629      538913      518053      539166      502649      489653      530873      551708      471774      532971      507367      533935      515703      502329      525567      526864      499489      516678      513701      469652      526673      499069      516999      506134      530674      519897      486465      539071      552523      518547      564019      609971      484259      517507      497237      523369      516202      477319      493179      482695      525779      525590      508264      553273      495193      520745      495942      534131      501514      552113      564091      469419      520181      523886      503079      550347      501302      499587      502848      564663      495774      493485      515916      530961      507720      529592      495241      553953      494336      557982      498386      560862      528275      515206      513014      521115      564366      525443      547688      540456      535814      573665      532047      520076      553751      516934      547036      526219      524164      482338      501507      527330      561659      498043      497246      528314      506911      538141      575151      471422      518928      534966      513002      526375      517783      488525      545641      536438      526618      534471      528944      512981      538541      512887      484200      455791      509852      499519      485828      536223      546160      553230      554203      490648      527269      534865      543929      528870      502448      553188      526879      494577      512479      528140      480800      514173      573429      485956      509865      504326      563413      539920      533779      537019      528985      573722      549847
      485221      459403      445655      467517      490425      499773      457421      467737      455608      456053      473443      470924      494977      481308      469630      517008      462352      434888      506555      466781      486606      467446      461140      466799      502280      495035      471811      487069      448220      508887      493202      491037      475526      482671      445401      509137      455666      466821      491078      495239      479056      512637      466329      477680      477590      481355      476269      475866      454241      478007      448268      512225      482862      506535      491397      459907      486619      441218      438309      503009      521990      451400      487299      456294      505236      481409      474058      499323      504460      489097      456372      497561      442671      495434      467385      475865      428196      473187      487971      474905      469451      489255      473332      540134      531465      475252      495553      459006      477122      456832      439336      446716      453263      490300      456176      473579      503152      465452      476428      462477      501270      490629      518154      496219      437635      479128      469655      458068      506961      476816      471298      475235      510899      464512      481864      479761      476295      486842      482071      474588      487052      450264      506113      463490      498567      492656      480680      474246      506069      494348      489561      523313      485930      494557      500660      502044      447233      485619      438080      482514      459867      462587      473360      440147      506704      510616      430611      457574      479312      465449      490811      502105      428374      489709      494247      483521      490151      469549      480830      519415      478732      482290      466196      488077      485107      503568      495921      446888      460382      479298      478875      439063      492967      492300      499807      525931      476637      507681      479641      520092      491487      467798      503503      510853      466816      485035      485399      464231      473285      524505      449723      474903      454949      525822      496576      498643      517539      491204      490624      511735
      490713      488623      469483      486526      531688      516649      495141      502227      487985      495750      474597      498849      544307      488730      505504      503895      489259      466109      529653      476632      525113      473356      523272      474011      535064      512705      493876      489288      464413      528330      491932      519364      509628      510883      493540      495096      491771      484957      488822      508860      498436      533048      469925      518945      505129      476939      501725      489301      528753      479041      460830      536768      496392      507568      537951      508994      523449      472191      480565      531148      526975      457117      514132      469392      512790      503172      491778      502660      509697      513777      481842      517938      492492      512819      494986      504576      481875      483497      517748      498525      474938      516141      524389      547875      567563      463578      488158      490333      526508      479722      467961      458126      477233      494950      481291      497448      516756      531256      517482      482316      500322      517426      525772      499971      454716      481152      479145      501505      565291      505109      493071      474681      551469      492409      513584      499647      500531      502709      496366      514812      521396      478376      528418      490437      501494      522793      493807      495441      524672      501257      514197      525309      524496      493343      542384      540100      490111      501636      481081      523721      511596      515158      448605      459723      518577      547448      474889      487963      511129      473222      524842      507224      472642      510684      517634      500592      491063      513479      453258      528758      489370      498347      513310      498726      476920      526182      526529      473237      467533      471435      492212      490382      509146      488609      531842      562416      479481      520830      484249      543830      533928      501876      540621      497961      491532      510502      507046      454895      510105      531518      486635      489343      487537      550044      515444      515613      548460      483461      552224      507237
      510618      507468      495888      523432      554045      545882      509115      531956      486528      522394      505964      522753      557248      519006      502082      533687      513528      497180      560621      500680      534058      520828      500083      504547      548550      523034      496902      538752      470883      534411      529653      548051      542522      531467      496575      537149      516516      530612      530449      536537      509567      530434      506934      546678      539459      526235      535175      532956      507420      527380      498510      562661      544029      524720      564770      526264      537111      519342      476975      525276      544210      485105      530742      487758      555689      534808      484205      552729      561305      540004      513435      526354      503071      548095      509211      510546      500164      535519      541488      491578      484469      570594      546422      554482      595758      496864      536966      510936      535457      513383      500446      499707      520099      537353      523722      509472      543237      509494      523380      506810      533551      508951      548160      545857      480646      533921      507777      513904      553207      524827      510150      512026      548799      533058      522754      514697      526398      502184      516137      521567      543394      489901      534089      528199      542831      537151      515539      511948      533943      553417      541395      539050      541349      554157      564617      524398      521887      526705      511429      517976      511568      522768      479842      495385      528370      569279      482553      499890      534389      516418      554380      572756      489140      548486      546709      518389      525835      521394      473564      539524      546847      531286      510892      531754      498540      537353      563355      480351      494041      504013      535253      504910      547563      516835      547905      575572      491909      576791      508697      551200      533711      529873      549984      515767      489501      519379      531114      478069      513346      552767      498381      506441      525526      559846      550468      543602      535744      511262      553017      543602
      492006      475912      475459      508885      523354      524276      485821      502628      471879      514687      471266      495173      533937      514454      509237      512736      487320      468290      536100      477105      524468      495397      496461      487504      537589      517809      494391      489349      470345      532950      505632      522149      501949      493936      460215      495430      493185      483474      510430      501364      486603      514303      488588      515037      518623      483614      487530      492743      489046      489533      472380      548508      499747      496041      486084      507975      515487      469313      479610      504625      516894      478962      527874      476374      493614      541768      479455      513650      519274      491718      503505      521013      488378      515334      478512      513314      480868      515077      516886      475426      493549      514935      488075      504546      531369      492588      467679      493421      504560      477758      470695      471613      477990      518167      497640      496790      519721      470193      501799      461310      513736      475544      535748      507833      457554      500887      484283      484588      549876      500699      496461      498893      528265      502879      490786      511731      504067      493236      510328      481139      523374      470018      520880      480640      517480      526428      501258      501275      522279      512269      501936      524517      520961      514074      531119      505072      492855      484503      476005      487999      476568      486675      451211      494281      522492      557093      455251      485426      488745      501464      519914      529533      473052      520773      498518      503265      501595      480220      448149      544906      504517      492095      503055      503885      465158      529364      511582      478185      458232      467325      494819      466798      515724      493680      496804      542936      484533      504481      489476      536332      518919      468330      523034      512970      507699      501260      476750      498505      492089      508996      484292      482977      505330      547084      526488      484153      512530      491029      523770      495715
      518230      513460      473996      505526      544889      571438      517829      509669      500998      514087      499172      524602      574288      531223      509002      527375      520546      485088      545534      509190      518869      499880      478740      500954      530678      521666      516989      503555      486201      552160      540070      564155      503199      539407      513819      530958      503192      519582      526422      528345      527356      530496      535945      522869      524537      505823      504403      521062      505991      503310      504496      557772      530999      530783      529246      542390      555707      493853      492330      531112      532592      494385      571527      506153      542918      556267      499798      539134      555166      513466      528146      541292      469304      536128      503671      525509      487508      519409      529803      480307      516516      538683      486604      535259      577159      484709      519871      497763      504199      517510      493486      509869      493456      520876      520224      513751      541473      500140      517368      480504      520334      509303      531039      531635      479968      531424      508318      492153      557811      515975      516314      499463      554776      523009      520555      525334      517527      505323      538479      531560      536475      486145      541284      505047      540171      536261      489390      513715      530302      525761      546103      530910      550344      529584      566898      541585      510510      533828      488165      495477      520544      506667      476062      497750      542783      545894      483531      519142      532246      527647      563941      564943      471873      544585      512747      500476      503411      517329      504416      559120      514391      521540      538528      535346      485365      545136      545339      506552      501910      509425      525711      468939      534128      534227      539726      567950      494877      534078      521376      559104      519443      478934      543657      498471      501930      544872      494072      484888      510733      538820      476768      522557      519685      546760      546015      526660      515568      519429      546959      552364
      502038      504449      462450      489431      514416      546981      492969      517637      472822      505846      481157      509581      566570      504035      513933      543988      492209      435313      515050      481176      526317      481159      483272      502283      524843      509913      506741      512292      466089      531325      506190      529548      499288      492428      482990      527730      491914      518527      518627      525994      508381      535947      483362      495412      524126      495875      503633      488660      493911      509090      477405      535909      493374      511699      500740      499475      514402      470741      475802      527137      531260      472065      535553      467556      534529      515072      520290      527047      527951      505732      497790      534499      467617      534414      497771      500488      500094      497104      514685      488061      501556      524597      495229      525357      569836      473843      502450      477314      504078      514647      472332      481693      478390      524594      504110      495355      512203      480362      502354      481105      508116      494776      515227      545820      438593      510233      496375      477975      559735      521205      478194      480195      523292      502922      498026      501407      519018      499661      483252      498025      525259      476836      521863      478272      553164      516503      515362      493437      524005      503805      513010      541690      530567      531496      536452      508668      501518      549302      488543      510236      475127      507240      501744      504647      527445      554436      497178      471384      494725      492354      533964      569369      468682      533295      487033      501888      507654      516390      467724      523183      519127      515020      511085      529391      492389      530174      508396      489314      489712      483274      503685      484995      509940      524022      533387      528211      491178      518104      519427      542553      495318      514896      529808      511625      502467      511899      530066      463279      491935      523654      474444      525285      484593      518438      520786      512480      523695      477760      558120      543118
      516737      495286      482270      508894      525747      539977      504494      509530      520739      536219      478794      509821      543280      532544      533943      545440      506679      464307      547863      496869      559256      512404      499100      492687      507542      526879      521543      516405      478298      526739      531443      556273      528787      529130      494880      537603      510868      545461      501215      519060      523395      503872      487360      518418      523328      501633      518258      515977      495105      505398      492966      564562      511854      522569      529299      512082      541254      473785      483475      527247      559056      473451      559189      497435      517982      532800      531697      511893      540354      521045      516347      537743      507646      526141      515864      488684      475191      498627      530273      492332      510513      553757      513630      520996      590025      503042      503317      521183      518806      510982      475083      509936      493151      523202      510957      530230      532594      498382      525259      495185      534116      512701      541815      568654      462994      522814      515766      525883      561281      506467      520957      499640      552588      498846      503209      508341      524509      498749      507073      531341      536449      461886      539665      498505      523391      554483      505058      529953      524622      516707      523294      530465      558077      552267      549495      515387      516647      519962      500485      518720      481236      518762      485796      495227      529455      570337      487622      489108      511498      505608      532288      559048      481617      547559      516378      521838      526364      505299      493219      543598      532012      499772      530741      545674      511815      538740      557412      470247      491724      484864      519890      479249      514635      522610      533065      572503      512555      530822      506621      556495      538759      522348      537371      514436      484924      495669      514532      489254      508825      552140      515048      525057      507351      550777      541833      522508      555602      491603      552516      538158
      473319      462971      441224      469216      499741      506930      461496      478533      449511      493335      450149      493467      521061      475087      484467      479791      462374      439911      513375      457391      500554      463353      485126      446741      526626      513220      467647      469666      455949      495018      453822      500918      458430      495389      449922      477271      474595      474561      478949      465997      465693      504858      462818      477651      496387      456365      479151      500161      452957      469276      468720      527634      469272      493116      502761      483707      498483      456441      474136      485591      521682      438946      484814      443208      480843      482882      482493      488429      497330      472165      432448      479600      447060      486644      476197      461539      464813      515653      488759      449520      467241      517223      471498      482891      546549      460287      465802      442535      491062      464643      429537      458737      460368      483704      467158      484996      485116      451019      482744      456743      488895      439790      516074      520632      431649      498320      464780      465040      498271      484940      451663      467257      517907      458075      497695      472676      490136      465875      470262      474324      508095      437956      493019      468535      516389      501819      467574      472743      497759      482864      495053      490019      499441      503616      506601      498967      451255      488515      437494      481571      463479      501440      463297      456944      488057      525123      471854      449268      464971      461070      525123      521103      445347      500224      511168      499186      478322      487387      454996      493399      482395      473265      478846      497575      460038      481413      483730      475521      430627      468277      501958      453016      501160      492898      511424      501795      453440      497112      482320      518604      498400      457016      481092      492631      458449      461983      484038      435141      464784      515662      448715      469725      440972      513696      491944      480136      505123      458293      507752      486318
