  71  25  11  66  40  32  38  96  52  83  84  90  76  55  43  61  57  46  37  75  22  26  87   7  87  30  14  35  27  59  46  60  12  24  68  84  43  69  44  37   6  40  33  14  61  95  36  86  28  91  99  27  11  39  26   9  93  24  53  44  93  80  11  96  65  54  53  46  85  14  10  73  28  15  30  48  70  25   7  29  76  85  93  31  50  15  50  57  74  95  51   4  85  94  12  90  57  40  11  65   9  70  34  10   1  12  68  23  61  90  27  23  46  25  43  29  79  74  16  38  75  39  73  13  50  48  82   7  16   2  13   3  18  82  23  88  26  63  83  68   9  55  64  97  12  47  54  72  54  24  77  71  89  26  65  99  12  95  54  95  77  15   2  26  68  45   9  95  27  47  68  15  57  14  26  30  22  62  73  53  49  28   2   5  83  97   3  59  82  82  20  24  74  48  54 100  25  96  63  42
  80  17  74  26  87   6  99  75   2   6  19  61   2  20  88  69  34  98  55  23   6  73  57  63  84   2  64  93  82  44  31  47   8  15  83  79   3  91  59  60  31  93  93  11  80  68  30  73  53  31  97  70  77  97  41  64  33  15  45  92  54  74  39  20  76  93  28  88  74  77  35  53  42  26  54   1  89  22  39   4  82  77  62  48   6  81  25  78  56  25  48  40  72  78  37  77  93  30  58  99  31  77  18  71   4  21  35  86  73  57  97  24  21  14  93  72  32  58  52  46  74  43  67  91  18 100  18  49  89  74  59  68  26  84  46  96  15  88  86  19  82  69  76  56  43  43  22  58  57  25  72   5  53  87  69  11  81  15  97   2  95  24  73  68  97  70  86  34  90  75  85   1  59  47  23  42  73  33  83  72   5  44  29  53  13  14  84  64  47  31  27   8  74  97  27  10  79  25  15  28
  83  36   1  71   8  81  57  15  86  76  14  54   7   2  45  80  79  74  73   8  83  43  50  49  68  78   4  44   4  71  12  64   4 100   8  62  75  86  70  68  24  31  20  81  72  22  69  12   6  66  40   1  19  39  65  63  11  99  90  42  35  42  96  17  46  83  89  85  79  83  18  74  87  16  13  83  16  86  91  41  65  61  13  30  73  83   8  84  36   6  70  67  86  26  69  51  52  31  39  62   8  82  71  98  62  15  70  69   8  85  31  64  85  27  52  51  13  27  18  36  64  53  16  58  45  46  98  29  24  44  72  14  97  71  76  64  68  69  35  93  30  69  84  83  69  10  64  91   7  92  96  52  13  77   2  12  10  24  22  50  31  55  63  30  22  86   8  24  12  25  67  29  22  36  77  94  91  28  41  37  31   9  43  27  57  57  85  10  61  39  16  79  13  90  81  66   6  57  29  93
  81  73  63  40  19  56  94  96   1  96  86  72  35  24  82  33  73  86  85  43   2  41  11  27   3  77  21  71  63  25  94  10  66  29  51  80  37  39  17  16  19  60  81  50  29  89  12  22  82  84  53 100   3  93  19  38  94  12  34  21  56  63  83  99  44  85   2  89  25  12  10  66  13  37  13  14  91  30  25  99  51  20  70  92  54  92  36  53  34  74  99  55  37  71  66  92  33  86  54  45  85  96  40   1  45  26   3  74  63  84  20  20  47  52  41  75  90  51  34  64  59   5  97  83  63  41  22  43  55  39  79  25  71  74  75  73  98  76   9  34  70  60  42  68  56  92  37  80  12  82  59  27  32  30  92  61  10  83  30  10  34  10   1  77  68  67  78  76  74  75  53   5  31  88  44  11  41  41  59  30  93  55  81   6  50  17  87  61  61  33  93  29  42  86  31  51  26  20  19  53
  52  98  80  60  64  34  57  49  87  21  23  82  27  77   9  29   1  70  69  73  55  71   7   9  56  35  44  70  58  25  72   6  99  58  87  65  72  95  64  49   8  84  29  12  80  69   8  39  79 100  75  11  16  21  78  79  31  82  14  38 100   7  42  95  87  54   5  82  46  12  28  48  40  80  94  99   2   6  35  68   7  66   5  47  81  96  27  23  95 100  51  16  39  28   3  82  36  92  90  16   4  67  22  76  18  60  21  52  33  20   5  31  58  63  14  65  61  37   3  82  50  90  47  59   1  15  61  16  14  60  16  14  47  85  82  84  65  93  81  84  18  80  74   5  23  36  50  18  29  12  39  98  62  39  86  50  84  29  90  20  84  78  11  25  35  48   1   5  59  71  95  35   6  43  81  49  49  86  11  27  87  51  13   7  84  12  58  47  91  40  33  39  21   7  72  52  32  78  30  54
   4  27  55  83  14  76  23  21  44  56  44  68  41  28  36  46  65  64  13  65  60  31  94 100  45  51  63  51  29  88  63  58  20  51   6  52  30  14  42  66  23  44  96  20  16  57  68  60  56  77   2  69  91   4  60  77  93  96  96  40   7  51   7  63  45  15  66  36  15   3  25  76  45  34  81  78  33   8   3  95  33  85  51   1  87  32  61  37  27  15  43  59  70  60  28  11  99  51  44  45  48  76  58  39  88  98  44  54  60  76  18  11  54  73  43  78  94  13   6  57  79   9  55  90  58  63  29  90  57  50  42  18  66  12  93  26  39  18  36  81  30  79  36  25  46  23  34  24  48  90  29  52  15  83  15  54  20  60  43  63  45  76  10  10  32  19  25  66  96  18  37  94  30  16  76  29  30  80 100  74   4  42  51  50  44  68  13  31  51  41  66  71 100  66   2   9  32  43  30  49
  54  64   6  44  27  35  24  83  61  34  83  48  72  92  53   1  34  10  11  18  98  19  86  66  98  44  35  97  33  16  20  58  34  89  92  72  36  98  44  40  45  44  37  33  29  93  63  90  97  15  26  16  20  71  15  56  20  70  44  73   8  49  68  84  21  36  68  62  32  82  49   7   3  29  81  85  53  91  20  51  99  57  16  13   2   5  28  62  40  13   3  83  16  74   8  58  98  64  98  42  15  97  16  96  21  40  34  72  58  70  54  69  26   1  66  43  75  82  12  33   3  77  38  33  83  89   4  85   7  91  20  35  80  19  68  69  61  31  98  59  70  40  77  60  66  90  28  16  80  49  83  45  21  22  71  62  90  50  60  67  87  16  34  26  90  94  59  65  62  49  41  18  24  49  16   2  96  67  51  11   5   9  33  18  34  44  32  24  19  93   5  29   7  91  63  62  30   2  67   9
  78  66  14  89  55   3  18  44  98  42  93  21  89  72  85  79  95   1  77  60  25  55  46  34  66  23  50   3  10  26  55  64  69  62  98  25  11  31  47  21   1  50  77  76  69  58  72  32  30 100  56  90   1  57  44  34  94  84  30  13  40  66  90  59  39  18  25  21   9  84  78  90  83  75   4  39  15  63  16  34  20  57  19   7  34  84  76  77  94  20  38  84   8  62  58  14  49  30   8  84  94  66   6  12  76  10  84  90  82  49  14  81   6  27  13  72  66  35  15   8  31  82  26  57  76  15  67  34  57  43  89  71  46  34  87  11  67  12  29  46  50  53  93  22 100   3  94  64  97  80  13   8  85  96  75  41  49  27  39  96  17  54  48  35  93  28  82  11  12  71  69  44   6  19  97  43  48  26  24  32  53  69  63   9  64  32  48   7  10   6   1  23  27  43  44  28  16  58  82  29
  81  73  94  11  37  46  78  16  67  97  63  86  30  77  44   9  14  67   1  58  70  59  82   7  77  97  90  85  28  23  73  64  32  34  24  98   8  36  99  38  52  59   3  53  75  80  74  84  26  14  79  95  90  10  80  37  30  57   1  46  29  31  23  94  27  48   8  18   8  65  62  79  14   5  21  84  54  86  51  25  55  68  14  31  18  28  35  23  79  68  26  74  76  60  42  97  40  38  84  39  67  93   1  87  53  63  36  40  83  78   9  57  96  45  43  15  52  17  33   4  23  11  60  91  57  81  79  24  43  78  95  36  29  92  48  39  78  57  77  40  20  70  33  38  85   7  99  39  95  65  60  57  22  46  50  58  40  66  60  52  97 100  88  81  78  38  50   1  99  81  92  33  30  82  43  67  18  53  46  68  97  81  86  72  92  91  94  21  11   4  28  34  77  48  37  63  25  77  35  49
  47  91  97  16  43  96  31  33  15  14   3  64  19  26  58  95  71  74  37  94  62  58  17  86  28  61  62  56  94  42  93  75  82  92  86  27  75  46  76  56  41  33  81  23  86  31  68   7  92  19  64  33  79  39   5  22  85  25  65  89  35  14  23  98  23  36   3  25  34  64  76  41  80  62  79  63   7  61  17  77   2  92  85  65  47   4  12  17  81  24   3  38  97  16  63  63  26  81   2  37  99  83  23  83   2  43  62  65  31  10  53  94  22  19  44  91  91   5  63  70  98  37  48  81  44  16   1  33  42  20  72  63  94  23  92  51  51  15  67   1  69  15  99   3  73  46  21  16  67   5 100  21  35  83  19  71  43  74  55   4  35  80  43   2  57  11  35  19   7  71  53  54  27  87  37  38  12  63  89  86  57  57  84  70  95  30  30  41  42  54  12  48  53  83   7  96  78  82  45 100
  17  36  83  59  23  30   4  14  98   9  65  36  28  68  96  22  95  21  30  48  21   9  98   6  21  76  83  94  53  88  85  73  69  12  95  82  96   2  21  40  12  18  96  20  12  49   1  19  16   4  27  72   9  36  95  69  17  28  73  16  41   4  55  69  60  64  58  77  64  18  21  50  24  47  16  78  25  35  82  90  14  96   5  13  83  90  93  51  47  88  20  71  59  49  26  68  90  85  17  49  75  66  17  12  37  17  58  53  41  86  97  91  69  16  69  15  69  47   6  74  10   9  63  39  52   9  83  63  91  77  13  66  25  18  39  33  26  96  68  10 100  93  81  22  34  62  73  27  59  44  97  20  22  85  60  51   1  93  49  14  86  71  31  43  57  84  67  71  11  14  75  83  97   8  85  55  99   8   3  12  81   5   1  72   8  46  49  56  92  86  28  93  12  25  29  73  48  92  63  16
   6  59  32  98  22  48  67   3  30  99  16  89  95  54  39  92  68  80  99  55  54  62  47  91  66  79  78  66  10  73  64  43  69  29  77  90  90  19  92   3  21  23   9  10  88  13  40  30  26  90  64  75  39  93  10  50  19  12  88  37  66   9  64   7  95  29  60  93 100  18  25  55   9  14  90  18  22  95  83  56  72  46  46  61  19  36  11  61  78  94  97  23  38  55  17  91  77  18  12  83  31   4  26  28  13  71  77  85   5  88  82  18   2  70  16  58  91  77  82  52  25  43  24  96  55  85  75  86  47  69  33  82  72  81  98  10  98  90  22   2  28  92  27  29  26  44  69  51  39  83  22  70  89  25  70  70   2  10  10  15  49  26  29  38  60  74  90  43  39  30   6  64  38  38  38  24  64  60   3  25  69  98   5  46   7  51  28  46  38  31  56  97  23  71  69  52  91  54  24  24
  45  40  33  58  85  48  72   1  15   3  11  25  79  43  73  63  69  56  10  62  86  49  95  98  47   2  97  25  31  87  34  51  38  53  79  34  78  75  39  75  37  22  21  31 100  17   7  60  87  58  14  21  14  19  88  72   4  48   9  52  99  36  41  46  49  43  50  88  16  53   6  53  95  48  24  95  89  58  19  23  45  63  64  22  96  94  39   5   2  27  36  40  42  77   3  41  22  34  37   8  26  96  77  28  34  63  16  95   4  26  26  39  58  34  58  65  65  22  35  24  42  18  96  30  30  45  74  83  83   1  44  11  86  71  46  37  35  54  80  56  88  34  71  86  34  40  25  70  19   5  44   7  91  72  99  19  34  35  72  99  63  56  18  87  43  88  69  84  89  72  28  19  96  44  44  80  75  50  95  72  39  55  37  12  57  85  52  95  46   7  23  83  75  71  86  82  71  87  40  22
  75  37  18  18  67  48  75  61   3  95  51  25  28  63  34  35  93  59  70  43  17  20  92  24  83  37  47  48  83  71  91  21   7  73   6  75  70  53  86  81  59  26  70  52  66  74  17  64  30  17  71  20  51  35   7  63  35  69  16  69  46  12  23  20  43  97   4  53  15  30  68  67  71  72   6  24  74 100 100  96  25  71   7  71  91   6  11  51  58  84  98  75  76  54  86  21  79  41  84  75   2  46   6  24  60  48  74  92  26  52  25  62  96  58  85  18  84  50  85   7  30  85  85  28  99  37  94  72  58   5  99  53  64  65  67  30  32  30  13  73  71  92  80  48   3  66  35  24  63  37  95  34  77  93  51  84  78  54  54   1  80  42  38  86  76  86  44  85  58  43  20  90  53  62  91  27  15  85  72  74  26  46  10  39  26  39  84  16  56  65  71  36  79  97  59  47  80  80  44 100
  78  45  46  55  25  25  44  67  25  41  63  59   9  43  31  24   7  41  79  67  34   9  22  55  42  51  79  70  60  97   7  23  36  51  36  38  34  67  36  53  54  79  48  74  68  62  39  11  66  60  28  49  20  56  46  68  15  55  19  32  16  95  51  41  32  91  64  80  63  22  98  48  76  14  48  48  31  91  30  67   7  15  76  99  35  62  10  18  30   7  64   3  58  57  30  40  77  75  43  71  54  90  67  63  12   3  99  15   3   4  83  26  90  94  89  69  87  61  71  66   6  89  97   5  63   2  92  35  97   4  74  89  32  90  81   3  66  70  85  83  48   3  39  64   9  51  96  52  94  68  50  76  70  54  50  31   6  95  15  32  27  75  72  79  63  19  75  42  81  60  27  61  61  24   9  17  10  76  56  22  21  79  17  14  22  11  41  54  85  87  75  42  80  55  84  29  35  37  94  29
  60  64  10  23  80   6  95  49  52  87  91  62   7  46  38  87  27  56  60  76  14  96  67  99  67  36  50  61  42  41  91  64  66  30   1  76  33  94  12 100   7  28  29  67  90   6  96  50  73  73  97  38  14  44  53  65  70  53  14  15  31   7  60  80  47  94  24  19  65  69  35  58  59  76  77  33  17  10  83  20  68  51  16  34  83  17  18  51  99   9  89  38  83 100  31   1  46  88  72  69  49   5  89  27  81  48  29  81  15  56  31  86  22  93  12  39  23 100  92  14  18  34  51  46  45  69  37  44  54  57  53  93  36  49 100  76  88  61  87  88  17  96   9  24  63  84  43   5  48  11  57  78  43  10  46  63  56  21  95  36  69   1  92  44   9  96  91   4  81  17  84  87  32  31  95  41  75  17  92  45  24  22  67  20  67  68  27  38  11   1  74  91  28   5  31  46  64  10  63  96
  82  98  68   3  61  34  41  38   1  87  98  24  46  39  64  91  24  48  14  47  93  63  13  12  36  83  74  43   9   3  75  74  73  94  55  84  72  21  98  77  41  12  48  91  73  12  59  43  32  85   2  90  35  86  93  90  64  71  79  61  64  82  91  58  32  86  82  12  75  81  97  29  62  76  90  94  85  35  43  58  66  16  61  72  29  14   1  50  23  73  68  21  17  54  44  13  40  83  73  36  54  74  64  46  23  20  47  67  28  76  62  34  22  79  25  35  52  85  43  33  65  28  67  32  66   7  18  22  17  24  79  60  29  90  68  90  75  44  69  29  39  68  30  71  61  43  80   6  70  50  23  65  85  97  93  38  18  68  33   4  68  50  41  15  41  90  29  60  44  51  74  96  92  38   7  87  31  36   3  44 100  88  43  77  69  98  54  94  94  37  18  77  18  32   2  37  51  35  97  38
  10  40  57  42  89  42  13   5  24  67  17  11  67  80  58  35  62  47  25  52  85  29  84  65  83  33  77  46  66  70  70  39  38  10  22   2  99  62  78   7  23  39  74  47  84  51  98 100  38  58  71  56  37  57  70  94  93  72  51  25  21  26  71  89  21  97  44  90  13  20   3  71  66  27  78  13  30  36  88  98  34  92  14  64  29  45  37  95  83  46  48  83  82  54  62  90  51  40  78  11  59  98   7  11  23  92 100  49  81  55  46  10  45  83  49   2  12  54   9  96  41  14  24  45  55  22   5   7  41  12  28  83  60  31  51  69  65  48  55  75  81  39  37  74  63  35  71  14  46  85  50  78  18  87  77  82  75  99  51  24  63  74  63  42   6   6  44   1  22  65  53  29  30  64  91  57  97  39  63  99  87  93  93  74  61  41  57  42  30  40  68  46  66  30  59  20  27  13  75  31
  53  53  11  41  12  11  37  30  52  74  97  89  12  75   2  85  12  64  69  27  40  21   4  97  52  39  30  47  22  14  11  86  56   2  23  96  33  44  86  49  94  56  26   6  98  50  56   5  18  71  22   5  15  49  48  92  86  37   3  78  59  39  11  44  90   7  89  17  38   5  48  54  71  94  65  56  33  37  89  62  39   7  90  65  15  51  37  64  92  28  33   9  45  60  35  90  20  84  55  94  57  67  10 100  96  15  52  57   2   3  51  58  41  37  68  85  54  49  40  33  42  38  58  87  22  43  41  43  90  83  71  68  14  53  18  68  88  38  87  65   8  83  50  45  78  35   9  39  92  33  12  33  63  42   9  44  30  96  83  64  70  89  24   6  97  90   4  50  29  11  31  49  66  61  64  44  74  90   2  51  21  13  96  82  85  38  61  14   5  58  87  69  49  39  63  36   7   9  33  47
  22  66  58  65  45  75   2  76  61  95  28  10  94  76  25  58  71  76 100  49  31  50 100  83  75  25  41  55  53  84  83  29 100  23  97  60  16  61  91  12  64  77  41  32  60  50  48  21   8  28   9  89  17  47  71  77  49  64  83  61  39  42  15  95  30  28  52  27  65  53  80  50  23   5  66 100  35  39   2  18  21  16  43  72  49  93  43  59   7  46  79  99  38  13  53  53  14  56  90  41  88  80  86  68  90  53  40  84  10  45   9  14  90  68  14  66  23  11  71  56  58  10  67  45  58   5   3  37  79  24   6   9  45  75  81  79   2  80   7  80  10  50   5  77  54  85  22  77  12  79  60  54  63  83  47   4  33  12   2   9   2  38  51  36  93  85  51  14  14  88   7  16  82  34  31  43  24  34  64  40  53  19  88  71  36  40  53  24  69  30  15  13   9  28  49  89  12  37  12  62
  43  37  21  62  79  53  80  67  68  37  17  55  83  24  33  56  69   7  21  21 100  33  21  93  96  33  68  48  69  67  89  44  29  22  65  38  32  16  17  10  58  79  25  99  62  63  38  38   5  60   9  43  86  92  61  14  44   1  22  32   1  25  93  54  69  65   6  25   1   5  18  65  13  51  67  60  86  97  77  19  28  58  17   5  39  54  33  60  12  15  22  45  90  51  88  68  83  38  79  24  13  32  39  61  15  70  10   8  59   5  31  23  12  69 100  58  84  50   3  55  77  62  50  52  69  29  97  97   8  10  66  64  50  97  40  20  39  31  50  73  61  66  29  41  99   2  43  85  79  20  45  59  49  85  13  11  44  22  81  80  11  93  33  51  61  34  22  99  89  88  69  72  49  38  55  94  93  32  58  54  51  10  96  65  88 100  93  87   1  24  57  14  18  21  50  31  14  20  30   7
  51   3  93  43  89  83  73  28  72  13  55  81  45  66  14  62  75  27  92  95 100  17  64  98  99  65  16  85  11   1  78  23  90   7  92 100  60  10  40  72   3  53  40  80  33  37  46  33  91  11  85  34  56   2  90   7  78  40   8  69  91  36  14  91  74  10  85  19  27  92  54  85  15  44  46  44  48 100  35  16  76  56  67  78  49  76  48  80  97  85  81  49  68  37  14  97  24  93  93  74  18  93  58  80  93  44  96  47  87  22  37  94  58  94  38  52  71  45  62  89  48  40  53  62  51   9  60  76  73  56  22  39  98  69  22  61  56  84   8  23  76  16  62  73  83   4  92  98   6  18  54  93  42  96   9  94  72  85  94  46  81  24  57  24  52  54  49  76  39  33  78  14  14  76  30  89  36  62  98  42  69  13  85   5  55  40  24   9  39  79   8  51  77  80  56  35  97  26  47  13
  65  47  81  35  57  89  82  85  94  77  17  72  45  27  56  16   2  38  56  46  11  48  28   2   4   6  81  71  59  40   7  41  50  68  78  95  63  11   4  41  89  75   7  19  88  80  82  83  16  43  52  77  99   7  11  87  73  81  27  68  87  34  76  42  28  21  89  88  27  20  92  93  41  95  42  15  67  33  76  12  97  27  15  43  20  41  74  76  53   3  45  29  29  81  44  71  53  88  42  94  61  58  24  52  99  29  20 100  75  31  60  39  65  62   2  50  63  97  47  99   4  66  87  71  37  94  26  10  27  99  32  65  79  84   1  78  35  16  30  87  41  31  32  65  36  19  90  86  27  22  52  28  56  79  98  20  49  89  20  69  68  82  92  77  79  83  91  60  62  84  96   9  81  28  91  14  25  20  12  51  63  89  17  71   3  18  70  82  69  96  81   1  60  48  78  49   9  97  79  69
   4  78  81  62  69  71  83  92  20  49  11  93   2  45  90  61   3  98  63  65  98   1  42  62  75  30  55  67  66  42  27  68  33  21  59  87  24  80  53  33  71  54  94  91  41  84  70  43  29  48  49   8  84  43  20  89  38  52  97   1  56  88  88  53  22  37 100  31  12  89  44  55  59  37  47  44   1  23  82   2  59  43  57  74  84  21  51  58  86  15  72  73  50  10  30   9  62  63  11  78  28  62  87  90  54  79  14  98  70  86  35  14   5  79  12  16  96  90  93  52  25  64  88  24 100  73  60  14  64  96  44  70  44   7  57  89  99  75  95  15  43  81  45  55  43  45  43  69  70  40  85  48  30  83  46   1  65  65  38  30  17 100  68  55  28   3   8  76  37  94  77   2  36   5  72  11  16  64  70  22  23  31  97  69  20  80  64  65  58 100  45  49  83  26  23  45  23  35  38  15
  71  92  73  81  50  21  21  35  72  13  23  34  70  89  56  74  44  76  17  31  36  31   7  63  13  65  60  90  11  59  17  92  15  66  19  85  32  87  35  77  41  40  52  28  19  67  82  71  32   7  61  92  90  99  85  47  59  93   2  72  57  27  67  44  83  86  45  98  14  89  83  28  13  36  95  85  54  41  87   2  14  28  86  52  69  96   6  58  79  33  96  81  57  26  32  67   1  71  85   4   3  60  70  22  93  28  43  34  17  44  67  28   6  56  77  50  29  90  19  83  57   2   5  52  32  61  35  52  86  22  56  39  63  51  95  30  74   7  77  33  44  85  91   7  75  34  25  73   2  38  13  85  60  28  25  86  23  33  69  16  45   1  28  58  80  34  46  29  12  82  38  99  68  31   6  22  59  17  56  54  46  17  99  49  53  77  80  80   5  21  40  67  66  66  24  34   5   4  91  66
  50  24  31  63  90   8  84  78  88  98  78  32  18  12  72  68  35  39  36  29  11  20   4   7  13  66  71  64  17  67  99  22  14  55  95  37  60  79  68  12  12  55  44  32  51   8  96  40  39  35  64  26  51  78  26  47  54  75   7  11  82  66  96  14   7  42  56  80  98  57   5  96  11  92  26  28  77  98  96   9  11  14  97  35  34  91  16  84  40  12  28  77  19  53  83  45  71  69  53  22  13  88  40  31  89  15  94   3  22  46  92  22   5  29   7  36  97  66  43  57  53  98  12  41  27  64  42  30  33   8  64  31  84  42  68   8  73  62  60  51  78  54  42  99  51  92  18  77  48  66  51  13  96  68   1  22  83  10  20  23   6   6  38  35  96  89  40  16  66  57  10  41  70  96  73  12  20   1  29  56  34  54  61   1  91  23   7  99  54  32  15  95  54  28  79  54  27  16  70  62
  51  24  36  32  94   5  71  76  73  88  20  94  61  54   8  34  93  88  25  11  92  37  85  47  85  51  81  53  42  10  27  35  18  63  58  28  24  57  25  42  66  96  91  63  72  38  67  60  29  67  41  32  84  37  34  65  59  99   4  46  33  62  52  17  37  28  72  34 100  16 100  55  93  39  81  78   3  45  70  72  96  89  73  74  35  74  58   6  91  76  21  36  22   1  14  95  56  52  16  80  25   4  28  52  55  89  57  84  33  69  38  58  38  22  71  81  24  85  66  33  68   8  88  39  41  31  15  21  72  56   8  12  55   9  37   7  71  66  22 100  62  81  57  54  67  50  69  73  77  79  29  95   7  66  25  32  49   8  82  62  60  17  61  87  64  72  72  18  73  84  17  30  54  67   6  85  81  39  81  70  33  73  54   5  98  40  21  44  57  64  78  86  15  75  52 100  43  71  82  55
  56  45  73  55  42  46  14  36  26  94  87  84  58  30  17  83  96  10  60  78  32  38  82  12  82  10  27  99   4  71  70  87  57  36  91  78  37   9  87  19  38  39  57  47  35  85  36  84  57  25  17  16  87  56  92  68  87  56  41  88  16  44  40  56  51  28  57  70  18  25  75  27  39 100   6  77  94  72  37  90  12  30  84  68  18  34  54   7  71  37  86  95  29  28  64  90   8  23  51  67   4   8  12  13  69  25  44  43  30  50  92  63  24   6  86   6  32  58   4  33   7  17  36  91  88  82  30  39  53  98  80  89  58  27  59  86  32 100  49  10  59  73  56  91  12  32  84   2   2  59  53  25  42  85  59  87  26  36   1  52  66  34  32  15  16  47  75  13  95  85  36  55  36  45  45  27  11  20  36  70  95  19  91  79  22  56  75  16  17  12  63  60  67  94  58  75  68  50  35  91
  71  70  90  96  38  51  55  79  80  36  73  11  83  92  91   5  62  98  17  94  74  45  55  21  27  76  50  16  79  11  63  69  36   3  61  43   3  45  27  37  88  84  97  88  15  10  40  59  40  23  22  98  85  70  90  54  33  69  97  57  47  82 100  51  76  13  87  58  59  46  25  75  20   2  25  92  18  19  34   8  28 100  65  84  48  30  10  51  84  79   4  42  71  22  85  18  19  78  60  83  47  90  63  65  13  62  18  10  83  17  85  32  88  47  38  10  80  96  64 100  37   6   4  62  78   6  87  15  88  39  78   8  38  10  73  66  33  91  10  54  48  20  42  66  17  51  56  64  17  80  76  65  35  91  82  75  18  42  36  43  28  62  91  95  98  44  92  55  98  85   8   1  19  93  89  22  25  37  41  50  67  97  13  90  94  69  19  99  66  43  23  72   1  22  12  70  67  11  63  30
  75  99  72  20  73  24  45  55  78  81   4  66  78  58  50  27  21  59   4  13  70   3  13  59   8  23  84  30  32  21  87  78  33  33  11  18  73  68  19  72  88  37  30  31  63   9  90  21  68  58  13  93  16   8  61  32  53  13  78  80  59  27  97  80  11  74  42   2  34  73  79  28  82  93  23  48  61   1  64  67  82  34  27  52  17  18  22  58   8 100  45   8  17  14  39   6  25  95  67  58  88  33  74  61  99  99  25  42  23  21   8  70  48  61  95  56  14  69  67  43  24  78  54  28  18  26  52  11  31  67  89  42  91  40  73  48  97 100  14  14  43  39  71  85  45  80  71  40 100  73  12  22  13  95  28  57  78  53  30  66  55  47  54  21  83  49  53  42  24  13   8   1  85  87  31  75  45  66  90  38  94  62  37  10  69  67  52   2  94  55   9  19  53  36  50  19   8   1  21  87
  92  36  56  17  69  94  69  81  41  55  46  17  17  95  24  33  19  11  22  47  10  72  89  96  36  91  97  63  31  73   9  57  52  12  84  84   1  52  29  66  80  57  27  54  29  39  94  88  30  31  83  92  32  30  67  50  14  41  95  41  89  37  29  19  40  91  27  12  53  94  86   5  16   2  66  44  44  98  82  94  60  84  78 100  58  74  66  29  24  94  13  35  67  16  19  68  17  21   2  29  19  76  90  99  21  32  15  65  47  45  31  68  69  21  48  12  87  67  46  63  70  91  93  72  78  79  32   8  10   9  21  37  15  39  23  59   3  40  57  15  89  70  19  90  10  90  88  45  79  21  21  23  89  65  51  59  23  96  74  96  52  21   4  26  24  39  34   6  87  30  29  58  41  72  69  17  47  23  94  76  33  10  23  76  43  85  89  13  82  72   9  45  96  87   4  52  42  64  13   6
   8  26  94  80   6  44  90  72 100  88  26  86  74  10  50  78  18  66  45  96  38   6  20  18  90  79  11  10  44  77  20  90  67  13  56  43  81  96  87  95  30  54  27   5  32  41  91  35  82  80   2  85   8  81  57  29  27  71  86  77  14   2  23  37  11  99  40  30  43  40  97  38  25  59  32  32  25  42  95  90  11  49  72  77  99  45  28  45  44  49  39   4  81  62  89  49  75  56  67  27  15   4   8  82  39  62  47  57  88  46  23  49  36  33  10  64   4  78  69  83  30   9  67  16  42  50  92  99  87  87  58  91  73  52  13  69  63  29  43  18  79  53  12  58  61  41  74  34  34  41  85  97  49  24  24  69  55  16  55  18  55  22  67  98  77  97  96  98  73  54   7  55  58  16  62  62  92  50  73   1   1  92  68  54  25  46  25  33  72  18  98   5  69  81   3  64  33 100  88  20
  66  23  76   1  26   2  34  23  89  71  79  65  60  98  81  65  92  25  63  16  44  28  45  18  61  58 100  50  10  43  69  91  98  52  49  51  33  51  31  42  33  28  87  43  21  23  93  59  39  47  29  87  48  85  42  26   6  10  26  18  79  13  45  78  37  54  97  37  72  84  75  89  17  58  99  49  33  47   6  88  81  89  66  40  86  10  52  62  99  74  82  12   1  87  78  75  34  96  95  14  51  45  78  63  74  93  45  94  65  89   9  39  71   6  46  25  15  89  91  31  94   5  98  83  31  75  95  32  17  74 100  92  63  76  40  75  25  66  63  65  95   3  77  46  65  30  64  53   9  91  35  59  18  36  45   7  93  22  11  71  74  85  57  68   3  43   5  96   7  97  62  61   2  60  37  28  16  16  43  67  44  25  58  65  73  23  42  14  90  29  99  73  16  45 100  61  53  48  58   4
  79  95  23  74  28  86  58  48  52  33  90  34  95  57  45  10  86  17  52  98  20   9  85  23  12  84  65  35  55  66  82  62  62  10   3  75   7  32  12  83  64  47  67  12  63   5  40  61  31  57  63  23  50  27  73  28  26  69  10  44  73  75  24  60  49  74  69  95  46  49  51  64  22  49  19  72  62   6  30  83  39   2  50  10  50  82  23  43 100  16  29  28  39  67  13  68  41  44  52  19  89  49   8  57  67   7  22  77  51  69  15  58  10  56  97   3  68  62  91   5 100  13  85  74  99  17  49   4  75  13  17  14  86  49  10   1  21  37  59  71  35  11  91  44  90  90  58  52  16   9  91  77  95  15  48  49  35  73  38  25  73  16  44  10  56  15   4  47  45  74  39  49  71   6  42  16  30  56  77  51  33  62  55  65  85  25  13  99  58  28  65  30  29  55  43   5  13  84  29   8
  92  70  59  32  98  23  53  94  67  40  79  33  95  87  67  66  84  86  38   9  95  55   7  73  95  18  32  11  84  56  87  67  17  67  67  79  66   4 100  32  11  22  27  17  54  22  12  90  86  94  55  59  18  78  78  83  87  79  88  87  77  19  53  32  52  22  13  89  34  19  27  70  60  65  87  68  68  70  82  20  23  45  90  62  55  57  97  82  20  61  38  39  84   7  24  94  70  96  62  60  34  75  44  66  38  63  12  64  42  80  84   2  33  85  50   3  32  20  58  50   8   3   9  54  94  75  59  20  53  97  73  65  25  32  94  43  88  44  95  19  21  10  93  10  92  52  19  55  24  36  85  59  44  91  93  88  61  64  47  67  71  63  27  27  47   4  17  54  45  83  26  82  32  46  26  31  30  28  87  95  28  82   2  23  54  85   8  46  71  36  27  74  89  52  13  35  49  76   7  41
  55  30  63  43  28  95  33  82  90  74  46  58  11  52  88  85  67   2  16 100  39  37  66  25  36  66  60  65  49  17  13  36  81  12  29  90  71  68  31  19  29  48  33  66  82  90  20  94   1  17  91  24  27  35  82  43  73  52   4  52  66  81  24  74  85  81  94  38  94  94  63  47  44  87  39  85  63  52  27  82  64   7  54  53  70  29  86  13  56  61   9  21  50  26  67  22  17  13  56  12  85  84  46  79  77  48  15  19  24  84  73  44  60  34  40  49  96  97  65   8  92  72  34   1  21  55  82  12  88  12  68  69  33  71   9  68  63  43  49  65  98  81  40  90  95  93  37  48  87   1  16  44  81   3  82  33  12  62  75 100  37  85  10  99  74  33  18  15  70  36   1  42  79  15  17  34  97  75  53  62  65  83  67  32  59   8  16  83  37  85  87  68  81  96  43 100  96   1  31   8
  57  18  60   5  80  57  64  18  75  78  86  18   2  37   6   4  94   4  42  77  81  16   1  31  78  33  35  51  85   9  62  79  24   6  23  53  24   6  55  38  54  34  79  43  53  20  82  65  42  47  85  15  96  19   4  85  39  45  89  24  59  51  19  45  86  34  11  46  34  65  40  72  55  16  95  39  25   1  82  89  36  79   7  95  77  91  41  19  40  21  83  44  78   5  76  92   1  37  36  13  88  23  25  39  96  74 100  10  67  64  78  78  84  17  58  59   1  81  49  46  98  77  23  82  17  97  31   9  27  42  29  87  35  42  16  43  77  94  72 100  78  56  54  25  38  15  33  90  16  61  97  35  62  45  10  44  21  45   8  61   6  73  47  12  84   9  38  55  14  60  44  76  65  28  48  95  15  64  85  41  24  72  14  84  97  25  61  36  28  36  98  55  82  99  27  34  59  82  66  99
  21  59  13  40  70  61  85  46  32  34  17  72  52  47   4  43  19  86   9  86  89  78  81  98  83  44  33  89  57  36  57  72  18  13  24  11  45  14  84  15  91  71  69  77  12  53  40  69  58  90  83  88  39  96  45  10  49  97  30  42  20  90  68  53  61  66  82  14  47   3  51  32  93  20  18   2  99  34  40  49  84  55  24  71  46  47  25   9  84  40  26  39  59  94  53 100  50  52  68  36  40  86   2  69  17  79   4  10  72  42  38  74  12  72  79  74  18  16  27   9  85  72  87  67  80  96   2  79  86  16  37  21  36  25   9  92  43  47  78  17  96  57  62  16  70  48  72  18  41   4  44   7  79  80  97   2  18  87  32  76  79  82  90  16  93  15  78  14  27  14  34  57  63  85  20  18  76  78  99  41  14  38  64  75  83  52  96  56  73  96  85  19  62  18  66 100   6  34  57  68
  88  31  22  76  12  47  29  62  38  29  58  55  13  52  73  89  68  50  34  87  38  77  71  72  87  92  54  45  42  70  44   9  54  26  43  50  86  22  84  14   1  95  78  26 100   9  30  84  29  28  24  49  63  82  14  63  70   9  26  17  59  95  12  37  51  65  36  65  70  61  32  46  32  72  20  96  81  93  77  66  59  58  66  29  18  24  51  11  22  50  29  11  20  44  25  31  32  33  18  60  64  47  60  90  32  97   1  36  64  97  21  16  35  56  53  94   7  82  47  78   7  91  71   1  17  59  92  47  35  25  75   4  18  86  81  64  29  84  38   8  33  22  56  89  26  96  19   2  93   3  75  21  20  73  88  91  38  38  49  84  40  34  12  32  98   8  65  99  49  88  51  97  66  47  34  39  67  19  42  14  12  66  10   6  52  71  10  27  30  18  93  83  68  12  94  63  14  56   5  37
  27  54  25  33  26  32  36  49   8  79   7  57  36   7  92  46  70  69  57   8  23  78  22   1  41   7  88  99   5   1  15  72  22 100  44   1  48  60  45  87  29  42   9  67  15  63   7  71  49  19  83  23  42  54  52   6  87   6  91  60  99  60  24 100  51  93  94  66  34   6  76  49  17  92  88  25  73  34  35  56  67  28  70  94  19  71  13  41  93  49  82  94  41   6  71   2  88  79  54  57  48  38  87  95  10  22  44   5  62  47  28  32  87  10  93  13  23  58  42  15  75  33  56  97  39  27  33  37  89  97  46  12  65  17  52  81  17  99  87  40  83  79  15  65  70  92   4  53  99   3  64  83  72  49  45  76  68  63  49  91  82  27  18  37  88  85  58  31  71  44  49  55   8  17  85  10  92  51  18  50  35  97  17  73  74  15  31  86  17  59  82  64  93  71  63  45  98  72  13  92
  93   4  50  49  52  41  38  68  37   1  57   6  13  51   1  48  58  79  13  60  17  91  62  43  54  63  59  90   8  58  72  25  44  95  96  44  30  33  55  14  60   2  81  81  92  93  80  97  28  82  11  16  14  30  37  76  17  16  94  32  21   7  54  71  24  70  41  74  75  62  38  50   1  43  33  87  51  56  99  54  75  42  74   9   4   9  95  37  48  86  31  68  52  47  73  93  59  88  99 100  99  88  42  83  32  74  72  32  13  81  34  63  68  82  53  43  67  38  56  94  61   1  58  23  25   6  84  13  33  19  57  85  83  15  10  48  25  88  97  80  95  99  45  78  10  75  74  54  90  83  81  33  11  42  22   4  41  41  54  65  83  76  76   8  13  87  46  46  78  99  65  31  72  28  47  63  87  11  26  54  83  28  33  76  58  57  19   6  76  88   3  21  23  44  79  32   7   9  52  16
  84  82  34  76  22  63  13  77  74  44  97  93  85 100  89  89  46   3  59   3   2  21  40  94  86  63   2  29  62  83  16   8  18  77   3  11  15  72  19  59  67  67  52  78  84  70  14  62  81  59  63  19  14  41  24   6  69  49  33  14  58  52  47  39  67   3  32  20  88  15  21  11  55  39  89  14  21  81  81  74  44  57  15  29  49  85   1  39  29   7  81   6  76  11  71  11  95  69  11  72  39  33  30  34  77  70  18  17  62  44  28   9   1  61  22  33  30  94  81  85  68  46  64  34  10  96  13  78  64  26  62  86  35  82  27  48  25  65   1  20  44   6  81   2  16   6  75  61   9  38  53  42  54  36  90  77  79  93  26  65  20   3   7   1  45  30  52  69  72 100  65  44  96  98  54  49  34  71   2  90  69  71  24  35  73  75  84   3  41  57  97  78  60  76  91  53  90   6  21  20
  79  98  92  42  11  23  77  36  88  66   1   2  42  92  66  59  33  86  66  69  92  82  65  39  88  61  17  32  63   3  50  79  69  54  15  59  18  71  81  27  65  31  32  70  67  10  13  32  60  24   9  16  42  44  19  32  87  34  32  96  19  80   6  65  69  50  19  11  85  91  36   4  45  46  42  44  88  25  99  24  79  88  60  26  97  21  32  37  18  71  40  29  54  81  62  39  39  37   7  30  63  22  35   8  29  19  44  43  25  27  16 100  41   3  73  15  39  57  54  32  13  91  32  92  52  14  85  69  58  82   1  93  35  48  33   9  12  22  58  80  45  50  57  78  13  96  20  20  39  14  85  20  39  89  91   7  12  81 100  45  96  38  65  53  10  77  58  65   2  93  79  13  16   6  15  21  35  78  85  16  20   6  94  58   6  94  30  47  82  69   9  33  32  64   9  97  14  82  81  75
   8  54  68  34   7  12   9  27  53  76  63   1  37  64  68  72  24  71  15  59  48  82  82  69  62  89  55  69  55   5  42  16  38  21   5  14  88  15   9   7  89  51  61  41  82  31  10  90  18  78  54  29  29  14  93   6  14  13  37  15  77  52   4  28  91  15  93  78   2  43  66  69  29   3   9  76   4  66  52  61  10  28  98  93  27  17  31  48  18  65  48  27  51  11   5  82  70  56  35  52 100   4  51  66  32  37  73  44  82  40  72  76  48  61  51  81  59  89  53  68  24  99  60  13  58  86  41  32  50  60  78  82  42  66   6  29  50  43  89  37  98  26  23  28  53  41  86  60  59  89  13  33  81  37  70  96  44  66  96  64  39  12  94   6  18  97  50  90  41  40  11  48  72  75  63  93  68  39  80  19  51  33  57  92  63   7  29  61  81  86  69  84  16  87  64  35  81  17  34  89
  58  99   2  90  82  75  98  12  89   7  27  55  32  94 100 100  52  64  28  65  64  55  84  75  74  81  44  60  71  27  29  80  68  94  63  26  45  30  78  48  86  37  82  50  11  32  47  31  97  58  29  72  74  66  69   3  61  70  42  47  39  72  69  34  29  68  41  43  82  20  24  72  29  58  31  85   7  23  72  20   6  65  63  86  37  23   7  23  32  15  41  24  25  44  23  51  61  43  99  88  16  24  66  91  29  85  25  77  95  29  51 100  38  67  19  87  23   8  25   7   5  93  12  69  87  56  73  91  89  97  60  36   1  72  45  70  76   4  28  63  38  25  46  91  54  29  80  44  81  42  96  43  85  92  43  45  56  35  68  14  19  30  42  43  63  48  14   1   6  57  25   3  50  55  82   9  61  28  79  82  85   9  53  20  26  67  93  14  82  75  66  63  48  97  89   9   8  53  39  30
  39   9  66  14  81  27  37  56  72  94  90  28  13  32  38  41  28   8  83  78  23  77  61  88  88   5  21  33  46  99  99  70   5  50  84   1  85  17  71   7  87  69   8  64  46  83  93  53  41  25  18  87   1  65  57  43  19  73  70  54  21  95  19  69  74  96  40  69  71  73  22   5  26  41   9  41  31  15  82  71  21  74  21  33  59  70  50  93  88  54 100  43  25  43  17  21  90  93  78  78  11   9  27  50  56  92  46  87  54  33  28  29  92  62  59  79  52   3  67  68  16  90  81   7   9  11  54  53  62   2  17  92  86  51  23  47  54  99  32  33  25  71  75  42  95  25  84  39  80 100  16  51  75  88  74  86  90  61  57  54  88  16  22   4  63  69  64  71  65  72  92  83  86  47  32  64  15  92  91  63  41  76  50  38  33  43  34  97  43  33  30  72  20  59  87  81  91  57  11  61
  70  18  20  68  52  91  83  42  63  64  42  21  46  55  84  21  70  31  44  31  43  28  79  11  83  45  21  46  74  80  80  15   9  92  77  47  84  45  76  58  46  69  68  64  18  75  79  43  44  59  80  46  39  39  74   6  43  43  91  41   6  73   1  16   1  36  66  63  24  34  80  41  48  99   2  47  63  62  92  26  82  82  82  53  69  75  21  63  55  25  71  51  66  84  16  17  76  17  93  89   5  66  42  49  25   6   8  69  17  11  81  48  30  89  91  10  71  43  46   6   5  21  23  19  70  39  63  49  49  92  18  33  95  32  86  76  89   4  63  29  15  60  79  16  49  44  81  83  88  18  48  48  51  69  81  34  61  48  73  13  11  85  49  19  81  86  33  68  72  84 100  86  14  84  19  14  20  82  79  22  82  61  77  31  66  47  38  66  48  25   3  76  16  28  53  57  76  57  75  31
   1  73  31  43  11   7   9  80  48  39  91  76  64  36  45   6  18  40  59   1  86  34  66  43  66  92   6  10  62   3  56  67  85  97  22  35  54  85  74  15  18  52  56  39  68  94  95  94  37  32  58  42  83 100  59  83   3  86  99   1  18  98  18  97  59  69  13   4  14  90  66  54  80  39  64 100  94  25  60  84  99  31  13  26   2  10  46 100  22  79  54  87  36  78  60   2  99  56   7  26  77  15  93  93  69  16  71  25 100   3   1  45  31  54  54  18  57  17  96  58  59  61  43  74  80   5  31  78  16  49  30   6  76  59  16  12  59  46  85  66  39  42  96  85  70  11   1  49  35  85   8  49  79  62   4  26  79  51  61  25   7  88  20  62  86  77  98  81 100  86  23 100  78  41   6  23  41  77  10  65  51  89  14  30  38  30  24  74  20  53  14  88  68  67  64  67  59  39   4  22
  79  29  48  55  72  97   1  20  97  30  51   8  76  95  20  15  54  52  10  19  54  89  13  38  28   8   7  87  91  25  74  28  38  47  12  39   3  23  25  46  33  36   7  94  89  82  87  93  87 100  45  93  93  86  93  79  55  38  85  44  28  34  36  96  56  28  84  55  29  50  73  44  83  15  17   6  53  88  31   1  82  20   1  87  85  99  88  55  97  87  95  95  59  80  69  87  95  96  56  92  83  62   9  94  79  61  16  78  90  97  39  53  89  71  93  38  17  71  39  85  99   2  74  85  24  26  62  94  48  61  55  67  45  89  80  43  93  91  54  75  17   4  60  58  25  66  89  28  17 100  37   4  97  74  57  97  61  50  52  66  83  53  78  97  33  67  77  29  73  59  70  81  89  77   1  94  27  28  90  54  90  62  45  18  95  44  97  57  99 100  94  88  49  91  73  32  65  68  20  15
  84  63  60  21   8  24  74  74  96  29  76  42  46   2  31  29  68  27  22  43  53  94  18  34  59  68   2  26  22  86  68  43  74  83  38  86  42  82  20   6   4  71  90  31  57  84  52   3  66  78  17  62  94  83  73  96  64   4  98  50   2 100  18   1  79  46   7  60  36  64  24  50   1  68  27  24  23  27   5  31  20  56  78  15  77  11  55  74  60  10   3  38  20  87  53  84  50  70  23   9  79  69  81  88  62  66  53  94  92  13 100  71   7  72  14  37  71  82  80  47  58  85  61   4  92  81  12  31  94  41  20  56  39  94  75  99  47  12  94   8  91  43  34  59  84  70  89  98  31  14  55  12  63   6  91  63  31  54  68  21   8  38  62  48   6  73  45  92  39  81  65  55  35  26   7  42  84  48  75  26  56   1  66  30  47  88  28  92  66   1   4   8  95  65  59  32  40  71   2  72
  73  71  14  49   6  88  59 100 100   2  51  36  30  60  12  34  17  18  84  17  36   2   9  89  80  54  33  10   8  52  77  76  78  22  87  19  31  74  94  77  35  82  15  78   5   8  39   1   4  28  31  44   6  26  62  31   5  98  61   2  16  82  82  16   5  73  78  95   7  89   7   2  34  44  83  70  35  18  62  54  17  79  18  31   4  10  43  84  13  41  12  91  10  94  42  34  89  78  79   2   2  65  82  70  31  76  23  53  95  15  12  98  87  57  38  39  99  33  33  44  69  68   1  56  25  45  73  95  54  15  18  88  24  88  51  44  19  34  22  72  82  73  79  30  42  33  29  45  12  30  15  97  42  99   7  92  25  86  71  35  82  46  67  98  34  51  98   6  22  45  73  80  41  88  10  74  93  41  79  99  60  66  29  16  84   5  29  11  67  88   2  77  50  36  44  48  62  88   7  75
  70  13  52  97  14  99  55  50   4  82  44  61  62  81  78  67  56  16  71  52  34  76  17  82  29  95  10  38  57  65  10  81  36  49  94  52  49  40  38  97  48  16  68  49 100  65  66  45  99  84  83   7  43  12  47  77  73  56  94  83  48  97  50  68  63  34  65  10  62  25  41   3  70  31  87  86  66  82  50  51  71  50  46   2  47  93  22  87  47  18   7   1  29  39  88  16  43   2  42  73  92  22  98  81  87  36  91  57  54  79  20  95  40  77  51   7  84  37  33  49  39  34   4  11  51  75  74  43   1  86  58  42   3  84  94  52  94  48  56  49  72  92  61  16  22  24  94  32  51  89  84  39  56  85  41  68  88  24 100   1  20  25  15  26  25  57  47  56  65  81 100  64   7  67  36  70   7  80   7   8  94  32  15  29  44  18  24  99   8  73  73  76  98  88  37  57   2  93   8  58
  49  97  16   5  64  79  10  39  62  36  47  59  38  71  99  18  51  41  32  15  15  34  44  69  26  16   8  20  80  88  89  54  24   7  79  55  21  97  74   1  46   6  93  65  85  29  27  19  16  15  28  35  52  15  89  25  10  32   6  63  89  55  18  15  58   3  43  81  90  12  12  71  29  68  71   1  52  43  23  33  57  46  20   7  69  87  56   4  38  67   9  50  77  96   6   5  42   2  80  93  12  88  56  59  18  78  62  14  45   1  82  44  76  99  15  30  45  50  17  60  24  63  76  48  18  43  16  59  94  46  27  92  42  31  90  34  57   7  16  63   2  81   9  50  50  86  60  93  85  25   3  62  60  65  45  99  11  81  35  69  83  26  89   6   3  42  91  41  98  91  49  45  99  38  21  96   3  41  91  40  18   8  58  28  52  37  16  23   1  72  88  28  39  19  78  90   4  96  87  46
  51  40   8   4  37  45  44  23  60  27  87  95  59  14  76  99  77  42  59  99  71  54  54  29  99  54  22  66   2  29  85  98  80  12  22  45  97  92  48  99  82  84  73   9  63  34  93  76  12  63  36   9  62   5  92  79   8  46  84  32  97  24  86  65  65  13 100  97   3  15  47  29  92  15   6  88  58  64  51  26  77  89  21  36  97  23  46  16   7 100  18  52  69  24  13  28  60   6   7  32  36  35  46  48  62  66  46   3  67  60  21  82  42  19  47 100  75  63  66  56  96  95  16  30  71  81  73  64  66  40  70  86  11  17  30  48  57  27  37  77  25  66  45  90  62  55  62  41  13  97  59  85   3  38  85  25  90 100  41  83  90   9  88  29  67  41   7  76  42  76   9   7   3  93  58  16  54  21  74  58  75  73  47  84   5  37  25  97  29  35  95  87  41   2  78  61  45  45  31  32
  69  43  93  42  17  76  19  63  51  88  49  96  68  12  64  92  75  42  14   9  26  23  12   6  70  65  25  87  48  83  19  96  35  41  53  70  74  14  66  14  60  35  78  52  64  59  19  92  88  74  56  98  89  82  90  10  81  54  74  60  76  97   7  63  29   2  94  77  17  30  61  44  86  55  56  47  31  13  35  58  63  23  74  92  67  86   9  94  77  35  12  87  27  22  17  78  36  50  82  58  36   3  11  47  43  49  92  35  41  78  76  94  36  44  86  97  24  25  38  86  85  80  42  40  89  29  11  48  21  91  81  10  74   5  24  11  94  92  79  17  39  83  42  28  23  97   3  56  23  76  48  54  70  49  27  24  96  57  40  85  47  56  42  78  14  17  68  84  85  24  91  89  32  12  99  34  52  89  63  41  95  61  37  55  47  26  85  20  67  49  31   8  17  77  78  56  38  19  96  35
   9  62   6  61 100  37   9  77  67  14  38  18  75  54  42  39  99  73  27  43   9  48   5  13 100  69  79  87  28  65   6  77  66  11  96  14  99  31  12  16  31  40   7  72  52  34  94  87  26  79  52  56  58  70  68  58  66  27  63  21  36  18 100  24  43  43  44  42  83 100  80  19  10  49  36  29  79  76  59  47  80  35  62  67  19  32  87  15 100  67  95  62  41  41  84   7  96  32  26   2  10  77  85  64  39  76   6  47  90  12  77  20  35  76  43  25  24  29   3  73  23  75  13  27  60  15  85  59  14  30  17  13  31  49  20   3  77  28  30  77  81  79  26  50  86  83  80  34  36  35  24  95  74  81  68  35  40  14  69  10  36  90  13  60  95  38   5   4  73  10  63  38  50  11  52  14  16  97  78  12  95   1  49  38  55  14  40  60  91  52  38  50  81  93  66  77   2  19  52  84
  91  25  51  44  95  58  93  98  56  79  48  45  63  27   9  26  15  90   7  30  30  41  51  87  78  92   9  92  40  57  75  54   2  99  27  44  19  40  46  35  47  83  71  46  89  13  70  17  82  36  35  72  82  17  88  37  74  78  21  69  93   1  39  56  44  54  31  82  15  42   9  66  35   4   4  82  97  45  82  73  81  80  78  48  88  73  21  37  23   5  32  71  16  14  22  92  47  23  70  30   1   1  82  19  87  97  76  76  52  47  30  48  87  70  11  78  90  10   2   2  95  17  35  92  59  92   6  80  75  48  98  39  75  56  31  18   7  70  41 100  45  18  74  51  83  77  45  89  53  93  91   2  83  44  80  88  15  39  34  78  28 100  82  90  41  64  38  62  38  47  19  80  90  26  64  69  56  77  16  79  11  40  80  37  33  76  56  99  97  64  98  27   3  98   1  16  40  76  45  68
  84  79  28  46  18  95  79  65   1  95  26  38  41  54  24   3  49 100  75  44  15  93   7  76   9 100  49  38   8  69   8  51  67  21  10  54  22   2  70  51  35  77  39  65  38  77  55  30  39  46  36  10  19  64  19  74  69  66   1  60  63  11  89  23  96  18  25  11  15  16  15  17  56   5  74  37  61  19  84  53  15  13 100  59  74   7  67  13  34  76   7  60  15  63  67  91  72  62  62 100  80  93  14  80  24  64  46  16  64  41  47  38  89  32  43  32  18  20  72  93  33  36  74  61  60  94  30  42  74  59  60  66  34  45  41  18  50  95  74  17  97  49  88  37  33  62  14  19  49  31   3  23   8  15  40   2  60  38  44  80  97  27  14  56  30  82  76  43  13  64  67  11  63  22  37  21  76  24  22  96  21  17  29  90  46  38  88  59  94  85  24  95  26  40  92  76  32  20  47  80
  62  78  66  74  35  99  90  66  17  32  85  61  26   3  53  97  35   9  38  51 100  58  57  84  78   7  29  95  23  62  40  19  54  61  99  45  69  10   2  21  57  86  28  24  59  36  94  48  13  59  87   5  96  52  86   8  53  62  86   6  72  49  62  86  81   9  14  88  65  74  72  46  92  27  90  90  78  75  91  77  70  50  65  35  52  49  78  16  65  32  79  49  37  17  79  59  92  32  84  36  22  59  59  56  41  58   6  77  37  84  75  41  92  43  52  94  69  56  68  70   5  63  47   6  62  36  81  70  12  45  92  95  75  68  42  87  93   3  97  52   8  25  71  16  63  19  84  62  23  11  17  76   4  30   2  83  97  61  16  19  93  49   6  81  64  46  47  34  51  87  28  72  39  96  74   9  15  72  65  69  54  98  95   3  84   1  52  12  33  91  26  90   1  86  40  49  27  25  28  66
  57  73  20   7  28  40  30  76  79  44  27  92   6  24  24  64  28  76  31  15  64  46  90  44  28 100  34  45  57  66  21  40  45  77  23  43  35  80  25  47   6  83  35  11   4 100  26  92  59  76  77  14  58  76  72  11  85  16  25  13  24  77  28   6  19  29  26  16  59  89  16  18  52  47  76  22   6  83  72  11   9  23  27  51   2  92  33  55  10  94  62  98  57  89  61  14  94  96  66  54  30  92  40  46  80  15  54  69  28   1  46  40  85  86  31  29  90  13  97  78  57  74  34  86  71  39  73   4  86  35  75   9  34  31  10  90   8  99  40  38   9  63  80  68  55  52  45  61   4  71  96  57  30  57  63  22  53  74  88  17  63  82  22  95  47  97  85  75  18   7   5  38  62  21  86  81 100  74  84  75  63  86  94  83  38  20  87  41  64  67  42  45  26  17  28  78  16  45  35  42
  23  76  83  49  58  76  74   4  22  71  83  96  52  97  28  88  32  91   6  33  85   4  15  56  48  50   7  90  94  95  57  70  77  32  99  69  76  99  20   6  19   5   9  98  16  85  63  48  71  94   3  75  45  94  38  77  74   8  75 100  62   6  29  50  51  73  37  99  68   3  75  43  71  46  30  71  48  13  50  37  95  88  10  41  33 100   8  35  13  32  48  90  32  50  68  20  65  95  24  70  90  25  76  59  35  86  64  77  63  29  99  40   3  50  86  42  69  96  47  66  36  59  56  58   9  28  18  77  14  30  10  45  31  47  12  30  22  34   7  33   2  23  21  29  99   4  62  48  52  19  84  88  46  42  24  52  44  37   1  15  32  40  94  56  31  35  72  28  26   4  91  66  32  56  33  23  18  66  72  69  98  22  68  11  80  15  74   8  83  50  41  57   2  68  34  61   4  76  39   8
   7  49  64  87  28   4  74  55  26   6  83   5  87  18 100  87  15  35  79  61  62   7  37  20   2  63  42  32   7  49  25  82  43  57  13  78  10  10  41  70  31  54  50  32  10  65  46  33   2  54  30  50  36  42  59  86  15  44   2  60  27  36  73   7  72  21  62  60  69  68  85  50  33  33  46  64  24  64   2  44  64  64   5   4  20  10  94  41  98  42   2   1   5  28  47   4   4  21  62  88  37  74  31   6  78  92  68  50  80  24  55  58  83   1  59  89  95  37  11  41  47  60  71  27  75  14  13   1  59  59   2  54  87   5  57  62  64  25  23  82  81  37  80  39  13  47  38  48  24  92  37  33  92   3  99 100  51  26  67  54  82  89  61  66  86  66  98   4  54  80  69  43  35   7  67  63  56  70  14  66  54   4  32  49  20  85  43   9  14  48  93  83  14  11  25  24  12  95  71  68
  54  93  23  97  38  27  21  33  42  29  31  13  13  53  13  30  22  36  15  30  94  29  55  63   9  52   4  37  27  97  37   7  84  54  19  98  69  32  87  24  22  28   7  63  71  32  23  73  40  82  85  97  46  16  78  40  25  96  30  65  39   9  10   4  76  49  31  87 100  66  10  43  47  93  21  51  37  19  99  98   2  50  56  23  56  12  42  51  62  90  76  16  85  54  32  42  78  27  73  65   5  17  94  57  83  98  20  14  53  56  58  70  50  35  58  97  23  43  28  87  12  74  75  43  64  86  99  20  91  37  26  90  71  94  50  73  59  59  81  41  96  36  94   3  24  17  96  63  45  27  46  21  59   6  67  19  77  12   6  97  44  36  25  26  89  12  39  99  62  75  32  82  73  70  42  49  63   2  62  72   8  89   7   3  42  84  55   2  97  14  58  15  50  88  83  73   9  32  43  62
  34  46  69  97  71  99  55  47  96  37  84  71  90  30  99   7  43  68  36   2  14  49  27  95  63  62  14  46  23  44  40  15   4  30  71 100  78  18  46  19  21  49  40  76  62  72  85  90  55  70  60  55  39   9  60  50  77   7  57  86  54  77  20  74  75  76   9  77  53  71  42  75  60  80  59  39  38  76  29  30  95  39  21 100  16  22  43  37  41  73  76  53  16  33  43  62  36  45  27  83  51  21  21  80  69  63  70  50  39  46  67  43  45  47  12  83  11  57  30  76  22  10  13  63  99  69  29  46  17  87  56  23  33  10  59  35  58  95  15  93  73  69  64  87  15  87  44   4  44  44  35  22  73  79  55  29  31  75  36  91  89  57  76  98  29  18  66  61  89  21  71  45  24  75  51   1  48   9  75  69  95  52  12  48  95  25   1  88  80  44  48  48  29   9  99  42  25  98  63  97
  98  18  80  23  69  39  68  61  14  83  52  28  27  95  65  94   5  82  28  76  94  13  70  99  86  74  69  29  14  87  31  42  47   6   2  13  54  93  98  79  27  95  14  84  66  15   3  86  66  67  96   7  76  71  24  98  46  47  21  37  29  83  38  71  36   4  95  73  29  27  30  71  37  49  27  77  14  34  51  37  42  33  57  26  78  88   4  12  19  36  12   1  60   2  69  25  82   6  38  15   2 100  62  63  99  46  89   2   4  51  68  73  56  18  99  70  35  96  32  14  72  20  40  59  68  23  14  64  66  11  82  60  81  89  28  20  77  50  81  41  28  47   7  24  71  52   6  93  27  59   9  81  72  35  45  31  31  53  53  45  62  12  75  99  42  83  71  58  45  54  21  27  32   1  82  84   1  62  47  42   3  25  26  72   1  65   2  27  98   1  94  49  56   6   8  20  60  30  73  53
  56  71  24  37  64  66  11  25  67  70  36   8  51  31  42  48  26  85  99  45  28  55  59  79  46  72  19   5   2  86  94  13  71 100  81  71  53  27  70  64  14  43  65  85  28  73  18  59  36  95  90  21  53  59  12  54  55  81   8  80  26  76  93  69  71 100 100  61  86  91  72  61  67  95  48  47  79  54  24  86  67  93  77  94  38  72  55  42  60  60  28  68  32  92  16  37  65   3  65  16  65  19  80  42  82  90  10  90  97  99  39  37  11  94  42  51  85   2  25   8  96  23   1  51  38  49  96  62  75  12  87  89   1  16  28   5   7  84  23  34  46  54  16  24  85  59  15  78  74   6  17  73  80  56  79  35  13   5  39  16  53  46   1  11  66  92  67  26  90  43  48  20  27  69   5  87  68  76  85  35  22  24  98  59  58  40  16  15   6  44  39  21  43   4  71  71  84  41  47  31
  46  82  21  55   4  84  17 100  46 100  41  24  38  56  37   6  32  57  27  61  62  69   8  77  14  33  61  91  89  82  57   8  57  87  40  22  13  23  63  78  40  17  72  91  62  20  44  90  90  14  22  85  73  61  82  11  72  87  28  39  89  31  22  27  44  88  72  10  29  16  36  41  46  89  97  13  25  36  45  71   2   4  59  13  30  30  34  94  63  18  75  18  75  31  45  79  35   4  51  43  75  68  61  14  61  28  27  55   8   9   1  22  89  37  70  34  11  79  15  40  84  81   5  46  50  81   8  11  23  29   2   8  95  19  42  81  81  59  56  54  82   2  86  18  62  65  10  28  92  85  50   9  65  78  26  30  27  44  70  85  17  79  14  84  89  16  62  86  84  52  76  90  77  21  57  61  92  96  97  76  86  66  52  44  35  32  54  35  12  74   8  15  93  31  21  63  82  22  99  19
  81  30  70   6  66   3  73  29   2  63  14  41   1  94   7  34  45  74  86  40  82  58  31  94  95  32  51   9  96   3  20  48  25  76  53  21  27  13  17  60  14  53  17  69  82  80  37  21  86  15  61  91  94  72  27  38  46  93  24  55  98  84  13  68  44  89  72  67  97  43  38  39  40  23  60  53  38   3  68  21  74  94  21  98   8   3  89  97  74  87   6  87  44  59  58  33  83  21  46  35  49  91  90  90  36  46  91  64  89  62  67  50  86  60  85  45  66  33  85  39  23  72   2  17  78  86  84  93  75  98  70  90  42  38  34   3  33  24  73  53  85  66  30  50  37  74   9  25  46  39  86   3  26  42  82  46  47  12  87  73  58   2  17  20  11  52  62  75  49  91  87  95  38  58  89  96  34  13  55  89  59  81  68  39  65  49  99  24  43  39  51  85  25  56  54  59  23  70 100  78
  58  13  60  71  10  17  61  90  88  41  36  98  40  57   1  31  44  16  96  19  85  86  80  83  10  98  86  76  16  56  30  52   2  37  64  52  19  57  19  28  35  63  98  24  97  31  62  12  41  87  11  49   3  16  77  30  45  65   4  14  29  42  36  16  56  17  49  88  61  62  60  71   8  26  22  16  54  60  55  31  19  53  35   6  52  72   8  51  22  51  24  33  86  60  86  92   2  93  34  96   4  66  61  64  92   5   6  40  49  13  97  15  22   7   6  99  71  91  92  59  23  22  85  75  60  91  35  58  15  41  32  80  11  58  77  28  59  31  12  53  85  13  45  72  47  19  21  56  85  62  69  13   2  59  33  97  77  57  97  35  38   5   5  10  33  15  53  91  24  73  32  39  18  85  20  95  68  57  63   6  76  61  94  22  60  83  33  27  92  91  39  78  54  36  43  47  35  86  72  74
  26  35  43  31  94  27  84  77  70  85  89  57  43  53  28  69  55  45  36  68  72  94  77  10  73  50 100  48  48  84  30  24  73  74  30   6  48  35   3   6  76  59  83  29  47   7  81   3   5  21  22  59 100  76  34  81   7  12  21  47  64  85  66   4  95  64   7  61  66  55  83  86  67  23  42  68  63 100  20  97  25  10  26   2  91  91  64  44  42  65  96 100  48  30  68   9  63  86  75  94  61  80  26  82  80  95  77  26  80  81  68  57  95  30  40  59  24  99  67  54  95  52  38  25  26  76  53  32  18  75   6  83  34  51  13  97  68  19  51  59  68  41  36  11  40  50  55  62  79  28  62  96  65  73  44  12  67  85  40  94  68  28  52  29  79  57  63  12  32  85  61  84  42  81  80  70  52  78  20  36   1   2  56 100  80  89  34  36  83  72  64   9  98  87  60  10  34 100  60  96
  37  87  97  14  35  75  32  36  59   6  52  76  61  35  45  10  26   4  47  37  11  69  21  99  69  63  15  60  28  11  67  60  92  78  51  63  10  44  10  54  61  97  18  85  46  58  98  20   1  17  89  29  40  24  30  93  91  45  17  31  26  75  83  80   4  32  83  51  64  52  81  31   6  45  57  13  74  29  70  50  69  45  62  38  51  43  83  59  44  81   5  72  93  44  11  23  59  69   9  34  24  65  56  54  49  84  61   6  82   5  75  75  23  86  33   2  43  12  71  27  40  46  64  18  59  70  62  65  52  93  91  10  15  36   4  77  55  47   3  91  54  26  90  95  11  14  78  88  91  23  14  83  98  56  94  68  65   6   5  78  68  64   5  89  71  45  71  40  66  55   2  32  80  37  76  70  61  62  68  98  73   4  91  65  23  31  44  54  14  81  16  53  14  25  20  14  58  34  38  12
  71  55  80  82   3 100  57  63  87  21  79  54  70  89  57  80  65  87  40  41  82  17   2  67  24  77  23  67  27  70  32   4  94  58  29  39  41  27  15  28  68  64  81   7  93  66  66  40  10  56  78  63  48  25  77  50  85   3  51  76  30  57  66  66  15  26  90  85  28  46  26   7  43  86  80  53   4  49  48   7  87  19  59  81  77   9  64  69  72  25  61  56  53  53  59  59  75   7  38  69  25  26  46   5  59  18  51   5   7  56   2   3  44   3  84 100  33  63  67  91  24  56  91  43  64  81  77  45  68  73  15  40  64  28  48  45   2  91  60  36  29  59  94  29  93  98  28  15  15  10  67   4  33  56  12  10   3  51  90  49  15  23  77  98  89  38  31  26  63  53  98  14  42   9  46  71  85  10  22  19  98  80  51  26  30  69  18  92  31   8  74  27   3  40  70  25  78  40  68  22
  98  54  72  27  55  60  69  79  92  48  45  66  96  82  67  84  27  29  44  58   8  84  15  25  10  79  76  60  16  83  70  83  68  97  27  84  25   1  36  33  68  38  36  34  55  88  84  98  50  91  89  10  23  87  80   7  76  42  66  48   8  41  86  63  62  41  59  43  82  84   9  71  20  90   5  99  96  50  78  51  85  76  37  96  41  37  75  63  38  63  70  10  88  96   7  81  34  16  92  92  78  56  82 100  42  35 100  64   8  72  90  21   4  69 100  90  71   7  29   2  97  14  94  55  32   4  41  26  18  53  63  29  25  39  94  35  19  88  23  95  14  39   2  59  27  66  12  98   8  36  23  67  24  62  34   6  92  92   4  59  28  46  49  32  51   3  76  46  82  78  49  43  82  36  74  29  11  52  66  94  48  16  89  31  70  55  32   6  61  55  11  46  66  13  51  12  34  51  68  59
  45  54  94  49  22  47  87   8  84  61  81  20  70  14  49  45  67  80  67  49  72  55  71  82   6  10  48  45  61  35  35   3  22  90  70  63  48  92  30  27  51  91  55  72  90  42  33  15  90  66  65   4  72 100  86  37  91  68  94  71  96  16  86  72  79  53  48  94  63  29  52   3  68  63  51  49  34  36  92  84  30  41   4  24  12  42  21  45  24  42  48  85  68   8  80  85  87  60  79  40  71  96  22  77  73  11  27  30  17  16  96  58  55  94  16  36  17  34   7  70  28  37  19  57  11  45  85  88  11  93  72  53  70  16  59  88  70  84  99  32  99   8  34  15   2  69  77  90  32  67  85  11  94  57  90  24   8  83  51   5   6  11  87   7  33  39  92  99  60  90  35  56  16  96  61  60  93  97  29  74  93  29  44  15   2  74  46  43  79  36  85  18  18  37  53  52  44  37  18  63
  71  54  62  56  96  64  45  45  82  47   8   2  28  49  56  66  86  72  70  91  19  26  84  81  88  24  16  17  31  63  83  97  67  83  60  59   7   3  25   7  43  98  45  32  23  70 100  35  44  31  98   7  49  74   2  54  36  85  32  57  22  71  84  67  89  63  99   1  91  52  21  58  67   3 100  48  44  54  69  60  33  71  62  76  99  17   5   2  39  17  56  45  66  50  65  81  74  95  99  15   9  95  98  15  35  82  22  82  50  72  21  29  95  11  47  78  22  83  34   2  25  47  85  43   8  99  42  38  86  68  65  60  75  92   2  45  16   8  49  89  37   1  69  55  20  26  12  78  76  68  53  70  41  89  20   4  15  80  48  62  22  56  83  80  59  61  32  20  37  84  90  84   9   4  66  40  78  82  25  68  80  93  76  54  40  27  79  41   4  49  90  76  14  39  30  97  12  13  87  56
  20  20  60  38  24  51  28  91  71  16  13  21  98  56  32  65  94  75  74  62  79  60  55  58  39  44  48  49  92  64  10  30 100  49  19  62  48  98  58  29  57  22  73  31  68  12  41  26  47  75  21  21  16  52   3  57  52  21  76  88  52  95  21  15  48 100  77  52  57  80  30  57  98  47  27  98  20  54  86  97   4  88  53  22  55   5  90  16  36  35  61  71  85  31  67  45  40  73   5  43  32   7  44  92  79  89  89  91  27  54  65  53  95  97  45   9   7  75  80  51  70  15  54  29  23  85  38  90  34  58  33  37  88  38  15  23  62  19  97  27  14  85  97  98   7  53  47  97  54  89  20  24  91  53   6  59  76  93  78  38  32   6  52  17  39  66  76  35  67  39  81   8  54  42  58  96  89  78  77  79  87  63  51  77 100  71  93  79  23  48   6  18   5  49  63  74  43  67  55  97
  87   9  99  32  55  42  74  63  45  51  22  56  50  32  40  66  72  86  93   3  43  46  36   4  37  46   2  73  28   1  85  26  75  25  14  88  28  11  44  45  23  46  42  36  51  92  86   6  13  25  75   9  79  11 100  24  17  18  26   4  49  85  28  80  87  28  32  77  79   9  97  14  31  41  98  24  27  32  92  22  51  14  99  99  57  63  97  49  47  22  19  30  63  48  75  31  55  60  32  70  65  60  47  77  84  97  20  52  46  72  44  56  47  23  39   9  54  55  44  94  74  26  65  22  24  41  88  36  53  89  70  45  37  56  80  99  40  80 100  56  24  48  85  25  92  33  70  23  78  35  22  51  15   4  71  17  66  65  39  69 100  90  45  63  67  70   3  60  18  94  43  80  48  66  55   6  71  65  81  76  94   6  70  64  37  74  86  36  36  76  44  37  90  58  40  90  51   1  71  50
  34   3  76  74   6   3   6  29  77  62   3  96  30  37  97  85  48  93  53  26   7  61  81  26  96  56  75  76  23  37  69  20  40  70  34  65  98  50  83  42  88  48  28  51   4  20  90  59  34  82  98  46  33  60  54  71  59  70  43  46  65  74  33  42  86  39  43  65  68  85  22  57  36  51   4  29  79 100  31  14  75  92  29  74  14  82  17  85  49  88  42  92  93  23  44  51  87  31  60  30  73  71  93  68  45  45  45  31  69  85  86  89  24  29   1  89  22  73  35  76  58  34  74  38  70  14  98  41  68  96  34  71  92  79  93  95  79  11  92  20  39  99  49  36  43  71  18  40  90  16  88   2  77  20  28  11  44  67  21   2  29   7  36   1   4  87  39  62  67   2  15  19  28  71  11  54  50  67  84  40  96  91  65  88  59  13  41  63  30  59  87   6  76  36  39  75  52  51  47  71
  69  15  91  42  72  52  99  36  55  96  26   5  49  51  39  16  91  35  69  11  11   4  53  81  81  11  90  30  47  70  13  15 100  48  49  16  33  96  20  90  68  36  25  15  90  99  74  53  93  67  30  78  37  53   6  89   7   4  64   5  56  45  83   5  39  29  44  71  20  19   2  94  30  86  86  33  85  24  26  20  20  75  33  74  74  11  12  75  46  93  25  91   1  74   2  56   8  83  18  32   8  88  63  82   4   4  81  61  32  34  86  73  54  93  76  94  80  14   3  45  53  44  67  68   5  32  97  48   3  49  38  34  14   5   1   2  68  56  90  46  77  26  12  99   2  77  15  49  65  15  62  13  34   7  14  55  17  16  91  97  52  65   7  57  14  93  94   9   4  69  32  14  34  15  63   7  15  32  94  37  51  61  34  28  11  47  72  68  36  67  75  86  32   9  85  80  59  83  17  73
  65  68  26  90  47  47  76  37  20  85  42  84  82  69  14  84  90  18  87  32  67  24  74  33  37  50  89  73  73  57  69  31  99  75  90  30  81  11  37  27 100   9  97  74  96  13  72  45  67  22 100  89  40  46  68  62  17  78  17  74  10  98  98  51  71  72  44  64  79   4  17  89  56   2  34  60  50  25  22  29  16  86  36  88  82  23  28  62  39  91  67  18  94  40  98  11   4  90   6  64  80  35  74  62  69  28  15  36  35  43  78  94  27  14  39  88  93  84  80  17  58  83  79  18  73  50  99  61  69  51  35  98  81  13  41  97  84  22  61  23  69   3  35  63  69  79   6  89  12  56  41  51  53   9  95  26  48  64  93  48  41  60  74  93  61  64  97  67  57  39  85   1  25  76  29  12  58  50  45  50   8  57   3   2  22   9  68  78  15  49  79  87  10  64  66  83  30  89  62  53
  75  67  68  64  55  35  30  38  82  64  29  72  77  43  15  65  29  35  65   6  74  73  97  93  19  20  45  63  31  42  76  50  94   3  96  85  50  63  79  39  97  12  53  64  43  80  23  54  81  10  62  84  38  17  39  39  38  34  32   1  10  39  81  62  21  53  44  99  79  70  83  25  65  46  25  26   3  17  24  93  33  73  30  20  12  29  57  84  29  50  97  40  87  20  44  96  24  94  85   3  25  86  42  18   9  69  37  10  50  74  56  27  34  40  91  93  83  21  55 100  89  29  34  35  59  96  21  22  46  54   6  68   3  29   8  65   1  77  35  65   4  87  95  45  29  77  95  72  82  35  77  38  33  31  60  23   8  46  32  60  65  87  86  79  37  11  40  16  76  16  61  93   2  49  27  54  82  34  11  31  14  71  64  76  59   1  14   3  89  49  15  88  97  25  44  28   7  17  80  93
  81  44  75  63  18  12  87  71  77  59  77   1  87  60  79   7  46  89  25   6  47   8  91  84  85  94  96  88  83  26  69  38  53  10  13   5  55  68  32  11  93  47  64  34  78  17  57  84  50  79  12   9  44   5   7  68  35  78  32  38  12  11  46  66  77  11  66  62 100  95  74   1  83  75  65  30  37  15  97  52  76  42  85  89  15  87  37  25  71  61  68  98   3  63  18  73  13  87  69   1   8  94  34   4  36   9  58  12  85  49  95  82  12  50  70  38  40  66  11  14  93  40   7  73  11  52  33  83  84  67  45   1  19  69  92  14  81  99   4  59  42  26  97  78  44  25 100  35  42  48  35  26  76  64  24  59  58  78  72  47  79  65  78  66   5  49  62  41  21  16  80  83  87  99   5  16  38   8  11  66  40  82  33  82  54  78  90  28  13  30  26  99  11  46  41   6  41  79  29  34
  82  93  41  75  12  73  89  99  44  32  12  86  93  35  72  99  40   5  90  52  66  12  18  16  88  40  62  43  38  48  33  41  44   8  13  83   2   2  77  85  73  88  62  89 100  97  15  49  57 100  69  27   6  31  23  38  74   6  26  73  97  72  75  18  59  77  46  73  43  98  40  97  51   3  28  91  66  76   3  53  68  69  73  58  53  90  78  36  43  88  21  10  44  63  26  92  58  76  30  61 100  42  45  90  18  53  97   2  27  80  32  36  90  62  39  96  34  17  59  67  65  19  31  71   5  95  91  45  14  69  15  97  87  23  96  37  48  15  70  36  48  52  66  69  51  73  17  20  65  52  57  56  12  81  40  67  66   9  64  31  93  15  71  68  84  81  38  46  25  11  97  35  61  61  28   9  47  80  84  32   7  44   4   4  51  49  23  80  54  80  75  49  85  44  22   7  63 100  80  26
   2  81  29  77  70  97  43  12  59  79  20  42  24  46  30  53  35  63  65  16  81  32  80  45  75  72  69  53  90  88  37  21  88  40  49  93  92  80  11  48  17  52  66  23  98  66  81  78  61  59  93  21  20  45  88  56  59  92  99  90   9  83  24  42  23  24  99  19  94  28  19   7  76  13  25  26   4  17   1  64  37  43  74  13  10  91  48  55  59  39 100  56  64  57  84  78  68  77  23  42  18  66  57  20   2  45   3  48  22  36  34  29  11  67  96  43  82  66  28  37  54  94  74  58   4  88  66  10  91  26  80  68  29  75  41  20  96  69  62  19  40  78  50  59  58  11  40   9  82  82  35   3  83  40  47  55 100  63   5  49  45  62   3  20  24   7  93  57  86  90  55  37  29  97  67  50  54  42  84  90  91   1  35  75  49  23  18  37   8  25  87  94  10  70  40  77   3  25  70  34
  61  97  24  21  61  70  74  80  78   3  94  21  63  35  38  24  82  65  49  58   2  28  11  27  67  90  30  80  78  85   9  23   5   1  62  99  62  45  16  46  28   8  75   1  97  55  55  91   9  24  96  12  26  17  10  66  14  66  42  80  42   2  96  68  46  51  20  35  64  98  40  92  21  12  47  16  51  38  32  68  15  20  11  53  10  74  81  72  61  16  17  47   9  79  62  40  92  99  35  84  95  66  63  41  32  65  99  48  26   3  29  14  75  19  63  34  28  68  26  13  98  14  65   8  28  53  29  77  89  20  42  26  46  59  69  27  40  67  52   1  92  79  67  77  94  43  35  30  67  11  41  59  62   1  25  79  10  98  98  36  34  93  80  96  73  94  98  98  45  51  80  20  58  44  56  30  43  68  80  11  63  87  92   1  33   1  90  24   9  18   2  61  33  50  66  15  63  14   8  55
  69  19  14  84  44  57  73  32  10  43  90  59  87  19  91  95  79  94  25  46  49  31  56  88  30  82  30  30  31  53  24  83  78  67  17  38   1  97  54   9  97  47  79  47  90  99  53  57  72  60  68  10  11  61  35  33  44  50   1  29  43  64  42  59  72  96  66  15  78  21  93  22  11  86  40  37  99  15  24  62  25  85  56  95  62  68  88  73  38  28  79  67  27  12  54  39  82  87  82  86  46  41  24  66   1  69  48  93   9  20  62  35  97  82  90  66  77  93   7  55  16  25  32  21  63  96  86  60  60  90  64  77  69  38  83  27  17  21  60  14  41  77   5   6  46  24  56   2   2  79   7  76  72  94  28  57  52  36  23  16  43  83  46  29   5  37  25  69  93  91  85  20  35  81  33  26  20  49  53  47  33  26  32  46  54  99  22  54  98  51  27  30  35  35  85  14  18  87  89  97
  69  73  14  45  63  41  58  25  27  31  12  52  30  34  71  88  80  97  75  99  47  35  84  28  48  42  92  80  89   5  87  51  18  16  34  11  50  70  85  18   4   6   1  20  33  36   5  21  55  16  42  25  95  42  68  71  66  32  31  70  78  43  19  90  35  26  98   1  72  16  73  60  89  17  69  80  86  40  71  64  15  80  60  48  51  22  87  81  67  88  18  95  39  82  65  69  70  69  24   1   4  87  38  46  82  62  69  85  43   7  58  48  96  11  14  13  37  13  46  95  59  87   8  94  11  58  81  76   5  72  74  53   3  50  17  23   9  46  73  94  68  27  87  26 100  23  24  24   9  17  39  76  15  36  70  73  17   7  47  84   7  68  45  38   4  27  80  10  24  89  72  29   8  26  33  18  13   3  10  31  53  57   1  13  69  78  97  82  94   5  47  65   6  17  57  48  27  14  51   5
  63  63  41  94  68   2   2  52  54  66  23  72  85  83  47  90  15  24  45  40  53  76  31  52  45  37  40  42  66   2  75  59  78  29  67  92  30  46  96  33  30  64  98  52  93  27  64  91  69  91  23  97  32  23  51  61  99  16  12  22  13  67  97  91  53  91  79  66  89  14  18  68  85  36  53  54  50   7  72  77  47  37  64  29  85  44  47  20  13  54  32   3  80   1  77  92  41  59  97  38   9  56  29  79  74  41  99  38  18   7  28  51  29  41  96  47  26  99  60  86 100  54  11  52  79  58  36  11  83  51  76  48  89  53  89  52  15  25  65  68  68  78  14  28  22  73  11  44  80  62  58  58  40  33  26   7  97  50  17  14  72  16  34  36  23  23   3  80  81  96  22  65  57   1  97 100  45 100  12  22   3  14  16  55  30  21  73  15  38  38  34  21  46  41  74  79  75  59  15  82
  27  95  39  51  23  73  65  14  79  24  33  35  22  61  69  89  50  39   9  41  77  31  87  36  65  17  26   8  17  50   8   3  76  56  70  37  55  95  64  82  70  57  70  44  14  57   7  49  14  27  81  17  74  39  93  15  91  53  48  48  20  83  83  95  22  16  45  51  99  90  53  71  94  32  68  66  55  34   6  36  30  25  57  13  76  70  79  22  72  59  37  93  93  12  69  85  67  19   9  98  52  17  51  33  38  99  54  61  64  16  67  38   8   7  32  92  83  31   2  31 100  23  44   4  12  56  13  56  70  22  23  14  97  40  15  95  71  72  54  70  79  26  21  92  39  81  25  15  67  86  16  74  20  93  58   3  81  49  72   1  71  29   3  31  23  85  45   9  64  27  93  83  54  75  44  48  32   4  44  70  16  90  19  21  55   2  99  31  54  77  57   6  39  91  33   6  22  12  16  73
  39  29  67   6  72  83  81  55  76  49  31  90  83  26  25  73  95  32  92  83  23  62  22  33  82  15  12  24  14  84  31  60  67  13  18  30  11  75  62  12  70  52  24  78  52  96  99  16  81  13  23   8  91  10  26  48  54  49  74  15  66  19  34  15  50  77  61  21  86  44  42  56  93  77   1  60  88  30  67  79  16  49  70  14  51  64  85  47  30  84  54  94  80  30   1  14  99  27  97  36  54  29  38  71  55  18  70  15  56  95   8  15  63   1  42   7  51  66  18  93  20  11  22  90  68  53  54  19  33  53  94  62  85   7  42  65  62  18  57  70  46   3  63   4  75  51   1  49  42   6  15  18  51  74  56  22  34  29  45  42  13  44  51  65  74  32  29  31  84  24  47  78  37  54  48  38   6  44  36  20  64  71  77  89  11  67  38  83  11  71  43   3  46  16  47  16  81  49  45  74
  45  17  58  87  65 100  48  95  14  59  30   9   6  62  36  62  71   3  83  59  85  42  46  35  77  21  45  81  82   8  94  97  11  23  93  39  47  10  28   6  64  97  26  68  63  80  45   8  42  10  67  38  34  87   5  45  31  96  13  92  40  40  24  66  51  45  53  16   9  13  48  59  11  44  33  21  74  14  90  80  31  81  33  13  20  52   6  13  27  78  19  27  27  36  40  29  86  45  53  79  62  55  44  40  94  79   1  73  68  90 100  40  32   3  95   2   8  94  61  56  40   9  94  40  36  45  41  80  94  34  30  72  32  33   4  92  36  21  85  13  34  83  91  56  78  17  29  54  98  13  30  65  44  70   4  62  97  88  83  90  52 100  47  94   1  90   7  39  29  96  96  19  22  14  67  56  81  11   8  29  24  73  15  31  55  43  32  32  28   8  22   8  56  69  52  71  81  93  30  30
  68  72  58  12  92  95  49  57  30  86  32   5  44  53  71  67   7   5  41  68  43  75  95  11  57  89  40  40  99  41  46  20  54  56  41   7  82  10  63  91  51  13  59  55  63  79  71  21  88  74  19  69  93  17  33   4  92  79  36  35  37  48  25   7  65  71  15  78  42  92  88  96   4  33  23  15  59  13  46  50  81 100  79  37  83  49  20   9  82  73  47  88  46  13  16  86  52  52  40  87  32  83  78  72  90   7  45  13 100  35   1  22  41  46  67  10  19   8  84  87  85  14  80  93  76  34  54  96  14   4  35  67  83  46  32  68  47  35  12 100  41  34  26  67  99  78  21  42  57  67  19  20  43  60  13  99  14  32  44  26  75  53  16   9  59  82  78  25  16  66  13  13  90  53  91  47  91  70   6  40  40  47  94  79  18  29  65  37  87  62  85  94   8  46  57  87   2  36  39  49
   9  74  77  98  63  13  64  92  80  58  74  18   3  49  23  33   7  72  94  71   5  95  51  12  88  39   3  54  26  80  60  70   9  67  13  50  32  58  73  41   5  78  43  72  39  12  36  77  82  68  28  10   1  55  70  67  25  63  29   1  66  63   4  18  31  91  63  53  32  62  20  14  41  16  16  23  99  41  23  79  91  75  13  88  31  88  20  55  38  44  49   3  23  44  56  58  94  54  50  23  18  31  26  67  49  62  56  53  17  29  86  52   6  92  34  53  80  18  52  43  18  71  44  42  99  66  54   3  53  17  52  28  69  38  39  58  81  51  15  78  94  32  47  86  61   9  83   5  68   1  57  91  75  97  50  75  72  70   6  80  75  64  15  94   3  94  79  66  49  34  93  54  35   2  45  39  98  53  15  29 100  39  79  21  74  46  42  19  31  94  88  93  80   7  94  41  22  77  79  74
  14   3  36  28  65  86  51  88   5  74  68  23   1  56  24  44  14  68  10  70  81  26  22  76  77   6  25  14  21  87  10  19  41  95  44  75  40  73  39   8  29  95  14   1  52  55   4  53  42  35  63  98  21  31  66  76  98 100  28  43  99  99  67  17  48  98  26  24  14  41  51  71  56  89  94  43  77  13  99  74  37  13  52  77  67  98  85  97  90  78  94   4  58  59   9  53  33  90  54  30  87  52  36  78  63  88  81   9  46  27  32  41  54   3  45  37  22  85  84  71  23  87  30  62  22  34  96  20  53  92  10  64  16  97  75  73  41  12  58  93  51  77   5  68  68   4  63  85  36  59  84   7  37  80  78  10  33  90  60  45  65  30  86  33  67  67  96  44  40  99  80  76  30  34  71  81  74  16  85  13  60  66  46  57  85  10  87  44  36  16  40  74  83  17  21  21  50   5  25  55
  30  44  79  96  88  16   7  81  47  90  82  93   7  95  68  93  53  51  92  46  80  57  65  45  54  66  53  60  63  58  55  85  71  55  85  47  68  50  90   5  34  94  58  51  31  45  84  54  93  57  26  16  11  73  45   2  84  10  11  55  19  78  36  58  61   1  64  33  46  72  94  90  69  38  50  13   2  13  70   9  40   5  59  52  44  15  37  10  69 100   6   3  75  14  53  93  31  95  28  40  91   2  99  63  78  36  12  41  34  74  86  70  26  24  37  32  37  25  39  51   3  79  13  46  13  70  79  44  35  98  22   1  21  32  95  58  49  40  95   3  45  57  38  22  25  62   6  54  56  55   1  56  25  76  25   1  29  76  29  71  54  76  16  82  25  56  38  29  99  61  13  58  66  45  49  74  40  69  91   1  35  97  58  59  14   9  92  47  80  43  72   7  66  25   8  31  68  70   1  11
  74  97  88  14  49  29   6  85   1  73   2  42  91  23  60  45  96  18   8  76  18  55  81  57  93   7  43  81  47  39  33   5  57  26  93  78  30  79  87  72  87  75   3  18  14  28  19  45  69   6  21  52  96  37  63  97  13  92  53   3  67  67  57  95  28  73  89  70  21  86  22  23  90  73  36  43  14  66  75  98  40  58   9  36   5  63  87  39  18  65  24  36  53  34  79  44  85  57  31  37   4  33  72  86  49   1   1  68  96  95  62  60  90   9  53  36  34 100  45  16  55  76   5  62  47  75  42  76  19  85  65  96  12  40  65  18  31  24  18  11  28  85  49  93  34  22  94  74  63  48  20  28   9  81  82  27  78  63  63   9  86  45  22   2  62  13  11  53   9   8  46  80  46  24  77  58  54  10  79  31  99  31  56  84  91  37  36  85  10   5  45  57  87  33  57  17  81  44  89   8
  47  80  29  32  32  76  38  95  52  45  15   5   2  20  41  52  59  20  28  40  45  61  35  42  56  92  67  49  25   8  75  65  44  51  42  63  75   8  94   8  78  80  39  38  99  39  75  45  63  99   5   6  80  66  69  23  13  67  22  46  58  83  63  71  52  70  59   5   1  61  35  28  99  52  78  59  94  61  42  10  53  27  40  51  39  46  54  11  60  62  28  84  26  23  60  68  71  86  22   6  51  13  13  88  69  78  74  12  51  13  55  61  15  40  51  16  76  57  10  20  34  64  98  23 100  42  99  14   6  30  78   4  10  21  63  66  35  45  40  17  50  72  75  18  54  52  60  71  58  37  99  91  74  81  64  41  19  70  27  35  96  99  38  34  97  82  43  73  99  72  50  44  50  36  89   7  71  15  61  14  10  39  49  32  63  40  19  12  90  97   4  66  55  65  87   5  18  76  45 100
   8  44  13  79  15   6  23  65  31  78  76  76  64  10  66  61  46  15  86  30  81  53  74  26  69  45  62  79  54  50  88  47  14  71  44  84  42  13  33  97  21  77  61  98  62  25  88  39  23  62  67  64  72  56  77  35  57  85  53  14  86  41  63  13  61   4  55  38  28  65  65  35  20  80 100  77   5  15  62  29  79  43  67 100  11  28  45  28  98  66  56  51  42  99  11   6  74  79  57  80  61  83  63  32  89  22  70  89   7  74  65  62  52  72  42  47  95  21  14   8  60  11  90  61  93  74   7  75  94  50  70   7  58  55  24  85  41  43  59   1   9  13  27  32  20  73   4  31  64  20  35  34  41   3  34  62   5  25  72  16  88  92  79  42  14  37  85  16  91  62  22  78   2  22  76   9  32  12  88   4  48  43  20  31  63  64  58  51  32  92  43  62  83  77  16  48   1  86  64  37
  82  28  69  20  32  80  22  98  36  58  95  26  84  13  15  90  34  12  18  37  37  41  65  47  94  75  96  36  61  34  67  48   4   6  33  93  56  34  64  59  24   8  83  42  73  87   1  98  27  70  59  90  68  33  98  76  72  69  64  95  61  86  85  39 100  11  23  23  67  84  62  99  28  86  47  72   6  93  29  91  16  35  56  10  84  68  54  19  73   8  69  57  16  91  99  57   3   6  29   8  93  45  95  18  39  38   2   1  35  47  60  74   9  26  73   6   2   5  45  22  52  56  79  18  57  57  40  42  50  83  88  83  72   2  36  85   4  73   3  29  32  99  86  31  13  39  94  35  55  61   5  61  61  81  60  62  39  81  83   6  39  51  26  48  87  25  74   5  49  51  51  84  76  72  13  29  18  97  77  89  79  36  54  25  46  49  38  38  70  64  68  51  64  63  19  44   3  85  84  49
  99  14  76  12   4  89  82  40  10  27  85  68  76  41  26  43  70  11  48  34  85  12  50  22  15  14  83  14  89  41  16  69  20   3  20  70  50  82  73  48   8  72  16  11  92  15  52  93  11  71  33  58  59  90  35  70  78  22  77  20  82  42  75  37  51   4  71  63  84  99  92  45  86  22  13  56  88  32  55  71  42  18  56  30  67  27  82  34  96  13  36  28  59  20  31  28  88  94  86  52  48  62  57  62 100  86  96  86   8  76  49  70   2  59  85   6  81  96  12   8  30  93  10  52  60   4  42  56  69  35  27  66  99   7  16  96   5  56  68  38  96  55  45  70  16  85  13   8  47  15  18  21  95  35  97  39   7  64  18   5  36  82  27  97  14  35  51  68  29  80   5  96  88  61  60  59   1  19  37  98  56  90  54  17  54  80  22 100  66   7  44  97   3  50  82  70  71  66  81  81
  92  88  50  18  29  57  98  78  36  90 100  62  67  56  97   3  32  72  49  14  57  46  84  63  55  57  57  50  85  46  59  23  78   9  14 100  90  61  51   4  49  86  55  12  11  97  23  98  17  51   8   4  41  28  95  10  32  62  47  17  85  46   4   9  44  26  70  12  81  94  47  76  87  69  32  21  59  35  97  21  32  64  60  12  35   3  47  68  64  20  56  60  69  12  44  17  35  20  31  21  19  63   8  76  18  95  87  67  88  27  98  71  66  42  64 100   5  68  55  14  23  18  64  83  56  16  66  27   2  26  28  73  20  96  24  45  65  41   9  48  32  38  52  74  63  34  17 100  64  16  40  12  33  89  52  91   7  53  23  84  26  98  96  76  36  58   8  14   6 100  70  45  89  13  34  89  62  86  50  93  21  55 100  31  16  20  27  42   1  97  55  95  91  65  69  37  10  26  50  43
  41  22  86  94 100  48  36  27  66   3  75  23  38  22  61  88  45  53   2  23  37  62  91  26  51  64  51  75  67  57   7  50  69  52  82  21  50  86  58  55  62  98  62   8  37  81  97   9  37  16  46  85  16  56  58  74  32  84  84  15  78  85 100  34  11  90  31  70  18   5 100  18  12   7  56  53  52  61  77  23  92  40  39  52  96  32  36  22  79  60  63  12  60  71  16  48  25  47  96  74  79  31  84  36  15  95  63  62  93  29  48  20  48  98  32  22  95  24  44  66   7   7  81  83  42  55  44  15  84  97  44  65  40  77  99  86  60  25  21  26  27  30  58  64  40  76  51  33  88  73  52  49   3  81  85  32  51   6  94  80  78  65  20  36  49  79  74  10  69   7  30  84  55 100  29  82  62  49  88   1  38  61  75  57  42   9  46  86  58  50  67  98  56  49  88  79  63   1  96  91
  31  17  41  39  89  99  84  49  43  99   3  30  42  12  21  43  51  91  62   4  44  16  88  11  29  61  92  83  33  77  18  34  52   9  36  52  19  40  63  73  15  67  92  62  31  31  36  16  45  65  19  50  22  18  22  81  18  39  64  13  16  29  13  21   2  52  69  53 100  98  41  10  76  54  78  63  57  99  36  36  48  46   2 100  24  47  51  13  60  68  15  94  42  51  33  87  73  25   2  66  20  30  66  92  77  72  60  19  13  21  80  66  75  10  46  65  57  45  34  75  98  45  54  60  61  93  75  38  28  31  94  46  50  82  40  31  10  13  71  67  64  26  16  61  81   9  21  24  52  75  89  31  42  76  63  99  96  91  12  25  86  76  92  60  20  17  15  22   9  76  61  93  48   2  83  77  60  28  72   9  60   5  48  41  57  61  25  53  31  50  71  30  13  42  52 100  35  55  80  65
  35  41  37  93  84  74  56  85  55  97  26  68   7  57  89  36   4   8  65  25  45  36  98   6  75  27  74  96  72  71  67  26  63  49  28  59  66  83  78  95  92   6  61  39  24  52  38  38  73  53  58  76  22  28  31  22  25  56  75  79  76  63  55  45  88  89  67  29  51  91  47  43  69  69   5  91  81  16  96  85  43  69  26  81  27  13  32   2  20  15  31  92   1  83   4  80  26  38  89  68  58  27  75  41  61  78  14  64  88  46  48  25  22  94  95  10  77  15  56  82  93  41  20  77  64  78  33 100   2  78   2   6  23  39  47  82  91 100  90  50  33   5  97   1   4  16  99   3  42   3  74  18  85  84  30  40  52  34  10  27   5  10   5  18  26  60  67  52  56  65  21  83  66  68  16  23  42  73  99  44  82  16  11  56  84   5  66  88  19  60  78  56  31  59  26  98  79  32  25  48
  90  33  44  48  64  16  97  87  71  40  20  54  38  25  84  10  35  19  33  20  74  99  38  10  31  21   3  41  71  86  26  55  20  49  79  87  26  68  96  50  59  74  73  65  95  96  11  36  47  82  62   1  97  85  64  36  83  12  81  47   7  51  33  11  94  90  26  99  39  82  42  30  92  54  71  24  82  59   4  57  18  73  45  82  74  96  64  53  17  74  54  31  74  10  27  59  40  42  15  58  63  20  86  51  28  22  90  69  43  48  16  58  54   6  94  98  11  99  46  54  69  74  10  22  95  79  24  56  19  81  49  54  47  16  25  76  51  58   2  36  87  29   8  27   8  15  13  81  42  48  27  62  96  60  88  20  69  35  60  40  65  22  61  80  51  80  47  45  18  27  75  55  27  24  32   8  89  67  26  38  97  17  10  70  58   6  76  14  57  14  90  88  65  58  29  37   9  40  76  78
  63  15  85  16  98  47  12   2  95  16  98  99  35  99   7   7  16   8  64  50  47  53   3  65  40  52  96  39  63  38  96  31  61  64  82   7  83  66  82  14  36  56  63  37  36  99  11  16  22  28  24  50  73  80  69  78  35  83  16  17  33  58  15  48  92  86   8  54  65  80  76  92  46   9  70  88  76  21  84  16  98  84  41   4  30  26  20  67  39  79  76  99  67  73  63  16  67  34  55  38  58  31  64  82  44 100  25  15  46  63  37  64  79  36  40  26  86  10  45  88  31  53  35  30  27  31  54  39   3  91  35  72  97  64  23  27  92   2  91  57  71  34  50  50  74  46   6  86  92  13  79   5  31  57   5   9  20  51  80  56  17  39  55  86   2  52  20  73  13  88  22  22  34  86   7  54  37  31  58  87  97  19  61   9   4  56   1  95  51   8  68   7   3  24  81   9  55  80  83  65
  48  45  58  27   1  17   9   5  16 100  76   4  63   6  53  19  22  58   8   1  99  46  54  38  19   3  28  37  94  86  51  55  35  48  95  99  54  26  20  64  17  65  94  19  64  10  82  21  34  47 100  17  28  51  96  15  56  83  20  79  75  73   2  69  72  85  69  72  34  31  22  20  11  91  97  63  60  45  94  90  89  96   5  97  94  13  90  27  12  97  12  40  58  65   1   5  73  40  15  11  37  23  41   9  76  59  41  81  87  57  77  25   2  48  46  90 100  10   3  87  15  11  69   8  95  15  31  80  42   8  10  11  49  73  83  39  90  75  15  15  19  41   7   5  59  20  39  85   2   3  64  46  63  17   8  36  29  62  85 100  25  39  96  32  53   4  90  83  90  24  78  24  95   3  81  42   9  59  58   6 100  59  54  87  85  15  67  13  14  96  43  56  60  65  54  40  13  11  29  69
  52  26  29  92  11   9  94   4   4  72  35  28  78  25  75  58  35  89   7   5  73  40  38  71  67  75  10  19  88  76  90  51  50  54  56  90  91   9  99  95  98   4  23  12  74  23  58  16  19  37  44  72  27  39  54  73  69  10   7  50  72   1  63  93  76  35  43  27  80  79  62  10  57  56  51  70  93  56  84  38  71  76  31  14  43  97  61  97  26  83  11   5  17  26  96  66  25  33  63  35  20 100  15  37  50  45  31  51  92  72  57  23  47  35  72   6  45  89  50  19  30  13  81  69  27   8  89  54  57  12  34  64  67  75  65  71  55   8  70  15  92  13  12  66  35  80  91  75  63  31  89  89  74  99  57  85  48  31  76  67  67  76  75  67  70  14  98   1  58  52   3  33  99  91  24  24  16  86  74  45  73  28  41  29  39  46  43  45  66  65  52 100  77  58  67  61  94  68  58  28
  31  31  25  13  10  40  23   1  54  95  94  96  85  32  77  88  51  98  85  56  44  29   8  32  18  25  54  70  74  36  88   7  46  59   3  80  81  76  94  44  76  24  76  46  88  67  91  64  63  92  80  55  13  67  93  37  84  75  57  78  19  28  65  15 100  69  86  28  95  70  82  74  46  34  38  78  96  18  10   1  49  94  73  15  85  18  20  97  87  27  30 100  77  28  17  80  53  77   6  34  49  99  41  21  78  43  86  37  57  19  80   3  61  20  12  84   5  81  95  26   5  34  84  69   3  30  59  62  52  58  73  63   4  64   8  68  97  77  94   2  92  90  61  15  88  47  94  19  72  53  23  72  13  17  67  93  69  16  45  75  89  45  30  79  79  39  82  11  88  25  54  44  92  33   4  62   6  70  11  67   3  12  49  18  33  63  12  15  47  19  29  38  45   1  45  94  63  71  43  98
  59  22  97  21  28  66  74  34  72  57  59  94   4  10   5  66  87  35  89  72  47   8  82  54  36  64  48  28  34  40   4  25  90  55  73  84  94 100  52  30  20  44  75  79  84  46  44  81  64  92  46  68  79  61  99  99   3  92  91  61  14  72  53  32  17   6   7  42  26  14  19   9  52  11  20  20   2  13  54  78  45   3  37  52  74  99  57  19  40  99  88  54  11   3  91  39  57  18  77  14   1  73  57  49  18  71  69  62  97   8  11  66 100  69  32  62  74  30   3  23  45  46  74  80  19  59  67  63   3  80  55  20  78  78  58  74  12  51  32  49   6  99  96  25  66  54  52  20  96  24  21  80  40  27  14   5  91  86  18  57  17  18   5  66  31  41  25  56  44  57  72  42  95  12  82  14  89  98  95  61  40  54   6  15  82  29  77  62  36  12  39  80  80   2  88   5  87  24  43  63
  83  94  96   4  40  91  16  71  24  91  54  26   3 100  85  32  85  15  21  49  89   1   9  30  41  54  53  36  37  47  97  14  55  11  18   3  37  94  76   6  28  31   2  95  34  27  55  71  63  72  40  56  73  12  11  26  29  35  92  53  86  23  51  28  51  82  69   2  85  81  49  94  75  62  53  32  53  47  49  75  45  28 100  91  92  98   3  43   6  73  62  21  34  70   1  47  31  53  44   2  79  71  96  82  68  32  87  67  59  56  44  61  14  72  74   4  79  21  73  79  22  27  21   9  84  23  57  33  69   1  40  96  75  20  79  68  16  85  29  85  82  38  66  88  97  58   7  30  65  94  43  15  15  61  84   9  62  31  95  59  16  20  67  14  30  27  41  70  55  30  81  50  73  77  57  61   1  19   9  20  78  16  23  12  39  96  66  96 100  80  15  64  52  48  81  63  17  38  28   6
  76  96  60  75  48  62  93  69   2  82  63  67  63  95  78  63  79  40  47  18  33  47  31  50  21  71  76  57   1  99   3  65  35  43  90  76  65  88  35  84  98  83  44  29  11  78  94  27  30  13  41  12   5  98   9  97  55  75  58  22  88  26  18  97  50  76  55  58  60  71  49  83  81  74  94  20  45  35  28  95  53  32  67  28  28  39  69  23  73  22  67  41  28  57  95  64  72  57  30  74  26  66   6   6  27  16  11  25  90  47  56  86   9  69  71  24  50  51  14  41  79  47  70  54  22  95  91  82  26  52  63  25  17  53  30  33   6  99   6  79  82  90  15  59  62  88  41  52  13  70  33  77  57  19  22  47  14  34  20  57  48  21  70  63  31  59   9  86  40   1  83  37  19  45   9  49  40  21  71  83  71  43  96  96  53  55  71  57  95  94  76  21  20   4  95  46   5  51   5  46
  99  10  71  20  57   8  54  86  16  25  22  21  92  23 100  58  87  73  88  59  24  39  15  80  26  74  57  24   1  28  38  26  66  28  18  26  31  99  72  50  25  33  31  46  33   6  97  22  21  37  13  22  41  84  52  88   1  71  50  62  76  78  39  64   6  11   7  45  39  81  47  12  40  75  81  26  64  49  39  28  78  59  26  23  35  97   1  98  27  72  30  77  16  46  21  60  27  71  98  28  98  50   1  70  26  97   6   2  85  24   1  99  74  25  99  62  95  54  54  92   8  43  78  11  45  84   5  12   1  38  47  92  50  98  22  64  43  20  73  89  79  82  63  26  24  20  35  18  93  77  85   6  49  29  91  10  46  50  23  91  98  22  22  92  86  43  65  75  53  36  19  57  90   3  37  21  60  84  65  92  44  12 100  21   5   1  71  92  88  62  64  77  28  49  70  57  83  46   7  66
  27  38  61  95  98  79  94  35  12  86  51  92  46  14   8  48  92   9  23  34  84  46  10   7  35  59  91  38  97  13  19  79  55  21  10  30  17  41  89  41  18  66  48  49  90  87  41  50  63  20  44  67  25   9   4  45  23  85  52  68  97  83  72  64  11  28  24  93  74  56  52  30  86  80  64  99 100  65  34   7  34   1  83  53  23  75  63  97  61  35  11  76  29  50  74  28  82  72  48  76  41  83  79  24  97 100   4  60  66  89   5  41  32  61  92  40  49  40  44  41  35  94  26  47  69  61  75   3  63  10  76  23  64   4  68  67  66  95  20  49  64  35  33  98  63  43  54  71  37   4   5  15  32  25  66  70  18  19  24  45  53  95  56   9  77  71  60  26   5  72  45  37  78  73  77  65  20  84  19  90  39  30  51  59  24  99  10  63  21  99  21  19  97   9   2  80  60  80  97  86
  82  90  23  35  30  30  89  72  62  63  24  20   4  10  52  85  48  21  25  47  72  25  76  12  30   7  76  98  60  67  83  72  28  47  59  77  60  54  93  56  39  51  64  10  44  67   5  69  19   5  31  99  74   8  30  78   1  93  66  14  54  53   5  62  79  46  62  38  72   1  81  38  54  28  40  94  42  22  22   7  54  85  42  38   9  19  81  70  36  15   5  13  73  70  32  57  35  55   1   4   4  63  85  53  45  72  39  83  15  20  79  36  44  45  25  91   7   6  54  75  45  28  58  61  61  66  93  84  89  34  34  69  60  55  12  26  43  92  50   3  52  62  85  33  53  26  79   4  15  25  88  45  11  32  87  64  50  90  89   9  67  10  67  21  95  33  67  61  47  36  92  44  28  21  13  81  37  23   6  38  83  77  74  13  47  71  99  28  81  18  65   8  97  19  80  52  48  43  14  73
  65  69  22  95  35  41  93  51  13  92  58  45  31  14  30   2  64  80  98  81  17  60  26  90  42  79  89  43   9  73  43  43   2  76  90  30  50  62  66  38   6  93  47  34  32  51  58  96  31  88  47  14  63  97  87  89  80  80  44  92  29  54  43  50  87  65   1  80  31  23  66  49  90  13  69  84  53  77  51  51  28  42  26  91  11  80  47   5  31  17  14  51  96  57  23  47  23  54  36   6  54  68  80   1  29  19  26  91  41  89  12  55  80   4  91  87  29  99  19  85  89  73  73  75  40  96  55  44  63  85  71  50  10  87  15  45  72  87  13  99  47   4  17  76   6  20  87  74  52  35  39  62  69  42  86  46  37  39   8  99  18  40   2  56  81  40  89  36  29  97  46  46  51  48   6   8  94  92  49 100  84  80  91   8  23  41  64  72  76   4  20  85  24  39  65  35  67   7  65  16
  92  48  75  87  15  68  13  13  82  21  39  20  78  92  36  94  26  75  74  27  56  93   5  58  91  80  41  64  32  49  85   8   8  91  39  71  40   4  77  31  36  64  91  24  13  71  96  89  51  87  94  53  54  26  67  93  43  46  26  27  92  79  61  57  33  95  32  73  99  34  40  66  82  73  67  87  29  24  25   8  34  20  86  77  67  35  28  95  35  72  59  28  98  17  91  97  71  94  89  42  12  59  28  75  85  14  73  94  88  60  89  58  94  79  43  12   7  25  12  67  95  72  19  26  74  50  46   3  84  26  69  59  82  38  15  63  43  41  71  39  65  43  86  37  57  59  27  87  90  12   9  55   6  51  19  65  23  47  25  32  88  48  18  79  78  11  85  67   3  91  89  64  37  53  99  80  84   6  79  12  46  26  43  67  59  19  79  68   9  61  64  82  70  57  64  71  67  33  39  55
  97  28  69  59  93  48  66  93  84  12  93  83  77  16  55  89  80  44  74  32  46  47  53   7   3  33  25  13  53  43  17   9  43  75  48  64  13  15  47  66  75  24  38  89  72  23  85  85  86  57  12  69  73  62  67  99  52  90  86  26  78  98  80  41  51  36  92   3  89  67  25  80  84  79   7  66  77  18  87  27   3  98  19  20  97   8   6  97  66  17  48  81  10  31  39  68  29   9  86  39  95  81  65  45  97  89  35  48  67  77  97  70  16  92  60  30   7  89  62  59  31  54  85  11  18  42  69  83  90  35  67  36  98  89  92  11   9  93  64  93  44  29  91  40  84  53  15   2   5  18  64   1  80  24  33  50  85  46  63  99  76  54  43  11  25  57  74  41  39  39  88   5  51  98  46  10  26  67  44  84  43  92  20  16  16  50 100  36  32  88  83  23  42  76  90  59   2  20   4  97
  94  32  65  66  29  26  57  17  16  80  98  89  75  32  15  48  69  41  53  96  43  37  94  58  87  75  86   8  21  12  35  85  29  37  60  89  58  36  39  29  38   1  65  25  34  96  63  54  22  38  96  93  20  45   1  57  39  67  68  97  41  37  71  82  99  76  79  65  75   1  80  78  84  11  46  23  20  44  66   5  60  83  28  82  41  99  93  89  45  34 100  20  94  30  20  17  10  92  36   8  91  23  43  66   9  29  20  83  65  98   2 100  78  33   8  36  44 100  65  34  76  41  26  48  55  31  10  21  20  16  73  69  42  90  23  79 100   9  22  62  83  39  41  56  79  68  76  47   5  16  81  31  64  31  14   9  96  66   7  45  71  43  62   3  12  45  39  33  14  20  73  88  79  45  53  48  91  93  73  95  73  64  33  61  76  43  92  97  75  61  39  61  16  84  50  57  24  77  75  24
  61   7  14  29  22  88  45  74  93  87  12  73  89  76  38  18  92  55  50  72  75  81  14   6  98  39  51  60  10  76   7  20  27  42  59  42  88  80  81  82  32  51  79  75  52  56  59  62  36  31  89   2  27  48  67   5  18  66  52  88  25  14  37  53  13  18  89  48   6  56  87  46  91  93   3  29  48  83  95  78  84  83  18  43  49  71  47  63  36  50   4  47  67  20  47  86  63  45  17  46  46  76  28  17  77  27  13  14  92  94  46  81  14  17  95   8  23  40   1  33  27  31  37  98  15  19  10   4  69  69  76  22  56  68  43   3  97  76  80  23  34  85  59  15  88  20  22  59  36  59  40  23  48  53  85  45   7  44  56  95  11 100 100  80  91  54  16  59   9  61  99  75  92  82  76  86  51   9  26  73   1  75  51  92  32  37  97  64   1  88  45  80  81  33  10   4  68  85  83  60
  49  60  19  93  71  66  69  90  13  54  35  52  75  66  38  99  97  61  74  34  47  89  55  62  19  42  65   2  15   2  27  31  47   6  59  58  12  52  11  35  78  84  72  53   7  60  99  66  42  55  28  68  28  63  61  18  67  13  13  63   8  78  85  81  28  46  86  36  32  81  44  36  78   3  88  63   2  39  10  98  54  47  85  46  67  61  30  17  60  53  89  74  28  11  82  77  16  51  44  52  92 100  39  67  83  58  28  80  12  31  83  53 100  92  86  86  89  59  11  75  12  40  49  52  55  48  71  77  32  35  46  17  93  76  29  92  50  67  46  99  33  96  88  19   1  66  33   9  36  68  11  49  17  22  53  33  56  13  11  28  78  20  34  16  25  90  60  86  71  15  62  59  87  67  58  32   5  78  15  82  73  43  75  65  53  51  96  93  49  75  38  73  31  51  67  20  33  12  25   8
  27  91  24  29  12   5  70  81  44  33  58  35   6  67  13  35  72 100   3  18  56  69  45  61  90  71  48  18  90   4  51  57  53  49  64  77  91  42  42  22  99  18  62  69  75  37  56  30  35  40  94  89  23  44  32  30  89  36  47  30  17  60  68  58  62  11  94  32  37  27  85  63  37  62   2  63  76  76  72  98  15  23  89  15  19  66  89  16  56  56  91  60  49 100   9  34  57 100  41  71  81   4  85  30  49   1  40  51   2  52  65  32  23   7  67  69  54  36  12  37  86  29  33   2  92  70  20  28  82   2  19  84  85   7  88  46  58  18  32  69  25  95 100  99  11  86  61  56  58  50  36  35  53  62  76  60  42  59  18  63  96  50  75  93  87  30  91  54   4  48  14  65  26  94  12  36   4  16  47  67  73  65  68  50  69  63  74  73  42  83  47  92  35  71  69  53  53  70  17  76
  58  11  58   6  27  91  56   7  28  24  48  71  65  33  73   6  15  40  79  89   8  53  98  93  88   4  94  59  50  45  11   6  63  56  43  68  86  79  48  30  54  83  71  99  64  59  41  24  92  42  67  12  19  77   7  62  83  96  20  20  71  52  49  59  10  81  76  64   5  14  86  59  14  29  57  72  29  49  23  30  46  45  12  40  93  40  38  43  18  45  38  71  28   8  17  55  63  98  55  28  51  22   5  43  89  42  50  99  82  39   8  91  47  69  17  78  23  89  85  30   7  14  36  39  31  55  98  62  56  53  38  94  17  53  65  17  50  84  53  57   6  82  19  14   4  75  80   2  48  59  14  18  33   9  48  31  55   4  84  67  16  68  94  13  57   9  86  71  86  36  96   1  43  82  76  27  43  78  94  95  19  42  82 100  99  33  33  51  41  72  68  87 100  53  55   2  89  85  11  47
  94 100  30  20  10  46  55  49  77  64  93  76  27  45  41  81  24  22  32  45  16  50  86   6  52  79  14  15  90  74   6  60   9  49  64  23  20  39  41  33  25 100  63  54  62  38  94  28  32  47  68  76  25   9  91  93  29  31  95  40  55  49  16  99  70  60  25  89  11  35  18  82  96  72  44  54  67  94  79  27  54  91  93  52  59  42   8  37  23   5  20  78  36   9  57  78  62  55  11  49  68  18  71  91  56   1  71  87  31  58  27  28  25  58  67  32  11  36  60  47  60   3  82  75  17 100  44  74  22  88   2  76  65  58  38  28  47  24  71  38  54  27  37  45  47  98  47   1  10  51  90  38  25  21   5  55   5  50   4  72  26  29  75  72  60  23  14  11   1  31   4  28  34  11  59 100  79  47  87  78  82  16  43   6  74  75  68  19  55  70  36  60   4  65  10  39   2  50  64  86
  43  86 100  50   4  86   4  15  65   7  90  14  51   9   6  89  19  33  22 100  84  14  19  73  34  15  10  28  64  68  44  98  54  26  80   8   8  88  46  78  70  32  85  92  57  15  10   2  63  81   7  86  49  63  80  14  58  89  20  31  62  28  35   8  42  52   3  78  39  75  69  76  50  28  85  73  15  21  37  35  43  94  19   3  22  57  94  36  59  87  72  37  13  25  48  65  40  81  55  56  79 100  13  17  82  78  34  98  14  59   7  70  31  35  14  22  24  56  95  74  85  24  39  31 100  56  24  20  34  76  49  74  82  32  72  11  60  95  23  14  37  95  31  85   9  51  35  40 100   8  16  36  85  43  39   5  89   1  48  64  25  44  69  52  63  37  82  31  79  36   6  59  69  67  61  24  68  90  28  57  88  65  10  76  87  41  54  63  79  32  88  62  70  49  53   9   4  53  14  85
  97  32 100  41  17  99  96  28  99  81  14  31  21  88  33  91  89  67   4  47  51  60  10  10  58  77  89   9  90  80  75  54  80  35   5  66  38  15  89  65  15  78  47  17  23  57   2  16   3  26  99  88  34  54  40   2  47  12  52  24  49  59  11  38   8  49  31  72  98  75  54  48  33   5  67  17 100   8  76  25  14  82  73  31  90  40  27  50   2  88  93  30  52  21  98  90  41  93  10  56  64   5  79   4  55  12  15  36  85   5  39  59  36  11  57  92  32  43  55  79  24  91   2  11  90  56  16  12  14  28  34   2  73  48  38  26  66   4  47  72  56  58  65  31  45  96  40  95  30  90  26  53  47  37  83  24   4  80  95  66 100  81  67  36  20  63  72  89   2  13  71  73  82  70  59  30  24  80  86  11  53  91  39  35 100  88  99  29  96   1  59  61  60   5  69  70   6   6  20  64
  15  94  28  18   7  83  59  71  52   8  40  84  49  20  78  27  10  14  81  99  79   3  14  45  39  31  62  67  38  37  27  73  78  53  10   8  90  25  21  43  45  97   2  25  17  28  90   4  70  86  92  67  18  93  16   3  96  44  21  24  72  45  14  42  86  85  30  49  45  80  70  28   9  29  31   1  68  44  91  55  65  88  37  93   4  29  91  42  66  69  92  23  15  49  23  30  30  78  64  97  99  36  29   8  35  36  10  86   3  26  99  84  39  99  30  22  42  47  53  22  14  67  34  72  48  62  80  44  14  38  74  87  48   8  85  42   2  88  23  78   4 100  76  52  11  67   4  37  31  62  52  23  63  25  74  54  22  22  90  54  37  95  96  71  90  40  67  55  81  37  35  44  59   8  85   2  64  54  35  69  39  14  89  49  67  62  36  32  41  70  83  22  52  85  94  90  55  18  62  21
  52  73  32  93  48  72   7  35  98  26  38  16  79  20  34  19  67  30  66  81   9  28  24  91  44  76  41  50  18  48  66  28  42  57  18  77  96  91  22  33  93  13  46  52  33  49  13  13  37  73  40  52  11  70  69  63  96  79  16  32  92  10  85  97  38  50  79  16   3  99  94   8  77  28  87  72   9  44  57  38  38  93  50  32  57  23  35  59  82  70  21  28  37  34  91  41  60  16  44  13  24  92  24  39  60   6  53  91  65  87  43  40  43  68  89   6  51  44  41  36  54  63  96   6  21  53  52  55  94   1  26  57  28  49   3  27  38  72 100  23  83  40  48  69  69  91  13  75  39  13  15  34  35  87  91  40  94  25  95  87  40  70  36  43  97  76  68  19  17  82  43  63  77  73  61  48  90  90  32  69  83  63  10  81  12   9  64  23  39  69  87  82  18  98  69  55  21  48  67  72
  25  79  12  14  10  53  50  62   8  27  84  45  61   9  50  12   9  42  26  85  73  72  31  16  72  53  33  98  91  33  38  63  27  77   4  64  46  28  56   9  50  58  48  53  36  90  97  59  72  87  81  26  31  95  73   7  85   7  35  46  37  40  68  51  78  14  24  52  83  60  23  22   8  66  52  24  68  73  20  32  14  39  53  69  58  29  76  11  39  22  89  60  82  10  52  14  64  54  36  23  59  59  42  71  91  36   1  41  72  24  28  94  61  19  18  19  41  26  50  52  19  33  69   8  89  40   8  15  14   8   1  71  60  67   1  29  93  45  76   9  99  32  18  94  99  62  70  33  73   6  75   1  34  43  79 100  60  69  84  92  38  70   9  18  93  37  79  50  81  56   7  76  79  48  38  69  21  96  72  27  45  55  23  97  25  48  61  27  53  58  30  34  80  26  89  89  67  55  30  34
  69  16  12  58  65  75  17  68  90  71  81  64  40  26   7  31  65  19   5  48  79  57  74  78  89  93  73  48  79  23   7  12  65  77  47  88  56  88  69  60  65  50  78  69  76  74   8  64  84  95  56  59   5  33  69  99  14  36  96  98  80  44  50  36  32  99  21  11  88  17  93  24  39  79  79  27  30  27  34 100  43  97  86  68  31  17  93  26  44  27  47  52  82  86  46  66   7  40  49  11  16  20  85  90  41   5  60  97  34  92  25  83  50  35  89  51  94  36   7  74  87  19  75  59  82  72  28  51  96  40  37  59  39  94  44  40  12  39  46  37  48  72  75  63  54  92  28  21  11  39   8  62  59  36  52  94  42  77  35  30  13  28  85  38  79  63   7  22  68  98  65  98  48  77  49  30  14  13  19  78  56  37  38  93  97  30  75  98  69  98  43   1  62  59  15  38  92  71  60  27
  15  62  28  97  40  71   9  92  65  12  28  72  51  60   9  30   2   2  83  63  11  96  99  73  97  98  81  19  63  67  39  21  99   4  45  91   8  88  50  57  10  95  44  23  67  31  82 100  57  30   5  11  31  26  38  63  16  99  79  86  48  26  64  91  33  60  81  58  13  20  27  22  79  23  55  99   2  73  54  56  82  91  50  40  86  48  55  59  90  42   9  34  46  44  59  32  82  28   9  88  27  84   1  78  82  12  14  98  21  75  81  62  74  78  37  75  73  53  95  58  81  17  34  63  85  69  41  66  90  39  23  67  58  56   9  25  22  39  93  40  71  59  84   9  13  70  18  35  80  56  50  73  69  65  60  73  33   3  31  87  21  20  36  82  84  14  41  77  49   9  94  22  75  96  11  70  34  68  86  85  66  56  73  68  11   3  31  51   2  11  89  64  93  93  79  71  13  19  46  79
  91  41  74   6  36   2  45  34  40  70  14  76  19  15   9  93   6  78  64  51   9  95  34  66  54  49  62  83  68  32  26  32  14  28  95  82  10  80  78  19  97  46  23  87  50  87  98  67  86  62   9 100  82  32  59  23  37  35  91  55  45  14  23  46  75  73  15  58  90  13  10  40  70  94   1  99  37  15  12  39  75  75  77  90 100  27  22  31  34  60  42  51  23  26  98  15  82  30  44  60  62  70  49  36  37  85  74  88   3  45  70  79  24  51  44  94  69  84  32  99  31  80  23  71  85  62  77  66  55  85  68  55  35  80  26  10  55  40  55  97  22  87  14  11  56  19  63 100  18   8  15  22  69  81  36  58  82  15  21  33  64  36  26  71  14  78  65 100  38  71  35  87  49  85  33  36  52  77  79  74  59  94  85  58  69  37  52  62  90  98  23  64  23  58  79  94  20  49  58  57
  48  80  91  88  30  17  41  86  34  12  49  59  78  93  25  80  47  27  94  33  37  78  97  35  13  90  98  15  24  74  39  43  37   3  50  36  56   2  50  13   7  41  93  41  71  75  24  98  76   7  19  74   3  49  19  59  87  52  43  22  54  53  32  65  47  26   8  32  41  77  93  33  42  95  92  13  55  28  39   3  73  43   6  43  80  89  96  51  52  91  74  51  15  55  71  49  90  88   6  81  40  33  87  81  13  22  80   1  84  43  95  83  78  28  66  68  66  18  75  89  42  87  85  16  49  83  49  25   6   1  58  32  24  81  95  69  84  26  96  13  24  86  38  95  37  31  98  13  89  98  19  30   8  97  50  51  15  48  93  40  22  53  74  80  21  62  47  49  44  25  86   9  28  49  72  29  97  46  75  38  63  67  45  77  22  48  68  72  70  88  90  99  68  16  57  75  72  45  75  22
  54  33  47  83  10  27  79  94   3  76   1  73  53  62  21  91  37  39  63  48  78  47  55  27  43  67  42  33  78  90  96  79  10  81  39  65  91  90  67  36  55  44  81  33  56  38  25  57  96  18  59   2  17  46  84  34  10  12  80   8  95   5  92  36  24  61  15  31  33  97  10  23  54  45  47  59   3  11  13  98   9  25  22  66  94  38  81  14  85  91  96  50  38  88  11  27  75  44  36   3  19  78  46  10  98  27  57  45  47  65  42  48  54  93  45  28  31  83  32  35  65  22  54  77  89  27  89  50  85  63  50  38  15  18   2  74   5  52   8  96  78  87  57  16  94  28  81   1  26  83   5  41  26  98  29  21  83  15  66  49   4  29  10  76  45  33  36  94  75  66  68  52  52  23  39  12  48  11  80  11  11  82  53  83  24  81  89  79  81  47  18  32  17  43  88  80  31  28   9  48
   8  93  63  45  41  17  11  53  83  14  35  62   6  67  54  56  24   3  53  62   2  17 100  90  36  62  47  46   8  82  59   2  46  31  52  36  97   6  12  14  13  10   9  82  23  15  95  69  18  33  27  72   8  42  60  49  32  65  52  98  18  15  97  65  73  70  72  54  50  18  63   2   3  35  48  82   9  98  36  94  93  17  43  15  55  44  24   2  22   4  67  55  28  97   3  34  91  84  79  15  60  46  11  34  81  33  37   4  53  64  84  65  93   2  68  20  53   4  29  93  12  59  74  63 100  84  25  52  33  84  97  92  20  63  75  72  17  97  21  43  59  99  50  35  36  62  75  84   9  34  16  55  29  21  99  57  67  31  47  13  36   3  74  89  22  84  83  61  82   5  46  51  46  54  70  42   7  73  94  97  41  93  58  37  52  83  40  25 100  15  27  69  49  22  84  81  21  25  69  14
  76  82  45  30  19  84  88   9  67  40  26   8  67  46  59  28  30  66   8  86  36   3  60  47  64  47  24  75  40  63  27  46  22  15  97  21  79  59  63  38   6   2  98  73  81  40  55  79  15   5  30  20  25  43  47  77  25  44  80  72  25  36  95  51  87 100  66  82  86  61  52  77   6  23   6  51  61  26  18  28   2  91  56  14  31  68  76  32  36  75  83  84  70  12  84  14  99  96   5  46  61  96  81  52  14  62  86   6  34  89  87  46  95  38  74  59  26  29   6  82  92  75  42  21  23  16  73  93  33  54  16  25  62   7  83  72  81   6  46  59  23  84  53  94  94  77  62   1  21  51  16  48  92  63  36  60   1  87  71  55   1  53  27  26  34  51  96  44  33  57  82  12  77  50  19  78  25  58  20  24  41  57  24   5  44  63  28  65  64  92  10  94  26  54  43  92  10  33  50  12
  47  83   6  38  40   7  25  58  77  22  82  30  49   4  17  44  75  76  10  93  90  24  68  45  58  56  72  30  63  75  49   1   4  80  82  14  23   2  67  49  72  21  63  27  80   9  48  36   7  85  27   3  10  10  88  62  72  39   2  64  41  94  64  53  91  36  58  51  97  34  20  72  97  98  40  66  20  61  80  22   9  68  46   7  16  99  65  79  32  43  64  60  90  83  45  46  40   2  23  98  29  33  41  91  70  89  77  16  16  74  38  24  77  67  56  93  24  20  59  98  61  15  29  65  76  19  24  59  29  91  20  86   8   4  86  61  39   1  43  25  94  44  16  66  10 100  95 100   1  37  20  61  46   9  22  18  54  97  25  17  55  66  51  96  27  35  37  16  88  85   9  98  86  10  19  13   1  56  79  45  17  19  87   2  44  96  39  26  61  98  50  88  17  63  92  34  45 100  15   6
  15  17  50  71  51  66  83  17  45  16  12   8   5  72  18  36  57  56  52  88   6  25  13  81  48  53  76  19  97   9  70  63  37  98  45   3  69  61  13  83 100  59   3  27  61   5  25  79  48  82  91  70  18  87  29  15  87   3  23  19  30   1  60  55  20  76  82   2  18  97  40  80  46  70  94  29  78  19  53  42  66  95  10  48   4  72  92  61   3  19   7  33  45  37  23  67 100  14  13  28  64  24  22  11  45  71  25  33  91  58  69  39  21  38  53  26  60  57  13  60  73  33  49  38  95  95  53  69   3  57  60  44  41  54  72  38  75  17  83  12  78  89   5  70  50  12  94   4   9  25  97  65  63  83  49  96  13  20  80  57   9  56  27  82  21  34   3  16  54  65  28  59  21  10  31   2  45   8  92  91  19  47  95  89  19  28  44  21  93   3  71  50  99  44   9  88  38  60  92  54
  69   6  51  79   4  15  41  44  65  78  91  70  97  68  52  71   3  69  39  32  20  52  58  61  41  38  56  87  14  56  78  56  19  42  90  90  30  30  41  94  90  22  55  29  50  50  95  26  64  30  96  79  35  66  69   2  58  27   2  27  35  99  46  50  46  71  19  99  72  87  71  87  85  90  17  76  27  83  20  38  21  39  41  25  43  44  53  75  13  39  62  99  75  62   9  24  16  45  23  97  38  74  51  62  63  12 100  49  90  96  81  94   9  28  40  74  15  29  38  23   1  99  27  69  17  95  79  67  28  22  27   8   4  76  64  44  67  46  92   1  16   1  46  50  85  69  36  68  27  90  68  32  85  74  34  95  21  36  81  37  18  96  41  63  60  75  51  36  26  63  43  34  44  48  34  55  56  49   9  41  96  68  60  87  37  23   9  90  54  35   3  28   1  61   8   2  34  14  61  11
  96  69  80  79  55  16  48  70  85  57  12  37  35  47  22  81  57  25  56  69  72  50  82  24  26  76  82  66  12  78  57  26  12  47  27  47  16  45  91  99  94  21  79  76   1  39  92  92  55  30  67  19  84   1  91  35  71  96  56  57  60  40  55  15  27  51  70  18  68  42  53  10  64  93  53  90   3  14  24  96  65   7  55  39  18  77  42  16  98  65  42  65  54  90  78  37  59  39  24  93  96  44  92  11  39  44  32  14  17  14   7  64  56  98  96  27  27  26  85  64  14  35  55  60  88  49  24  89  94   7  86  28  61  14  39  22  67  71   9  63  33  78  79  54   8  79  93  78  65  88  58  39  70  63  87  96 100  22  43  35  53   2  55  26  71  33  20  84  22  16  67  88  24  98 100  73  71  59  39  25  45  52  35  66  92  84   6  76  41  18  76  80  48  85  60  54  16  77  59  91
  47  78  30  72  72   3  36  89  50 100  30  48  73   7  57  65  66  31  65  83  61  88  24  95   1  46  13  63  12  55  57  29  75  34  92  45   2  39  88  24  66  50  91  69  48  62  63  22  40  90  69  94   6  98  82   8  13   6  83  34   8  73  93  46  97  84   5  92  79  66  38  88  18  75  87  98   8  62  33  38   5  84  81   2  52   6  30  25  99  18  10  16  54  11   3  78  89  42  79  29  63  82  42  48  67  29  48  82  48  53  78 100  18  23  69  63  99   6  19  74  88  31  83  64  66  70  93  96   2  16  92  34  78  95  52  53  56  79  93  13  21  11  64  55  25  23  48  84  62  61  35   3  35  40  31  42  52  82  37  15  45   6  43  47  80  93   9  49  48  49   8  41  96   5  85  55  65  41  68  42  64  41  49  41  56   9  68  19  55  26   2  10  73   5  36   5  48  31  80  88
  74  77  13  86  11  46  26  24  33  34   5  44  84  40   4  20   7  30  39  23  23  16  67  19  98  14  77  69   5  56  59  73  37  48  62  70  21   2  24  98  50  64  93  56  57  47  52  80  56  86  65   9  38  16   9  90  54  90  99  73  85  29  33  15  62  47  81  91  56  41  24  83  12  18  52  18  77  18  35   1  49  45   8  19   5  71  28   8  31  46  41  70  94  84   1  57  33  18  47  18  57  90  65  12  66  26  34  27  53  51  22  85  42  31  24  88   6  49  50  68  10   1  87  46  81  95  94  58  50  14  47  30  71  73  56  38  18  44  94   3  64  48  56  64  59  19  80  12   9  25  72  13  82  82  34  30  93  54  32  91  19  45  49  58  48  75   1  28  15   5  59  78  74  83  29  66  66  56   3  37  91  97  62  60  89  86  14  79  69  95 100  99  58  92  24  87  60  24  32  25
  96   9  43  99  57  23  83  51  52  86  25  14   3  37  66  52  53  44  86  78  39   8  42  21  58  19   1   5  92  17  90  20  62  48  98  33  74  89  85  56  86  43  12  16  51  17  34  20  32   2  70  81  37  98  34  85  88  74  21  13  42  40  16  78  59   6  44  12  35  76  89  50  56   4  13  90   6  76  78  58  35   8  90  41  85  81  66  83  25  96   5  98  51  98  45  98  68  40  91  51  24  69  77  46   5  89  82  38  84  34  38  70  76  31  67  78   9  11  92  39   3  20  59  26  95  50   3  81  36  93  77  95  23  81  41  59  38   1  87   4  15  27  98  96  36  51  92  23  50  75  43  77   3  31  17  91  58  75  34  72  32  72  96  49   2  19  96  43  61  54  70  22  20  57  77  33  25  61  53  73  35  39  58  22  62  24  64  83  32   6  16   5  18  30  57  77  67   4  35  28
  49  73  15   2   7  25  64  83  18   2  81  85  11  60  65  42  64  10  87  71  82  45  95  48  84  39  27  45  20  24  44  84  55 100  59  54  66  73  12  77  87   9  89   2  44  30  81  61  41  13  21  11  24  50  88  57  31  45  31  61  92  71  13  44  76   2  38  83  30  66   1  81  30  31  29  45  89  12  17  44  91  42  90  86  86  98  22  34  52  44  89  30  17  72  82  27  97  12  91  57  53  18  90  83  67  29  91  33  99  93  34  30  29  63  19  50  62  10  67  85  77  22  91  55  58  13  30  42  80  45  80  28  14  46  69  64  65  20  85  94  72  43  28  66  83  26  89  67  23  22  51   5 100  96  33  47  88  52  49  60  98  12  58  32   1  44   2  56  25  57  97  34  19  37  62  49  92  33  76  74  97  89   2  60  97  61  82  67  45  18  52  35  51  76   2 100  42  55   7  33
  95  48   9  28  76  46  26  35  92  31  42  99  64  80  45  73  94  65   4  34  13  52   3  91  17  68  74  63  51  85  47  93  73  76  51  96  50  79  18  56   1  89  56   5  22  51  11  87  66  41  67  63  91  95  75  27  75  83  74  59  15  69  77  75  74  85  69  80  40  91  77   6  43  23  28  80  76  83  12  11  17  41  89  77  61   9  96  61  12  46  82  88  34  28  72  72  16  34  48  77  10  99  89  18  51  18  88  33  77  66  22  40  38  59  52  32  90  95  27  66  37  32  75  97  26  66  62  21  15  70  85  86  57   3  68  77  43  10  87  58  73  23  28  24  29  52  70  33  11 100  74  14  61  10  50  84  45  49  43  28  79  90  87  76  84  65   6  49  21  40  84  43  50  35   4  70  95  89  45  66   2  33  60  41  88  75  22  73  57  27  94  22  77  12  18  53  37  97  60  78
  79  65  75  64  44  24  23  38  81  78  98  85  29   9  44  18  35  83  96  29  81  83  66  30  64  55  57   4  88  35  56  98  13  23  13  85  53  80  78  12  86  68  17  24  31  56  83  79   2   5  87  62  12  45  34  49  80  56  63  23  25  46  18  62  74  85  34  24 100  11  78  47  39  46  54  19  65  22  25  59  95   1  68  48  72  88  11  29  48  81  23  58  50  32  80  88  12  45  44  51  19  99  12  78  27  15  39  37   8  25  27  69  19  38   4  83  81   3  85  86  94  88  55  63  95  87  33  13  42  65  69  32  83  28  41  79   8  40  54  31  61  42  55  39  69  43  10  16  62  84  12  10  65  66   7  54  91  43  92  48   2  38  18  35  72  43   5 100  22  23  60  35  13  85  16  39 100   4  14  68  32  31  66  31  13  79  12  27  89  57  73  73  60  92  19  37  66  74  55  73
  14   2  92  67  51  75  15  65  72  20  66  23  81  63  39  26  36  24  32  35  73  19  38  29   5  54  96  66  32  77  34  18  43  15  24  16  71  75  23  45  97  84  24  28  36  52  35  28  55   1  99  19  78  20  12  75  49  39  28  49 100  18  38  84  86   9  29   2  59  67  31  19  19  10  12  86  13  50  12  90  64  62  18  81  19   5   3  25  71  72  91  58  21  50 100   5  44  74  50  85  97  62  59  36  62  43  44   2  75  69  88  17  24  88  99  24   9  50  76  59  88  68   3  35  82  33  77  95  50  72  94  69  66  62  80  22  28  74   6  93  75  21  92  25  75   8  43  90  44  23  25  45 100  75  60  10  98  10  59  28  77  96  35  58  80  83  39  12  18   4   4  36  78  41  84  49  92  16   3  53   5  90  67  31  38  49  57   1  87  22  59   1  82  82  70  86  82  29  19  49
  38  65  83  23 100  87  15 100  90  79  99   3  21   8  54  49  21  43  55  39  76  57  87  62  37  42  31 100  45  57  36  28  53  80  98  44  13  76  80  34  33  45  58  59  19  95 100  94  40  82  71   3  71  21  60  54  12  88  42  18  77  10  11   3  34  53  65  42  56  38  42  10  26  94  60  65 100  29   8  22  41  95  83  40   7  60  66  61  60   6  35  17  96  30  62  23  71  31  17  58  55   2  56  24  24  90  78  33  76   6  16  77   4   7  23  10  37  45  63  42  60  29  54  11  76  59  81  96  55  71  71  70   8  92  47  29  53  37  80   4  35  74  14  18  21  75  71  89  52  71  90  37  92  54  54  28  78  75  27  37  54  12  31  24  15  93  29  98  83  87  40  13  98   9   3  42  43  80  82  80  66  49  76  99  17  27  36  36  83  35  46  46  34  63   6  69  73  11  49  64
  63  33   9  41  88  64  12  28  71  75  69  85  17   3   8  96  81  31  89  23  56  66  52  23  49   9  63  50  95  10  82  43  52  97 100  84  37  30  29  80  51  50  36  51  54  45  58  58  85  63  49  33  43   6  47  55  28  33  66  82  82  17 100  78  94  18  41  23  57  94  18  88  56  17  31  59   6  27  74  36  52  28  21  37  88  98  34  64  23  86  55  32  69  68  65  13  49  40  49  60  88  54  75 100  99  83  10  27  64  17  29  92  74  99  22  32  70   6  10  44  22  80  49   8   8  89  48  92  77  76  13  46  26  26   9  88 100  66  64  79  84 100   4  76  84  28  28  52  12  62  51  10   1  75  70  27  80  92  75  93   6  29  52  99  69   5  31  18  45  88  79  82  17  67  18  20  47  46   8  12  43  67  42  27  16  91  43  80  29  70  21  15  88  65  79  11  13  43  26  33
  47  68  60  82  48   6  47  38  20  86  26  22  54  34  99  49  21  88  60  60  77  52  88  79   6  80  10   6  10  75   5  26  47  42  97  81  71  74  35  74  44  43   4  98  81  49  66  54  48  20  57  42   3  71  96  26  30  31  93  62  40  61  22  34  20  79  75  71  79  37  45  77  52  29  99  26  58  88  24  96  26  43  52  73  20  16  97 100   3  78  44  68  16  60  29  17  12  50  25  83  52   4  93  56  38  15  82  91  89  61  41  19  96  57  47  46  64  66  11  54   8  95  13  30  83  99  36  33  47  81   3   3   1  19  75  33  57  60   8  88  90  85  44  54   7   6  17  29  45  66  41   6  78  53  71  98  33  15  70  15  44  14  17   7  68  83  44  73  34  59  19  83  92  70  77  77  85  64  26  67  20  84   4  82  19  29  50  44  95  32  24  35  45  43  22  77  81  29   4  11
  60  80  59  42  92  33  30 100  45  17   8  49  48  35  16  65  16  47  27  73  35  26  99  24  93  58  25  42  31  16  22  98  35  75  90  44  86  21  33   3  79  37  21  62  73  61  31   2  44  22  70   5  91  76  44  37  24  71  43  84  54  53  66  15  81  70  28  68  74  77  22  49  69  16  16  44  28  23  22  69  31  71  87  80  52  66  38  46  16  91   5  45  37  37   9  77  80  25  42  32  14  23  46   8  88  23  28  88  61   6  90  46  26  73  57  91  62  40  20  51  22  31  86  19  33   4  95  45  16  55  38  80  82  81   9  31  79  37 100  66  54  86 100  82  94  64  25  39  66   3  94  33  67  15  95  99  46   9  69  79  89  55   5  69  82  84  64  89  28  30  14  78  54  96  55  30  72  56  81  53  60  48  40  29  54  27  57  96  72  72  87  16  31   1  74  79  32  28  73  71
  12  52  88  34  22   4  38  15  30  44 100  34  10  22  20  25  33  78  77   6  44  35  78  43  40  59  35  41   4  85  64  68  45  99  16  67  94  82  84  24  38  54  99  48  64  90  53  19  17  77  62   4  74  82  67  68  47  18  88  54   9  84  28  78  24  70  70  10  73  25  80  68   5  11  56  41  94  84  64  37  12  90  67   5  32  79  34  32  64  29  62  16  39  44  86  71  71  37  64  62  36  87  12  56  45  12  18  18  35  81  51  43  91  42  35  40  32  14  97  59  24  75  76  32  37  26  75  29   7 100  24  30  66  84   2  55  30  15  28  90  73  19  23  60  16  86  18  17  55   8  49  86  99  17  67  55  39  71  21   4  65  67  68  47  72  79  83  38   3  36  98  99  94  96  38  37  31  48  54   4  22  66  25 100   8  76  27  87  46  71  82  15  27  32  46  41  71  55   3  66
  91  91  76  66   2  86   7 100  63  35  81  67  15  89  65  64   4  39  10  39  17  44  93  48  39  88  74  39  93  70  27  45   1  33  95  90 100  72  99  16  72  69  13  46  49  55  20  54  85  73   6  13  85  24  25  70  51  57  82  40  91  41   7  93  25  57  70  26  31   6  71  37  94  37  30  22  81   8  54  30  65  88  39  56  65  87   6  58  61  16   1  53  95  87   6  68  35  57  35  21  13  71  98  27  51  97 100  50  50  93  43  29  68  43  87  80  48  70   4  97  33  98  31  61  17  17  95  47  92  32  42  48   8  48  75  42  18  81   7   4  70  66  88  63  82  43  98  87  37  90  27  80  68  84  13  10  77  23  55  76  74  46 100  77  41  91  89  33  46  10   9 100  57  95  46  14  65   2  69  56   9  11  50  84  62   5  83  91   8  53  70  68  53  79  18  27  42   1  98  32
  62  66  85  83  34  52  53  46  74  61  87  44  35  40   4  47  67  84  78  88  50  49  67  48  72  14  63  49  64  41  76  90  45  87  32  50  51  39  31  42  91  59  16  84  45  38  77  18  57  12  10  24  93  61   4  18  49  82  23  32  64  12  20  77  53  43   6  68  66  32   9  44  56  43  97   7  61  80  77  41  57  47  74  26  41   7  65   8  36  60  35  25  99   1  44  74  23  96  27  46  42  58  86  85  38  21  56  22  32   2  86  75  76  70   5  21  79 100   7  54   9  19  30  56  41  82  86  64  24  13  82  75  96  53  25  38  77  13  47  31  99  40  28  84  43  10  81   4  55  65  99  37  27  27   1  66  35  38  95  31  97  30   2  51  82  51   3  42  56  45   2  22  25   4  76  45  39  51  81  81  18  42   3  80  37  51  58  78   9  99  29  88  98  46  95   3  73   1  18   1
  73  88  34  21  80  80  73  37  15   1  19   6  43  70  12  22 100  85  66  60  87  51  20  99  84  50   7   1  56   7  52  65  89  90  96  35  29  66  92  26  26  10  47  85   7   4   1  44  97  71  78  47  13  92  34 100  68  92  34  89  88  92  13  43  11  26  98  23  97  24  53  69  93  47  36  16  52  61   8  48  43  60  18  74  91  42  41  12  42  80  42  88  76  19  25  68   9  76  53  72  79  89  24  94   9  81  39  36 100  69  44  92  94  56  28  65  78  61  34  89  66  28  51  90  34  79  46  52  84  27  27  81  93  80  93  28  46  27  47  27  69  18   3  94  49  36  89  96  95   5  71  47  32  54   5  42  41   6  93   6  52   7  53   7  80  91  54  94  24  33  81  19  44  74  55  44  71  74  53  99  27  56   8  96  44  24  85   6  98  75  98  90  21  15  60  82  18  78  17  91
  92  37  44  58  76  41  77  62  31  87  64  41  95  81  42  51  35  80  17  57  58  42  87  69  70  95  76  88  13  39  26  66  72 100  90  31   4  18   1  19  89   5  28  15   9  25  88  63  82  92  59   6  42  71  35  17  95  43  47  74   4   9  35  83  83  37  77 100   7  60   1  58 100  30  73  64  28  54  28  15  36  91  11  38  68  59  78  22  15  11  97  68  22   7  12  66   8  19  41  23  23  16  87  40   7  50  21  94  81  45  98  83  90 100  66  39  80  19 100  68  45  79  82   5  30  60  25   6  76  20  11  54  76   9   1  53  97  73  97  44 100  80  46  28  55  73  72  11  20  43  96  60  80  65  88   8  79  18   9  46  73  55  81  60  27  73  18  45  20  36  74  18  54  22  49  18  52  97  86  21  87  28  92  17  62  75  25  43  58  95  66  38  57  15  23   3  44  59  66  23
   4  96  82  12  21  88  96  10  10  10  89  18  44  38  58  40  27  59  62  40  21  25   8  70  80  49  79   7  76  34  67   3  77   2  84  42  40   7   2  98   2  34   9  57  29  89  34  78  53  56   5  89  39  58  96  61  96  86  72   5  95  29  27  71  26  46  20  34  21  60  35  74  37  75  78   2  76   8  58  28  75 100  21  69  28  14  26   7  40  31  73  28   8  58  39  50  81  26  37   7  41  10  19   6  91  62  75  56   6   8  17  17 100  21  85  87  22  54   5  37  51  67  60  26  12  66  39  89  67  25  60  33  82   4   2  12  29   3   4  53  21  28   7  17  46  24  86  99  20  73  91  63  56   1  11  60  96   8  92   4 100  52  67  60  14  20   5  73  86  21 100  39  56  31  24  67  18   1  26 100  62  62  40  22  43  78  45  90  62  12 100  44   1  88  59  88  17   8   6  35
  36  83  81  72  40  38 100  46  57  10  36  46  20  57  69  55  30  58  75  37  67   8  70  36  96  57  85  57  26  53  22  25  34  49  51  70  23  13  47  29   1  84  73  84  32  26   9  94  36  71  12  91  94  15  43  38  19  44  67  17  72  96  84  43  20  70  35  42  39  71  43  20  29  39  15  47  17  56  78  58  43  60  85  59  93  74  60   9  67  67  30  64  59  98  72  32  56  24  81  20   8  41  62  43  78  14  16  44  62  99   7  55  36  62  67  61   8   6  59  22  47  26  68   2  30  55  91  28  73  23  39  92  63  77  39   2  34  23  14   5  86  53  73  48  61  28  52  23  23  94  27  96  36  72  19  81  40  57   8  49  63   3  60  44  84  95  69  47  48  46  69  13  12  44  99  14  15  28  54  39   3  60  41  26  22   2  34  93  41  73  92  45  32 100  71  70  86   8  80  43
   7  19  33  81  20   8  46  31  36  13  97  71  70  85  77  75  80  43   9   7  88  26  39  54   4  26  79  56  73  80  52  74  10  29  69  67 100  82  20  63  78  34  64  16  94  41  93  85  92  27  60  82  59  13  75  56  70  46  28  13  52  73  31 100  81  59  49  18  12   6  35  38  51  30  51   1  96  63  46  52  10  29  93  61  44  72  98  94   5  11  13  58  20  54  85   8  40  54  81  26  11  25  15  52  63  37  89  58  76  29  95  11  15  54  87  24  73  50  44  36 100  66  31  49   6  34  82  30  60  72  80  74  71  47   1  29  10  94  95  43  22   2   3  52  44   7   8  73  15  34  77  83  50  88  16  38  64  76  88  30   4  42  49  57  70  87  88  92  15  35  54   3  11  81  36   2  58  16  44  84  24  41  44  61  22  75  22  16 100  11  82  96  15  63  71  34  28  19  81  74
  32   1  38  42  99  72  46   6  13  54  91  32  24  23  36  25  58  34  52  34  34  95  54   4  57  86  20  95  78  98  14  45  32  13  40  11  21  68  80  63  62  50  72  48  24  92  17   2  14  93  80  60  10  26  94  96  74  86  56  15   5  88  77  91  93  64  21  32  76  73  77   5  99   4  74  71  88  99  49  26  46  41  47  78  89  71  55  74  54  86  36  30  97  80   6  50  52  45  36  36  77  22  20  59  95  84  32  63  21  40  28   7  38  89  82  91  97  96  70  51  83  74  85  10  36  67  53   2  22  98  97  20  25   3  66  44  98  84  98  55  97  94  81  19  32  50  98  18   6  83  13  34  49  63  49  55  74   2  16  65  47  31  81  84  82  73   1  88   1  34  92  88  22  74  21  63  80  92   9  88  10  27  86  76   1   4  79  59  62  16  56   4  51  92  24  66  60  96  88   9
  23  41  82  91  54  55  20  61  87   8  98  21  53  43  99  24  40  58  29  48   1  63  57  65  15  72  12  30  23  67  46  47   9  46  69  36  22  29  29  47 100  44  52  44  51  84  16  65  84  21  57  55  59  72  27  67  76  78  43  49  42  12  37  70  15  33  48  40  38  84  81  84  71  59  83  24  73  73  37  34  56  59  35  64  29  49  84  87  40  89  99  91  25  88   9  25   2  57  21  74  76   8  37  69  42  71  76  85  55  47  69  83 100   1  81  64  18  82 100  88  74  49  57  72  91  51  65  12  83  34  95  81  43  67  25  70  43  73  79  58  70  13  91  93  46  49  59  68  80  98  69  42  97  35  16   6  73  34  55  71  73  54  93  63  71  34  84  84  67  95  35  91  61  33  48  37  65  29  89  44  39  71   9  64  39  81  14  19  62  45  73  69  98  27  49  65  83  79  72  23
   2  18  38  96  46   9  61  13  28  15  66  52   8  72  15  69  94  87  40  86  74  67  39  22  70  97  14  91  54   8  74  34  62  80   9  16  11  67  65   1  35  78   3  82  13  42  68  10  50  54  55  30  34  68  54  20  33  54  77  14  84  42  23  25  73  98  25  40  63  36  12  18  76  70  57  34   3  88  86  39  81  25  59  35  69  65  93  13  54  59  71  80  22  99  91  15  86  73  49  65  74  46  56  61  51  64  50  15  32  74  16  30  45  10  27  41  77  56   8  19  10  17  96  28  44  78  40  80  92  54  29  25  50  23  27   3   6  50  28  96  79  22  73  90  72  26   4  60  27  22  72  90  90  93  76  80   1  88  73  48  96  86  45  25  64  79  28  81  30  42  82  90  34  63  79  25  21  97  66  93  23  70  84  13  38  78  49  34  69  10  65  26  69  78  56  21  59  33  26  92
  15  63  55   6  73  68  83  49  85   7  52  26  54  14  46  22  69  69  33 100  63  93  33  65  40   6  88  55  67   1  68  67  59  34  66  45  18  11  22  88  45  73  27  96  41  27  85  24  37  84  75  30  65  21  44  69  17  54  35   7  39  40  91  93  24  47  23  62  73  79  20  79   9  25  34  92  44  64  30  16  16  91  18  86  78  11  79   3  43  90  41   7  71  54  28   1  81  74   9  58  64  46  38  33  41  13  53  51  42  62  58  55  29  56  41  88  21   6  98  96  98   7  24  64   5  32  96  75  44  51   5  28  40  27  60  80  21  61  30  26  77  24  72  61  19  48  85  23  38  22  54  57  67  34  31  48  30  66  76  10  28  51  16  78   3  82  58  99   4  62  43  39  13  38  29   9  88  87  76   1  22  18   9  63  25  50   7  85  22 100  80  41  39  83  78  70  79  95  90  99
  14  50  80  30  55  90  32  51  71  94  45  43  20   9  92 100  61  79  81  79  16   4  15   5   7  39  65  31  46  21  31  30  74  33  90  25  68  41  79   8  64  45  57  98  95  63  74  47  38  97  16  46  26   6  73  39  26  26  84  10  89  62  93  66  64  29  35  73  76  13  50  95  34  21  68  59  26  89  52  66  10  38  97  14  57  42  71  22  38  18  18  49  91  96  57   5  78  29  19  24  57  69   9  22  78   1  33  16  91  34  34  81  33  82 100  28  72  79   3   6  46  72  51  26  32  34  16  82  25  88  27  29  89  84  29  97  99  54  57  79  31  42  67  33  52   4  70  41  91  36  50  19  44  74  45  69  88   8  96  77   5   5  11  58  10  33  12  47  58  90  29  46  21  37  24  77  45  54  75   1  25  12  14  19  15  17  40  23  77  30  15  35  80  18  93   8  24  47   2  70
  36  18  36  85  98  54  39  25  74  61  11   1  61  47  87  45  24  42  89  85  27  19  44  60  59  63  31   4  59   6  11  35  55  76  30  57  84  52  21  93  79  76  19  52  17   3  62  25  74  23   3  41  74  41  19   2  13  77  57  74   6  71  91   4  15  63  67  72  64  75  43  96  78  40  60  70  88  28  42   3  10   9  32  73  42  45   6   1  98  64  62  60  99  13  72  40  40  85  72  13  20  42  34  24  35  77  74  40  30  48   3  20  51   5  94  77  56  29  62  86  34  41  76  92  87  80   9  63  30  23  90  49  53  66  91  37  42   9  91  90  84  37  87  45  60  55 100   7  28  23  29  29  99   4  65  87  72  76 100  27  75  40  33  67  91  27   7  38  71  43  76  92  53  38  64  81   8  93  18  94  64  63  25  64  88  87  11  42  57  83  14  21  86  37  48  65  32  68  34  23
  29   1  64  13  96  87  28  70  77  31  93  48  57  34 100  77  39  12  89  79  12  82  82  97  37   7  27  32  36  65  78  82  64  71  66  82  67  90  29  24  62  59  26  26  36  48  98  23  39  84  53  21  92  83  29  22  62 100  40  38  83  23  84  80  74  55  17  99  85  23  57  86  48  31  39  53  23  51  67  81  78  83  19  79  59  39  21  71  62  85  29  91  12  17  62  12  98  67 100  44  45  32  36  12  16  80  68  10  24  96  18  17   4  72  51  70  23  31  78  93  19  27  10   9  70  39  74   5  26  31  23  57  12  18  50  63  75  96  13   9  81  88  80  89  42  50  24  70  28  25  22  15  81  44  42  89  48  22  22  34  61  36  88  57  89  57  85  54   9  75   8  94  29  64  33  68  77  56  31  92  28  28  35  45  22  81  22  72  85  55  63  40  91  73  15  56  99  43  71  52
  91  68  66  90  51  83  55  88  24  38  27  47  30  65  35  71  69  44  12  55   1  93  14  82  14  71  83  32  76  53  40  49  36  15   6  47  21  88  93  24  39  87  69  18  68  43  50  73  81  41  23  73  76  75  66  82  38  63  94  85  51  93  21 100  91  23  90  42  35  92  61  72  88  91  15  51  75  48  83  90  59  98  27  53  65  42  61  89  31  39  55  57  41  47  71  76  26  46  12  45  72  82  66  75   6  70  57  34  94  65  68   2  38  81  74  29  94   2  75  17  96  45  26  71  70  87  87   1  66  48   4  30  17  30  25  29  74  95  52  50   8  92  71  60  49  95  12  68  21  36  22  99  88   1  50  13  33  52  14  32  90  24  12  74  75  71  32  49  68  70  74  94  22  44  75  71  15  59   7   3  74  35  14  45  62  77  33   6  48   8  58  82   2  94  75  60  34  16  33  81
  25  68  62  83  22  11  11  89   1  59  59  72  96  76  77  87  38  96  63  98   3  55  93  24  11  21  72  47  11  21  52  53  59  40   5  30  65   5  86  53  74  75  75  21  13  53  47  52  35  32  41  64  69  94  24  43  79  81  50  76  46  72  67  40  65  68  54  98  61  49  14  77  30  75  25  77  78  83  82  57  56 100   6  24  88  40  58  96  47  47  25  29  18  19  69  55  76  31  27  55  27  19  29  57  26  95  26  59  51  30  77   6  31   2  84  11  28  64   1  42  20  23  94  89  42  46  45  44   5  77  99  41   6  49  63  95  47  37  77  26  41  24  27  68  88  74   2  33  46  66  45  55  23  99  64  99  77  36  46  22  98  93  58  39  86  64  27  60  28  81   5  64  38  29  51   8  36  75  94  32  68  35  27  20  77  42  90  70  44  72  60   8  49  14  75  68  66  80   8   1
 100  58   7  91  56  42  85  14  33   4  49  33  10  57  67  25 100  52  90  91  51  74  98  17  87  79  83  46  70  46  10  46  38  19  59  91  84  29  59  20  40  34  60  92  98  85  21  54  13  15   1  85  65  19  63  76  21  91  66  64  17  40  56  34  65  37  55  77  60  86  72  53  21   4  70  32  42 100  91  39  20  77  44  90   4  67  99  21  70  92  30  79  49  51  53  65  32  83  90  14  68  86  69  65  54   4   7  11  45  11  50  27  56  97  79  10  97  84  78  80  86  68  88  47  19  96  81  82   8  71  93  50  26  96  34  14  76  47  26  54  11  81  22  18  81   7  98  18  11  40  82  42  53  90  93   3  34  29  59  58  59  11  16  58  41  61  14  85  69  54  92  53  52  10  50  30  27  58  96  61  36  82  39  39  46   3  33  66  46  44  62  58  37  30  26  77  62  35  83  16
  46  60  36  34   8   1  73  47  13  55   4   7  92  70   1  21  63  45  19  23  82  74  83  89  85   9   5  31  77  84  61  99  77  48  48  28  50  64   8  49  56  36   1  28  42  42  63  37  83  67  73  87  37  47   9  51  88  42  49  67 100  29  50  92  32  64  89  50  91  97  80  17  69  84  10  86  81  56 100  74  51  43  50   1  47   1  31  64  47  23  93  54  84  91  47  99  40  86  48  51  70  57  97  72  68  61  58  54   2  40  45  19  19  42  46  39  89  76  74  19  39  14  82  75  30  24  55  72  15  62  41   1  43  81  81  17  78  61  82  82   9  63  45  56  29  40  21  93  41  57  47  16  70  69  48  64  59  48  75  51  95   2  68  79  98  12  36  54  35  79  45  36  31  35  68   2  95  19  34  72  84  96  16  21  48  18  67  43  72  78  85  53  31  75  55  44  92  66  18  62
  89  47  92  83  13  57  74  59  38  55  51  73  56  89  85  24  19   9  57  70   9  83  24  17  40   5  62  67   1  23  68   5  42  14  38  37  96  99  64  56   8  57   6  69   5  35  77  15  45  62  61   2   9  75  10   6  89  80  54  20  94  42  39  61  62  14   2  64  47  54  41  47  66  90   1  89  45   3  55  70  92  18  79  43  82  85  69  12  69  66  35  36  59  15 100  41  47  61  19   8  30  16  57  55  62  25  93   2  14  41  14  11  62  86  52  27  17 100  37  57  37  39  23  73  92  14  19  23  44  29  22  97  55   5  45  32  70   3  15  52  24  37  93  56  49  46  11  21  12  35  71  85  89  53  20  96   6  83  93  74  59 100  93  17  68  48  93   3  21  82  83 100  42  63   8  77  71   7  44  54  52   9  35   9  30  19  78  80  56  80  15   4  17  24  21  30  96  60  88  26
  91   8  85  11  76  75  67  23  78  25  46  30  47  98  18   7  23  56  45  14  19   1  16  95  46  52  12   2  35  82  21  38  96  77  68  29  18   8 100  53  33  26  77  86  83  96  15  77  84  12  61  37  46  73  71  21  97  92  58  85  59  36  30  45   4  52  76  10  42  55  65  89  67  12  68  82  31  15  59  94   4   7  74  42  57  48  63  41  73  50  34  21  95  18  90  98   9  85  94   9   7  33  99  99  94  32  10  82  94  28  68  73  63  84  11  98  79  93  46  54  34  93  45   9  20  39   4  81  69  27  72  83  62  29  25  18  75  52   7  71  66  99  29  71  45   5   5  16  35  69   1  59  27  88  34  27  39  74  47  56  22  26  16  55  91  34  91  63  35  84  12   8  71  46  95  51  95  77 100  89  51  50  13  57  58  65  53  74   6  80  30  70   1  32  82  90  82  54  14  37
   5  99  90   6  74  33  82  19  12  36  28  71  72 100  13  55  48   7  67   6  39  29  24  27  20  83  68  42  17  26  35  91  65  70 100  82  66  31   9  38   9  31  24  36  39  40  72  68  97  80  86  29  12  11  28  17  68  70  72  64   7  16  79  58  80  94  78  83  11  11  29  90  15  93  55  11  42  19  82  58  98  85  60  10  53  10  95  42  91  11  84  18  18  16  66  87  34  64  13  67  25  92  52  70   5   2  91  13  89  84   8  23  81  24  82  57   5  35  26  59  77  71  18   6  10  79   6  73  22  11  44  43   2  28  35  13  10  96  59  64  43  69  22  81  63  48  78  38  44  19  84  48  15  61  84  61  72  61  25  43  43  14  23  60  40  98  53  20  81  99  10  31   2  41   4   9  52  14   7  25  80  37  33  68  19  13  90  89  95  40  72  46  98  61  30  98  55  98   2  79
  99   5  69  31  25  44  24  17   1  37  25  61   6  18  36  75  27  99  18   7  11  24  32  54  94  83   1  44  28  80  40  84  18  49  82  42  60  62  58  27  60   6  96  33  54  66  84  29  99  37  32  77  52   9  79  80  74  32  75  41  58  18  28   7  47  22  96  66  80  32 100  58  30  72  14   8  47   9  33  42  12  50  46   5  44   8   4   6  87  85  51  28   4  24  39   4  11  26  35  11  44   8  46  89  58  94  71  26  36  77  40  99  54   9  29   4  76  60  67  19  85  46  68  82  59  77   3  94  49  61  20  20  65  26  43  58  25  71  25  15  49  60  30  81  72  45  80  60  91  84  12  70  67   1  82  39  71  31  85  19  80  94  61  71  63  96  23  37  13  87  34  97  19  82  85  40   2  20  78  48  75   8  63  54  37   7  84  69  73  51   3  84  70  85  79  40  14  77  94  36
  78  81  13  84  43  30   4  90  54  93  66  56  15  86  45  73   3   8  96  85  19  21  85  60  82  74   4  47  66   1 100  58  62  36  33  87  12  25  59  98  27  36  62  69   8   7  50  79  21  24   8  45  79  68  64   5 100  91  55  81  61  82  72  86  80  37  74  26  22 100  91  35  91  17  22  23   6   8  53  34  41  60  16  63  45  55  37   4  25  37  33  77  41  19  61  73   9  18  99  69  65   7  42  68   7   6   1  14   4  91  85  49  60   1  37   4  96  23  55  33  35  42   4  35  91   7  34  39  80  12  20  47  87  46  84  11  59  79  20  75  61  87  32   3  67  88  64  87  24  11  79  73  47  54  42   4  71  45  44  30  59  54  68  86  49  88  82  96  78  69  80  16  75  93  60  66  39  10  43  45   3  97  95   7   6  56   3  30  22  49  90  29  22  23   2  26  11  20  94   6
  95  72  43  84  89  38  10  70  77  81  68  33  89  51  85  21   6  52  35  29  57  30  39  71  57  59  73  93   8  18  61  92  49  15  25  34  81  89  52  45  45  22  78  81  14  52  47  41  42   9  84  53  76  73  76   4  32  51  51  67  89   3  73  42  91  60   3  64  36   9  98  39  95  92  26  52  99  41  13  13  73  54  76  34  41  38  11  86  87  98  33  14  91  66  93  18  25  25  11  63   8  96  10  87   4  41  74   8  40  91  21  78  39  47  27  61  83  26   2  20  97  32   8  84   7  66  61  70  50  36   8  27  29  94  31  66  75  15  33  67  87  90  28  15  92  24  24  59  90  30  51  72  70  99  48  90  73  33  89  60   4  70  90  92  22  93  48  91  53  28  67  67  55  50  49  78   5  48  20  37   9  31  42  22  52  39  72  88  64  54  93   9  46  57  35   6  97  58  92  10
  37  17   7  97  89  27  34  95  53  44  53  72  87  69  84  65  23  27  45   3  50 100  17  59  63  37  13  80  81  81   5  98  16  46  10  91  86  89  16  94  92  41  32  86  24  89  32  72  37   8  14  28  20  41  25  46  93  37  64  17  30  21   1  44   5  85  87  22   7  87  42  31  24  33  92  21  11  53  12  96   4  21  17  49  60  20  21   6  12  91  17  73  45  39  42  90  79  30  13  99  71  74  92  26  14  35  61  22  34   6  43  53  13  33  55  63   7  84  81   7  50  60  27  35  72   4  88   1  27  90  72   2  63  11  14  74  66  40  58  96  98  64  89  50   2  57  42  13  17  94  80   7  14  58  76  57  97  22  18  27  27  13  23  89  86  50  67  23  29  96 100  69   5  68  91  96  57  52   1  92  36  98  78  25  36  27   8  66   9  18  89  10  20  43  20  94  21  98   5   2
   1  61  91  28  27  52  58  91  32  16  26  74  87   3   7  32  97  47  70  14  41  84  13  76  15  79  59  30  81  73   2  15  45   2  33  56  46  96  95  21  62  66   3  39  14   1  99  96  39   6  84  12  47  59  52  21  13  69  97  69  79  90  86   5  42  11  24  22 100  64  80  37  53  73  58  41  36   2  65  54  31  85  21  19  99  93   6  81  84  34  52  99  46   8   6  85  55  76  50  37  32  11  52  45  49  34  74  10  56  56  42  41  31  78  16  78  54  18   4  37  56  28  46  37  32  33  92  98  26  84  36  89  22  56  41  81  31   6  55   5  92  83  70  48 100  33  25   8  98  64  62  36  10  27  65  37  59  31   3  17  42  61  28  24  37  71  32  89  87  82  61   2  85  79  81   2  13  43   1  44   3  77  75  68  32  16   5  59  20  85  14  33  61  91  24  18  16  75  35  16
   7  20  90  49  36  50  29  63  34  85  73   2  10   4  42  53  56  14  13  72  75  67   3  27  18   3  46  47  58  38  17  83  71  58  30  18   2  20  68  25 100  44  35  40  86  48  84  32  50  19  24   7  72  66  56  66  53  64  88  93   3  24  79  84  56  77  85  20  38  55   7  81  64  49  96   3  18  35  79  38  22  93  76  21  99  85  27  62  69  47  25  33  36  90  98  58  58  63  89  25  14  79  21  14  20  53  42  64  73  72  51  19  45   7  86  88   6 100  31  86   2  88  81  27  97  12  48  32  51  27  89   6  56  75  53  84  82  34  62  93  16   7  41  92  97  77  84  77  10  64  75  30 100  22   5  28  76  18  53  34  50  18  43  40  23  94  36  97  91  77  51  83   5  12 100  44  99  22  59  73  12  52   5  19  12  87   9  52   8  16  80   7  32  21  28  74  77  53  23  15
  77  69  69  83  97  36   9  69  45  14  27  42  30   1  99  19  86  95  93  52  16  64  47  99  55  17  25  89  32  85  35   8  22   3  12  13  87  59  91  73  59  71  26  48  75  60  99  87  74   8  51  62  79  40  54  51  33  27  48  88  50  13  48  15  21  49  63  60  60  52  97  65  18  16  39  57  14  86  25  52  58  31  58  74  52  83  66  42   8  68  25  12  13  62 100  98  11   3   2  74  10  89  60  89  54  25  16  66  38   3  79   1  83  55  27  69  90  43  61  58  58   8  74  84  69  45  76  39  17  60   8  22  83   7  32  34  14  12  42   3  83  30  96   3  71  90  80  98  78  64  53  18  76  70  54  93  64  63  24  61  20  89  36   6  13  53  19  90  82  97  35  53  92   7  84  89  87  19  75  42  12  18  69  79  37  95  15  63  50  38   2  76  54  60  19  13  26  81  94  39
  50  46  24  70  14  13  11  42  81  77  98  85   9   3  20  83   9  66  90  29  22  32  97  97  97  13  61  92  99  87  28  68  55  10  39  38  12  51  86  61  52  41  95  75  17  21  97  13  12  40  55  45  63  28  23  26  29  94  74  24  65  30  38  16  43  51  73  95  78   1  19  40  68  14   5  55  93  27  96  12  43   3  72  23   5  93  25  81  56  10  76  10  90  22  81  99  87  97 100  86  84  57  26  79  33  65  74  31   9  99  31  97  52  78  77  61  26  18  51  41  95  40  46  94  10  16  68  74   6  24  24   2  53  93  80  25  14  71  20  52   3  43  67  95  63  14 100  33  93  94  81  86   1  89  73  14  39  32  82  87   1  12  66  17  36  68  63  41   6  52  13  41  48  31  55  33  32  74  49  61  88  75  44  91  15  36  10  95  70  82  53  17  20  78  41  96  65  72  71  66
  40   7  47  51  11  81 100  54  86  42  73  52  37  66  18  87  39  86  70  46  80   9  85  84 100  37  41  63  27  80  91  65  98  15  20  36  88  68  90  95  73   5  39  67   8  12  47  95  36  56  80  45  90  14   8  45   9  31  76  65  86  80  13  72  23  44  72  70  68  14  33  32  68  46  18  79  93  89  86  59  23  47  13   8  35  90  34  47   9  71  71  53  79   3  97  90  46  35  52  95  74  95  49  35  83  31  59  89  99  20   9  66  98   7  25  18  64  29  39  48  89  15  48  85  50  45  92  85  85   1  15  48   3  96  28  59   9  55   8  85   7  93   7  65  68  51   6  12  99  55  56  38   1  20  87   5  39  83  23  98  21  60  20  48  83  13  72  99  25  16  96  54  89  41  30  86  95  21  93  96  86  86  64  51  52  22  16   9  18   7  70  43  32  33  14  79  76  92  99  92
   9  84  74  98  79  59 100   2  35  99  99  83  21  84  46  84  86  25  90  27  55   7  15  24   3  26  87  19  87  62  40  28  74  11  94  79  71  81  57  42  64  59  48  63  20  67  10  64  18  72  10  42  94  22  43  20  79   5  87  45  47 100  45  86  43  57  99  86  37  80   2  33  81  88  14  43  80  77  89   1  58  53  36  93  65  55  16  43  98  22  90  87  28  86  57  72  25  62  40  41  31  87  97  34  14  67  57  70  94  50  59 100  78  35  16  61  12  25  68  46  75  26  29  91  12  11  10  82  41  88  71  33  83  65  70  14  17  49  41  40  83  25  22  39  87  97  63  46  61  18  94  10  93  13  65  77  19  89  16  43  94  15  48  93  48  22  29  73 100   5  59  26  94  60  73  14   9  34  62  75  94  45  57  81  10  20  32  94  70  38  22  50  25  73  62  30  35  75  63   3
  11  37  83  72  86  80  51  84  91  16  48  12  53  94  97  72  91  89  61  83  52  71 100   3  44  95  88  74  30  80  87  85  30   8  71   2  13  91  72  32  40  63   5  38  65  18  94  80  26  16  21  65  42  34  10  87   4  99  81  32   4  83  43  70  59  14  26  26  52  84  55  50  17  32  78   2  79  29  58  40  96  13  14  82  80  39  92  76  23  46  14  52  40  98  81  98  20  14  58  27  91  87  58  59  20  32  52  82  55  11  81  94  60  71  89  70  89  36   8  78  15  86   3  89  35  16  48  10   8  26  70  58  83 100  87  30  10   6  93  41  92  68  60  63  22  53  95  18  62  19  39  58  28   2  50  84  50  17   6  26  73  68  32  39  81  85  10  24  80  12  41  46  62  94  63  95  33  58  66   7   1  22  28  26   2  31  88  62 100  97  56  11  93  39  45  66  92  54  13  81
  99  75  12  93  70   6  64  71  18  89  98   3   7  76  46   2  89  62  80  92  86  63  81  35  77  16  57   4  57  39  74  97  97  50  95  86   5  21  90  42  71  32  10  58  15  31  21   2  32  66   3  36  92  92  44  88  35  51  18  77   4  35  63  69   9   1  89  48  22  56  37  41  93  46  76  60  64  63   7  89  75  17  36  79  24  61  45  81  86  48  29  29  93  30  46  66  44  12  17  43  11  53  93  26  65  82  47  51  65   5  10  63  36  54  13  75  52  90  15  70  98   7   1  39  93  81  11  98  16  59  99  97  95 100  50  84  23  63  30  38  34  76  76  41  96  50  54  38  19  33  42  56  58  49  48  53  28  48  39  77  17  48   9  88  76  68  33  95  40  60  30  95  12  96  46  25  21  69  36   5 100  69  30  26  57  61  73  22  37  27  52  61  36  25   8  64  30  95  75  28
  92  66  56  58  88  54  53  71  80  18  85  32  32   3  79  76  94  31  25  45  37   8  64  11  43  72  74  57  51  35  93  88  36  21  14  85  23  94  49  38  60   2  31  13  63  26  97  93  79  89   4  96   8  82   3  13  66  74  43  60  64  51  40  62  18   4  15  38  21  26  88   7  60  42  93  95  32  88  87  35  25  46  62  47  75  57   2  79   2  29  89  35  89  72  32  70  33  45   4  41  38  54  73  73  33   3 100  18  58  94  45  16  22  10  43  87  89  46  93  39  76  77  87  49  24  87  74  31  82  24  20  71   5  37  40   7  14  14  58  75  68  49  87  62  93  21  45  17  34  65   4  90  47  35  44  17  49  20   3  10  25  16   5  52   4  67  12  68  63  48  30  53  34  28  74  61  44  92  61  52  60  11  15  10  74  34  64  30  86   5  42  72  96  32  97  37  65  61  47  85
  56  82  30  33  29  57  48  13  54   8  54  31  67  47  29  87  68  35  45  63  86  74  71  48  24  20  52  51  87   9  62  71  55  53  75  30  28  33  79  78  64  36  87  68  43  30  33  14  98  37  62  83  15  62  69  33  40  52  71  87  18  22   4  82  11  16  37  67  53   2  65  14  99  48  47  62  88  62  23  88  53  99  38  89  84  18  26  55   8   3  55  29  14  43  94  54  47  62  88  41  54  67  25   1  78  53  20   5   2  18  65  62  95  68  89  88  32  70  50   1  98  44   6  90  84  74  97  64   1   9  26   7  30  62  78  79  68  52  12  64  88  47  73  37  88  47  30  83  81  26  85  61  44  71  34   2  19  47   6  15  73  91  44  79  12  27  34  42  58  80  82  76  10  98  87  43  49   4  93  90  31  95  31  19  50  72  16  89  29  71   2 100  37   6  37  64  64  60  80  20
  28  94  19  23  87  51  24  33  24  20  53  52  39  63  47  90  26  28   2  68  72  26  47   5  53  22  21  69  56  93  71  85  91  18  34  20  46  41  20  91  65  24  97  47  36  75  78  63  67  85   4  80  21   1  48  31   1  62  30  22  65   2   9  85  19  52  63  11  72  59  42  34  60   3  58  40  16  20  71 100  29   8  96  44  58  25  97  22  86  83  88  58  47  19   6  81  16  47  85  77  69  91  67  67  19  67  38  80   2  78  22  47  42  92  69  37  73  11  40  74  88  44  61  31  53   5  32  98  74  64  31  13  62  60  22  83  45  26  25  28  24  19  55  27  20  23  18  95  36  34  14  79  33  61  24  62  62  90  11  34  22   8  13  18  78  99  17  35  32  38  47   1  11  95  14  12  77  96   9  96   6   6  50  12  77  79  22  56   1  75  26  29  11  26  59  43  95  66  33  12
  21  79  65  78  37  38  71  17  30  31   7  57  46   1  31  60  69  49  37  85  66  34  84  75  34  97  62  43  43  71  53  55  49  17  33  35  42  72  46  68  44  40  65  27  33  59  33  31  54  75  46  77  14  42  83  54  35  30  76  36  86  66  30  28  37  83  19  69  65  80  86  65  87  41  41  45   9  51  35  20  92  67  43  78  89  99  86  66  10  77  84  10   1  75  90  47  69  47  60  98  91  60  64  24  74  24  57   6  92  45   5  42  32  43  42  97  73   7  11  32  32   4  33  94  99  51  34  66  38  60  10  43  87  41  83  77  64  41  92  80   2  76  56  24  34  93  48  78  83  79  14   3  89  85  96  61  72  56  66  45   9  83   4  94  50  26  66  64  76  52  10  66  11  64  26  27  67  17  61  11  94 100  47   7  79  82  20  19  79  79  88   1  57  16  93  58  14  31  44  97
   5  48  63  18  43  42  53  75  10  59  33  96  13  18  76  35  19  93  34  15  79  33  58  48  40  69  14  38  77  98  58  16  71  69   6  42  42  14  97  20  50  80  99  21  43  79  25  27  77  84  14  43  17  55   7  37  61   4  23  32   9  69  69  48  55  90  28  52  90  39  41  23  30  45  13   4  60  56  46  48  18  93   6  41   8  27  37  44   7  13   2  73  77  18   8   9  81  60   4   7  67  56  46  25  56  79  15  52  88   3  92  73  99  36  97   3  87  36  12  53   9  30  32  97  45  17  46  34  62  26  40  51   5  35  77  50  97  83  92   4  90  65  36  29  38   9  64  25   8  44  87  64  87 100  34  28  16  78   5  84  39  97  68  74  67  35  15  52  81  31  80  95  53   6  94  23  87  52  29  41  55  95   8  99   5  21  83  33  14  72  59  59  47  77  81  41  85  36 100  42
  14  16  31  15  80  67  21   1  67  99  78  59  65  78  81  91  78  95  66  83  96   8  83  98  47  85  16  29  56  34  44  55   9  73  43  76   2  57  79  35  90  32   6  30  46  15  38  47  34  49  77  45  67  37  50  86  57 100  30  35  95 100  52  60  92  73  80  22  88  80   3  32  77  40  61  19  87   6  48  15  98  43   3  15  19  38  74  89  49  51  78  17  11  90  98  74   5  73  84  17   6  10  47   6  18  47  46  38  11  92  91  55  16  23  33  24  30  34  16  61  53  98  33  34  48  83  44   4  69  19  37  31  93  99  97  73  56  93  52  19  46  31  38  75  48  37  78  47  72  84  37  22   8  76  86  54  26  54  56  49  91  87  45  12  74  13  63   3  24  87  78   1  22  96  43  61  81  64  65  92  54  64  73  79  96  68  73  74  56  72   7  54  23  64  59  37  15   7 100  22
  18  77  27  76  62  51  99  34  24  80  93  18   1  37  57  99  63  75  76  65  96   4  78  41  30  28  46  76  64   9  29  24  68  38  76  95   8  54  42  12  85  88  84  93  72  35  64  35  73  60  31  53  97  13  59  37  23  70  47  58  56  74  16  28  46   3  15  25  15  64  13  13  15  18  92  43  26   2  42  13  60  91  72  63  59   4  74  49  19  99   2  80  48 100  63  50  20  84  95  83  24  86  47  61  33  91  78  78  89  89  80  10  20  42  79  91  82  43   2  69  20  64  27  61  11  75  24   2  49  76  17   4  35  99   6  46  16  85  33  30  28  21  51  40  88  50   5  65  72   8  55  54  59  95  70   5  99  79  86  14  22  34   6  13  40  82  86   6  50  12  87  48  66  85  69  80  93  80   3  40  48  86  46  88   7  22  52  66  58  26  55   9   1  38  89   1  98  39  66  57
  15  58  54  84  31  98  84  38  62  19  49  26  57  83  23  61  29  43  91  70  91  40  98  32  65  48  57  20  73  34  52  73  49  88  71  62  60  29  97  84  76  30  98  14  38  14  87  71  79  54  90  62  62  56  15  99  69  60  75  69  16  86  95  59  57  26  49   1  37  69  14  28  79  84  88  19  62  48  48  62  70  34  88  59  91   2  77  95  34   6  99  44  80  13  88  58  53  39  92  46  10   2  72  77  38  83  54  92  37  97  88  20  96  17  79  13  53  29  97  34  51  25  62   5  35  32  90  25  80  69  67  63  10  37  39  51 100  80  56  12  23  24  40  44  81   4  92  20  10  70  49   9  90   6  81  40   7  43   7  61  38  75  46  69  81  65  92  22  63  42  63  62   2  29  23  26  12  58  84  24  13  26  44  50  86  40   3  37  11  39   3  40  45  61  64  12  36   9  11  61
  96  70  44  26  33  30  98  42  51  91  59  87  37  14  92  92  93  30  80  90  67  23  57  14  14  42  43  88  62   4  88  40 100   1  33  43  32  64  96  42  51  35  92  60  42  89  31  20  90  72  96   8  48  52 100  66  63 100  47  94  51  88   2  36  52  78  66  98  74  58 100  71   4  21  50   2  86  53  15  10  77  93   8  82  83  22  86   2  51  61  44  34  55  78  64  89  21  78  61  35  29  41  25  42  13  87   9  82  17  10  58  32  43  91  50  72  14  55  17  17  37  44  67  43  48  93  98  68  12  67  57  19  71  10   4  62  84  85  65  24  40   6   1  33  79  58  54  77  71  48  39  29  13  29  83  80  97   7  93  14  48  13  65  88  37  40  72   7  55  44  26  46  99  64  72   1  91  42  20  19  76  81   5  10  14  92  96  35  46  72  55  77  99  83  43  29  24  29  85  81
  21  62  76  66  81  58  21  91  12  24  22  73  96  85  93  92  32  21  63  12  77   1  38  38  58  33  59   6  23  98  60  92  24   1  42  64  55  87  46  53  78  95  11  91  30  50  57  28  74  50  65  10  32  89  68  44  62   8  74  28  38  60  38  35  60   8  89  54  91   3   8  28  60  48  85  63  71  53  43  66  86  48  48  41  26  72  19  37 100  71  67  18  96  75  94  93  43  81  34  66  51  22  41  96  24  61  61  94  21  39  53  41  12  53  61  47  99  41  30  18  60  38  48  28  75  44  12  59  70  10  19  37  36   4  48  39   2 100   2   1  60  57  40  83  95 100  98  56  39  22  35  84  44  74  51  64   6  28  65  81  90  93  37  28  63  82  77  17  85  87   1  79   4  88  32  84  86  44  60  61  17   7  11  88  53  56  88  60   2  41  37  54  88  22  94  69   4  10  21  11
  61  70  73  95  69  48  37  78   4  91  44  38  67   1  76  43  26  96   7  27  87  30  46  54  71  55  57  53  99  84  21  89  51  95  85  11  86  58  91  85  95  76  50  85  26  20  66  50  27  99   2  71  91  69  85  67  38  62  27  33  63  82  14  65  17   1  47  89  34  36  49 100  30   6  28  98  67   1  14  50  80  35   9  72  81  80  23  95  37  17  99  36  30  40  19  96  75  59  70  74  61  75   3  93  43  59  29  94  97  75  54  17   9  62  79  84   7  22  57  66  86  49   5  84  65  40  81  94  55  15 100  44  34  57  83  65  41   9  18  96  86  73  51  11  46  70  49   9  16  33  35  29  42  80  74  63  25  56  89  41  65  28  29  34  21  60  92  84  37  55  60  20   2  66  99  12   3  12  92  79  91  76  87  14  71   6  55   6  65   1  29   9  73  51  39  58  29  88  28  48
  55   4  55  23  19  35  43  86  90  71  28  21  98  77  70  81  74  39  29   7  17  49  87  57   4  25  90  62  16  25  64   6  85  62  25  51   7   7  44  38  58  14  25  68  74  45  66  99  83  78  92  28  96  59  92  32  70  26  36   2  48  18  33  14  17  42  32  43  82  63  70  62  33  77  42  34  70  82  36  24  83  36  73  51  54  72  25  14  49   2  98  28  84   1  76  48   5  36  52  45  12  73  80  60  30  72  82  50  51  25  85  39  16  82  83  29  77  12  31  62  25  97  49   4  13  22  46  99  47  44  43  72   9  47  39  34  70  73  71  63  96  91  97  15  57  45  71   1  83  58  39  60  64  86  53 100  36  71  73  86  76  47  59  44  19  67  67  43  78  26  44  34   2   8  51  53  98  37   7  63  37  57  54  34 100   1  78  30  50  73  15  67  14  34   8  92  45  79  52  13
  59  64  28  64  82  71  21  24   5  33  61  96  25  14  23  25  59 100  48  87  59  84  58   6  89  80  16  52  48  99   9  58   6  56  64  68  73  71  55  90  67  31  94  72   5  96  24   6  19  67  75  74   6  77  16  33   5  73  51  59  46  47  75  90  12  43  80  59  52  13  42  99  99  44  55  68  10   8 100  33   3   9  88  57  49  39   2  44  65  99  10   6  44  96  20  40  90  62  47  46  49  66  52  53  60  59  56  13  78  98  80  23  57  20  89  19  12   6  56  51  93  54  20  24  63  70  36  93  24  75  88  51  69  52  72  28  84  10  10  71  37  16  73  40   3  78  95  45  41  29  60  71  21  12  58  12  39  48  50  14  84  94  43  28  18  27  35  25  23  10  74  41  77  48  41  84  41  72   3  70  84  58   4  56  38  71  37  90  11  35  49  64  74  28  86  65  95  45  10  49
  61  99  22  70  34  83   3  43  97  62  75  13  62   4  12  55  59  22  76  86  74  80   4  57  66  87  13  57  25  23  70  56  21  27  84  14  72  13  40  43  88  38  47  55  55  99  65  66  31  62  46  71   7  48  44  95   6  56  51  48  27  95  28  68  97  61   3  99  99  52   5  86   3  87  39  87  45  18  58  12  47   2  10  36  31  57  47  21  79  37  50  35  70   7  66  63  55  93  44  89  42  94  44  41  10  23  60  92  24  80  60  90  54  98   4  95  67  26  51  94  76  39  58  55  32  84  33  86  78  18  74  50  15  35  71  99  61  47  49   8  45  17  68  15  63  74  14  26  48  43  71  43  65  54  21  91   7  95  26  27  67  95  88   5  63   3  31  11  12  82   4  74  12  89  71  15  65   3  85  85  62  78  64  14  15  63  18  17  91  33  95  18  18  59  63  39  45  73  51  95
  94  82  69  32  11   6   2  38  69  80  18  33  50  24   9  48  11  53  32  77  22   1   9   5 100  23  95  41   9  22  11  42  77  17   9  17  44  88   4  35  30  28  15  59  42  54  45  10  24  91  95  95  99  24  73  89  62  10  55  39  94  66  80 100  28  82  70  98  53  34  31  60  21  47  51  64  89  87  16  40  65  20  43  50  19  50  66  93  30  23  19  86  38  25   5  72  89  33  20  13  50  87  97  32  69  24  36  80  75  61  30  26  65  30  37  15  55  57  43  86  30  73  98  42  94  36  93  16  54  99  79  43  55  63  33  26  38  67  29  17  20  44  51  97   2  64  60  87  99  40  70  60  43   9  29  71  97  67  99  94  20   1  67  51  68  66   7  31  10  56  97  91  31  23  96  62  57  60  49  35  86  41  75  29  20   1  98  82  98  92  90  41  43  21  33  54  52  97  19  39
