  19   4  89  63  14  68  73  28  38  59  32  31  95  67  89  47  74  73  25  33  51   7  11  36   2  65  34  40  92  63  88  77   3  28  82  48  41  46  99   9  94  63  70   6  24  46  98  11  85   3  46  44   6  53  90  78  93  26  29  29  79  63  86   1  88  73  10  88  55   2   8  32  23  73  53  63  63  85  35  54  41  94  61  59  89  60  33  88  63   7  77  99  38  82  61   8  71  47  28  38  19  15  36  67  78  88  75  41  38   9   7   7  29  90  49  15  59  83  54  35  80  50  61  83  85  86  20  19  43  90  66  90  70  64  35  61  90  90  11  61  43  87  90  75  23  46  33  13  42  32  37  59  23  50  59  33  29  89  31  63  17  20  40 100  24   9  10  57  58  35  39  50  99  53  13  72  11  26  39  26  43   2  61  85  77  39  16  89  70  24  16  86  41   6  20  14  89  80  24  42
  38  83  28  74  96  85  88  17  35  59  22  92  88  70  96  34  86  40  41  80  59  97  13  14  84  55  63  26  24  78  70  52  98  48 100  74  50  97  78   4  48  53   7  18   2  86  40  82  37  97  53  10  26  25  19   7   9  30  99  51  40  68  65  98  47   7  90  19  21   7  75  66  41  89  95  18  46  76  20  37 100  36  75   9  13  10  90   9  44  84  75   9   8  25  80  33  45  66  45  32   1  81  40   6  73  29  43  12  64  66  21  87  77  87  86  63  17  51  10  59  51  16  13  21  70  95  73  65   3   8  12  74  40  28   9  91  74  14  77  51  42  79  23  80  53  82  13  43  54  89  49  36  39  75   8  58   7  94  94  94  96  28  20  87  17  71  81  73  17   1  52  53  82 100  43  22  88   9  80  55  91  84  59   8  85  67   2  17  79  49   1  97  66  64  73  14  76  47   7  30
  91  16  84  21  22  68  66  96  46  58  46  16  52  73   5  90  27  44  93  55  94  33   4  75  17  85  32  10   9  39  85  77  27   5  43  39  95  90  74  26  30  79   2  59  71  68  56  54  23  40  30  62  40  48  43  75  87  82  12  15  27  27  66  71  88  51   8  41  66  20  32   4  43  17  66  77  42  62  58   6  94  63  46  86  86  89  10  89  57  37  68  66  53  51  60  47  28  45  72  18  39  27  33  51  21  69  34  96  33  17  54  37  36  47  34  38  40  13  39  12  95  23  39  20  23  55  39  20  18  70  80  26  66  82  88  51  94  68 100  42  61  66  46  45   1  62  49  94  85  70  17  98  10  81  95  53   7  25  28  30  76  95  54  82  14  35  41  39  60  21  47  31  88  84  12  34  21  99  90  64  89  57  83  11   5  59  22  60  69  13  60  99  68  40  30  90  11  90  27  28
  69  44  56  62  20  55  68  99  43  31  24  22  42  75  35   3  90  50  55  77  16  90  81   9   6  71   3  25  93  28  15  55  60  89  11  80  39  40  97  74  38  57  72  10   6  50  88  54  82  31  13  31   4  38  54  70  75  49  32  56  80  18  44  22  16  66  26  44  16  33  55  16  61  38  65  44  25  92  99  81   9  45  69  70  50  55  74  24  87   9  47  33  68  22  18  21  72  90  82  42  62  78  57  19  97   8  70  39   2  27  83  51  85  24  82  72  64  34  78  21  29  18  85  63   7  79  10  70  96   7 100  81  19   5  27  71  29  24  39  40  48  80  12  20  27  75   9  26  41  93  99   3  91  90  61  78  84  33  40  98  91  46  10   4  13  38  17  80  15   8  54  15  27  11  44  90  83  48  56  34  87  40  20  72  43   7  80  89  67  79  22  24  16  63  59  74  92  86  16  86
   3  47  98  14  49  11  65  34  96  18  45  90   7  84  10  58  19  13  73  11 100  15  21  10  41  98   4  45   8   5  77  80  97  29  85  65  78  88 100  51  79  32  13   2  71  82  56  11  59  27  36  84  84  55  99  89  23  96  40  27   5  86  90  47  34  37   9  69  78  36  11  42  34  69  15  64  18  85  77  60  15  65  92  11  10   2  59  79   9  46  96  97  47  31  58 100  42  38   6  78  57  56  34  23  87  58   5  12   9  76  59  53  30  48  89  61  94  29  32  84  47  32  18  86  84  96  17  51  58   6  86  74  52  87  30  16  54  27  49  79  93  52  55  21  68  41  90  45  91  26  85  73  44   9  77  42   1  44  87  75  47  71  14  84  94  17  40  94  54  66  74  98 100  91  53  84  30  16  27  66  43   2  88  94   3  45  26   3  51  87   9  62  74  69  56  44  56  98  10  32
  32  80   1  62  23  51  70   2  73  80  15  43   8  95   8  39  27  59  80  52  74  23  46  27  71  24  16   1  98  36  13  53  37  13  87  82  15  47  14  66   3  73  13  25  30  66  27  85  83   7  62  67   4  89  98  16  71  28  16   5  19  52  90  43  36  11  75  88  15  27  11  97  80  49  34  73  13  66  67   9  48  69  26  34  66   7  91  55  24  71  74  33  69  91  21  92  69  40  10  39  87  49  27  88  78  90  92  32   8  88   2  51  44  24 100  32  57  17  80  19   4  47  95  41  28  59  75  39  17  35  84  97  47  44  91  27  59  51  45  40  25 100  56  12  72  42  90  91  85  81  66  13  61  83  66  37  36  47  14  38   2  60 100   9  30  53  62  15  48  15  58  12  13  82  37  90  27  38  72  21  81  35  20  46  94  13  29  12  89  81  91  40  78  35  64   6  88   1  79  84
   1  23  58  40  42 100  15  41  19  62  95  55  63  62  98  86  26  57  92  58  31  71   2  58  57  34  17   6  73  85   4  62  89  40   5  54  48  85  46   5  17  44  78  92   5  70  41  26  46  23  64  66  76  28  68  82  70  73  19  33  71  89  69  71  81  63  39  32  25  62  94  20  67  95  98  14  57  33   8  94  35  10  10   9  51  65  43  30   4  94  61  99  24  28  27  86  94  56  22  48  20   2  47  13  92  21  47   5  70  50  62  37  98  60  33  18   7  76  79  45   8  85  75  27  66  43  46  39  29 100  98  87  89  16   6  19  11  86  49  57  26  42  87  84  51  13  56  75  77  47  20  43  36  50  80  38  47  80  50  90  82  44   9  23  86  88  70  22  52  85  56  64  13  13  56  99  64  28  38   4  83  29  57  44  26  98  74  82  44  89  37  60  31  54  10  22  18  52  51  91
  96  31   6  66  79  60   2  16  88  88  39  66   8  32  20  81  68  15  94  13  46  88  26  94  90   7  78  60  84  24  47  53   4  38  31  46  49  69  32  79  92   2  87  58  76  30  68  61   3  12  57  33  65  75  73  55 100  17  85  33  93  55  53  70   3  30   8  48   2  29  54  27  37   1  21  73  32  31  27  29  51  17  15   4   5  83   1  44  15  66  23   2  16  82  83  38  15   4  31  78   8  43  42  14  27  57   4  57   1   1  68  64  99  15  80  64   7  68  86  70  43  33  70  85  49  46  51  85  10  76  66  23  84  53  49  17   8  10  46  59  75  93  27  43  61  98  90  61  45  35  95  66  63  77  92  65  67  75  50  42  50  70   3  67  14   5  93  30  24   9  41  92  50  17  19  38   9  36  45  97  91  63   6  65   9  69  52  11  10  76   8  38  81  78  82  86  33  69 100  88
  21  12  86  44  98   8  25  93  20  70  65  89  30  71  31  50  84  92  39  57  37  20  67  60  11  12  70  51  59  71  27  67  54  22  81  84  37   5  71  38  71  68   4  42  24  55   5  25  53  64  57  27  10  98  54  70  24   5  37  91  32  87  92  39  85  14  86  56  99  73  34  75  11  40  13  11  30  29  44  90   7  51  29  57  94  14  69  63  54  53  66   8   7  47  56  79  89  45  61  56  80  82  10  58  60  65  37  94  12  75  92  15  47  85  83  40  60  56  40  73  59  21  41  17  91  97  16   7  95  75  36  99  35  56  80  54  43  11   9  10  56  95  19  70  56  58  36  91  31  10  78  86  44  53  87  14  76  89  34  64  71  50  70  97  63  27  11  29  87  21  63  80  14  41  96  70   2  83  77   1  88   3  72  67  34  96  85  85  40  84  24  80  25  50  92  75  32  18  65  56
  15  71  58   5  18  82   9  71  32  23  52  59  61   2  58   3  86   5  25  18 100  69  52  89  66  78   2  12  67  54  59  70   6  74  12  16  71  50  84  22  44  61  26  64  76  76  38  83  94   4  44   9  50  13  82  11  19  37  48  36  94  43  32  90  19  85  93  65 100  88  17  96  85  77  68  35  63  45  11  10  89  91  80  38   9  82  35  11   2  47   6  32  62  77  62  86  53   8  49  87  82  55  57  77  76   5  54  70  80  81  63  57  65  52  58  88  66  83  72   6  51  36  50  16  71  18  97  24  65  23  58  18  53  73   5  91  42  98  21  96  66  75  70  90  14  62  36  69  63  52  88  57  81  48  23  82  18  32  22   9   4  85  15  50  84  42 100  17  24  68  47  41  84  57  17  37  36  42  97  81  60  99  92  29  56  88  83  20  23  40  71  72  48  37  47  45  62  32  49  49
   4  56  50   8  65  98  66  80  54  11  72  67  28  85  77  61  59  49  74  91  60  86  45 100  90  74  99  66  29  87  71  86  23  20  32  67  26  68  84  77  45  76  72  60   5  68  96  70  95  66  90  43  53  42  36  35  71  20  82  95  63  96  84  71 100  62  60  24  35  44  78  13  66  96  33  97   7  32  61  68  99   5   1  70  66  94  13  69  28  98  44  28  59  57  59  74  68  13  51  25  54  32  33  48  68  43  85  17  81  39  42  85  64  63  52  33  39  99  87  80  33  95  49  28  67  64  71  51  93  54  36  27  53  93  36  30  44  65  45  92  66  37  40  80  96   3   7  50  17  97  71  42  17  74  46  33  98  22  29  96  16  18  62  46   2  52   8  50  98  36  73  56  90  97  80  77  79  98  19  63  60   5 100  53  52  83  25  64   8  72  48  24  88  83  18   9  87  69   7  29
  56  96  75  31  12   3  66  67   7  52  55  70  59  38   6  48  20  47  61  18  37  97  14  78   2   3  17  22  86  31  84  65  73  88  38  76  77  13  84  21  73  26 100  32  71  79  57  78   4   4  19  99  86  35  19  94  55   9  68  11  60  67  51  50 100  73  44  52  31  67  17  19  51  92  17  54  59  77  58  18  27  61  92  70  20  49   4  16  11   6  25  57  92  16  37  17  35  21  58  29   4  53  36  48  22  81  11  18  85  23  72   4  26  35  69  11  87  17  43  89  15  52  93  58  73  69   7  59  22  21  53  85  11  23  91  24  45  52  13  21  75   5  97  66   5  79  57  38   2  76  39  51  16  54  83  29  73  62  45   9  98   1  36  85   3  77  52  78  92   8  34  52  21  76  96  79  51   4  24  71  77  82  25  15  51   5  38  15  23  35  51  96  83  85  74  27  87  98  16   5
  20  20  50  71  78  32  23  81  76  85   6  41  18  87  25  23  93  93  49  55  11   3  97  57  84   4  31   9  62  39  72  91  21  51  72  22  61  10  24   8  73  99  92  91  72  33  34  75  20  52  19  12  72  93   6  23  29  57   7   5  69  62  76  27  15  95   5  97  80  84  75  17  17  60  67  40  36  98  25  70  54  86  37  98  72  99  46  30  65  43  69  16  14  84  75   7  49  54   7  12  93  57  46  26  15  15  81   3  74   5  80  36  94  62  43  92  60  46  84  16  52  34  10  85  71  16  62 100  19  58  40  86  47  10  66  89  53  73  97  42  44  14  28  57  87  71   6  95  86  67  76  22  13   5  34  81  99  74  91  44  67  87  40  64  25  73  90  85  36  54   5  29  61  87   3  45  32  50   7  97  50  22  57  46  73  34  41  82   3  26  82  67  46  56  84  31  76  47  91  32
  41  83  67  83  50  77  83  48  92  13  45  65  46  13  21  83  53  86  20  69  54  85  68  37  23  27  96  60  47  88  90  15  26  71  21   1  52  86  18  61  18  39  46  31  97  77   7   8  10  59  80  24  78  69   5  89  73  14  49  25  38  80  53  35  79  85 100  86  64  84  85  99  12  49  16  90  97   7  75   2   2  60  70 100  82  61  66  60  35   7  29  80  15  36  58  73  62  37  77  83  57  71  28   6  98  12  63   2  48  99  57  74  32  63  35  88  21   9  25   4   1  23   1  48  30  57  99  40   6  14   9  20  87  69  84   3  42   1  11  37  50  87  36   7  90  92  76  35  58  62   9  59  78  25   2  19  53  61  10   7  73  25  95   8   2  12  91   6   9  39  82  74  65   1  88  30  37  72  60  59  20  68  10  71  14  63  81  53  78  13   4  33  25  19  26  36   9  87  50  91
  31  39  72  70  83  50   7  87  58  32  80   3  60  68  34  93   5  15  50  43   4  39  51  70  18  17  64   2   2  89  90  21  26  14  30   8   5   9  88  11  10  82   7  91  86  73  71  86  17  71  54  48  82  34  40  96  47  38  30  30  38   4  14  28  48   8  34  31  12   2  60  64  16  64  70  16  89  30  39  70  54  81  95  91  98  54  97  18  30  75  67  25  37  39  76  62  85  22  32  40  93  23  36  90  30  69  86  11  24  46  64  71  47  11  96  52   1  46  18   8  32  45  66  42  23  96  21  33   8  10  83  90  31  25  94  22  61  54  46  95  80  48  54   6  28  86  23  40  60  68  77  84  55  75  11  28  39  74  78  52  43  85  24  91  56  35  82  11  59  86  18  49  80  73  25  52   7  69  48  27  26  35   2  87  65  22  68  98   4  84  75   5  27  75  54  38  43  46  66  67
  53   8  63  46   1  68  65  46  31  67   6  42  63  87   2  36  55  98  36  20  83  67  58  15  52  58  43  41  88  19  93 100  71   9   4  18  44  29  86   8  11 100  15  46  74  50  35   1   3  55  96  92  93  35  93  11  63  79  12  83  54  38  93  26  92  63  32  49  44   5  66  67  66  49  92  89  97  79  44  57  48  22  31  42  41  84  24  53  81  39  79  51   6  60  88  10  47  11  42  85  94  20  75  85   5  90   7  99  86  23  37  70  49   9  13   2  20  61  59   7  47  54  49   8  71  74  32  10  38  89  24 100  45 100  98  89  32  30  44  69   6  29  50  47   6  22  11  57  34  63  75  37  56  72  77  99  83  21  57  68  84   4  76  92  75  92  20   1  99   9  20  92  67  40  56  10  60  79  70  17  75  49  79  82  88   7  72  79  85  51  66  32  95  57  90  74  23  45  86  70
  50  32  20  53  36  83   7  46  11  41  31  59  88  13  70  69  50  21  22  36  71  30   1  18  49  96   8  27   8  38 100  69  79  70  77  30   9  54  56  71   5  19  70  16  23   3  33  73  53  33  54   7  11  49  57   9  43  47  84  83  42  14  18  14  51  82   2   9  83  84  71  74  24  11  73  76  76  67  57  83  79  37  83  47  99  75  61  19  14  86  78  56  45  60  99  51  40  79  98  22  29  94   5  34  51   8  68  36  37  13  16  51  67  84  90  58  61  41  63  54  75   5  94  45  68  15  58  27  11  50  79  13  37  50  11  31  21  92  70  72  59  97  32  25  31  83  60  18  72  31  71  40  45  23  72   5  46  62   2  10  64  98  98   1  38  60  75  30  31  32  11  11  57  42  83  69  97  81  82  36   1  18  43  17  12  23  99  28  87  43  43  86  69  47  40  12  36  45  33  78
   9  69  88  33  74  49   2  69  99  54  58  67  65  94   9  36  54  63  57  77  41   3  85  98  92  10  30   4  43  22  80   4  40  77  77  17  43   6  24   6   4  16  41  83  66  67  74  87  73  37   6  14  85  28  97   8  79  83   6  64  74  13  21  45  34   5  13   7  36  69   6  29  74  15  31  64  69  31 100  73  22  71  93  62  77  55   5  52  13  56  80  57  38  21  42   3  21  78  45  77  22  89  86  54  21  28   3  94  60  42  62  39  71  39  68  74  60  86  10  78  59  40  89  85  55  72  58  91  95  90  72  49  58  95  48   5  56  31  79   4  28  47  15  52  82  57  50  57  12  33  89  17  56  24  15  30  32  44  28  35  83  44  18  60  64  93  62  53  27  42  46  81  45  49  48  16  41  47   2  52  21   4  63   4  51  38  18  55  12  38  97  60  66  75  10  88  46  18  73  44
  89  37  24  62  10  40  30  37  69  37  42  83  68  23   9  82  52  17  18  55  27  22  76  29  94  65  42  31  26  61  32  52  10 100  96  72  51   1  47  12  54  84  26  53  24  37  33  89  88  28  49  85  56  42  37  53  64  41  46  73  50  54  58  99  93  48  15  88  29  39  30  24  23  68  34  51  50  39  81  82  62  11  52  73  11   3  43  88  64  71  79  38  48  76   1  39  86  26  21  43  54  34  84  38  60  15  45  60  98  54  87  25  47  43  38  30  81  86  37  60  38  80  34  46  95  56  72  48  26  25  14  63  77  28  36  86  96  26   3   8   5  59  89  76  25  82  74  22  67  13  54  42  22  72  67 100  27  20  53  27  43  71  98  79  26  46  33  58  36  25 100  48  33  97  92  46  59  51  12 100  46  60  23  51  27   2  74  18  74  41  66  81   6  59  78  81  94   1  99  37
   9  82  91  23  71   5  11  67  77  14  89  10  55  41  50  88  38  90  79  73  13  19  88  49  44  27  44  30  33  50  25  72  87  80  81  57   2  67  34  24  18  85  24  82  50  67  69  25  65  50  27   3  50  71  91  94  70  27  94  67  38   2  36  63  90  31  49  27   5  96   7  60  44   9  16  27  21  11  30  58   8   1  11  62  71  51  59  53  90  58  15  52  85  19  16  74  77  40  83  70  73  13  64  86  21  51  58  77  43  56  45  48  64  15  99   6   9   2 100  38  97   8  12  23  15  71  68  51  16  93  33  86  47  99  66  95  18  48  64  93  87  68   3   3  38  94  62  15  57  69  66  35  67  16  78   6  82   7  17  94  47  15  96  94  38  30  74  46  11  91  11   9  69  58  60  13  57  86  13  89  76  11  24  54   9  54  96  15  25  80   3  38   5  82  37  90  32  20  46  82
  94  85  20  36  55  18  14   4  74  60  25  56  50  84  22  40  31  77  10  48   7  40  23  73  51  80  80  28  43  87  25  41  38  26  34  89   8  10  55  33  37  27  23  89  34  87  58   3  55  72  86  11  60  49  84   9  56   9  92   1  28  80  70  46  11  77  89  48  63  22  17  64  62  43  81  38  26  20  22  86  80  54  24  31   7  29   4  18  95  50  38  90   7  67  69  94  51  17  93  72  43  84  71  14  45  59  67  26  24  60  72   9  12  84  85  69   8  66  83  20  90  18  46  75  74   1  62  16  75  81  52  89  34  89  84  77  25  80  11  30  14  57   7  30   3  26  10  25  55  11  17   8  39  70  25  66  39  12  27  69  65  62  16  35  13  48  76  21  12  74  77  56  37  55  36  41  64  87  76  71   4  34  24  90   7  48  44  44   2   6  28  10 100  11 100  47  21  96  28   5
  88  69  45  37  21  99  64  52  73  30  34  22  86  88  93  99  70   2  32  81  15  30  65  77  11  92  70  27  78  46  17  11  56   5  88  76  78  36  92  51  91   1  67  82  49  69   9  34   7  81  18  69  87  63  97  59  10  18  85  69  40   7  83  31  75  65  41  55  22  25  68   8  32  84  38  93  42  63  54  10  12  40  12  21  11  12  63   7  42  90  60  29  94  36  34  28  26  12  48  36  95  72  81  64  91  33  84  18  21  70  87  43   1  89  77  80  82  38  33  13  12  99  73  50  76  89  83  74  45  61  40   6  36 100  84  37  76  53   3   4  25  60  69  55  27  74  80  69  90  76  91  75  68  66  67   1  68  22  94  84   6  89  98  48  58  72  23  62  82  66  99  27  18  80  46  11  63  50   4  84  73  28  16  75  61  62  15  93  96  50  24  28  26  44  57  27  54  15  67  73
  10  88  68  50  47   1  58  44  66  98  16 100  72  63  95  41  40  41  95  19  24  60  70  84  24  69  74  78  42  75  70  63  35   5  71  26  12  60  20  65  96  41  50  37  88  13  79  37  31  61  41   3   4   7  80   6  91  42  73  65  82  26  79  48   8  80  56  43  41  10  76  32  95  93  65  64   7  78  79  69  75  31  32  43  40  47  55  79  15  92  67  43  33  16  12  91  32   3  89  26  76   1  83  91  18  60  69  53  58  71  78  10  84  54  40  38  38  30  80  13  37  90  43  56  44  85  52  91  22  69  16  37  64  90  92  83  18  89  29  87  76  94   1  40  54  61  71  25  60  89  96  89  43 100  14  35  39  48  12  67  61  64  18  68  43  75  55  28  69  98  75  54  22  51  83  33  94  14  34  34  76  17  31  98  32   9   8  63   9  27  88  91  78  90   3  60  11  43  68  93
  36  55  88  88  18  53  19   1  39  99  13  48  10   7  64  43  73  40  77  84  91  81  10  50  34  17  49  42  42  24  84  14  24  79  96  82  22  50  17  63  73  79  57  40  93  22  26  60  47  42  22  99   6  66  38  12  23  25  25  80  55  13  24  33  44  77  80  48  79  71   2   7  11  39  85  81  56  94 100   7  22   6  40  47  79  97  15  24  23  96  15  54  52  99  94   3  49  74  78  19  99  82  59  67  89  69  90  43  67  52  40   8  34  78  87  30  77  19  68  29  92  19   5  60  28  28  29  11  14  56  38  24  68  77  13  77  16  24  65  79  94  79  99  43  30  91  26   1  19  55   4   1  15  63   3  78  63  94  32   7  72  58  38  15  41  14  95  46  58  63  97  26  25  59  78  53  78  77  97  47  47  83 100   7  78  61  42  19  45  23  88  25  55  54  57  71  93   8  30  63
  45  65  62  83   9  31  47  47  42  87  73  73  59   7  78  18  81  93  69   4  74   7  49  56  73  59   8  86  74  39  72  89  16  81  34  79  84  84  98  16   9  12  23  57  97  11  38  57  38  53  37  54  36  47  71  55  97  45  38  85  39  57  27  76  78   6  69  94  34  63  51  51  59  67  64  96  89  86  19  10  40  10  17  19  29  39  20  94  73  55   5   6  57  21  48  36  43  28  25   5  50  25  99  57  34  40  82   3  32  16   3  74  31  91  25  61  40  98   5  61  67  13  39  34  30  86  56  45  26  14  12   5  81  66  26  90  17 100  45  70  57  73  21  49  63  27  85  87  76   5  14  16  97  46  93  86   7  94  98  57  11  68  82  91  66  44   5  48  29  32  94  26  13  83  81 100  22  91   3  89  29  99 100  23  92  35  25  28  50  76  48  57  24  49  23  49  43  30  68  99
  52  80  86  14  39  21  69   6  54  35  89  64  96  74  14  81  32  60  99   7  99   1  91  59  32  81   7  22  71  83  37  90  19   9  50   7  61  99   4   4  53  67  71  31  85  38  15  18  87  34  79  98  82  28  49  55  81  87  92  14  10  93  98  20   7  16  41  87  87  81  93  54  92  43  54  77  28  42  21  78   1  68   5   9  54  36   5  66  48  90  59  82  95  21  87 100  84  20  37  15  52  25  18  58  44  88  96  48  74  66  96  19  75  10  81  94  92  84  19  38  83  39  37  49  88 100  32  39  84  93  81  57  97  18  68  68  42  59  26  26   7  25   9  15  50  23  32   3   8  62  87  33  82  96  46  15  79  21  53  14  45   2  67  74  86  59  53  58  19   6  12  65  38  72  58  57  29  25  77   9  56  34  94  44  27  57  24  54  53  18  24   6  57  63  23   7  29  42  60  36
  93  38   9  70  24  86  43  56  72   5  22  52   5  68  45  94  73  68  89   7  94  67  97  39  83  73  55  49  85  35  10   1  34  10  68  41  57  53  95  89  25  88  69  23  37  53  36  28  69  94  78  58  97  93  46  30  22  64  84  14  77  77  61  68  69  10  20   3  10  57  63  77  15  84  37  53  28  42  34  37  94  94   4  15  50  36  56  24  21   5  21  22  83  32  33  85  48   3  17  86  52   9  52  55  48  87  86  18  24  44  57  89  30  32  53   4  44  39  21  93  72  66  90  89  82  54   5  64  55  79  62  76   1   3  82  17  82  87  22  43  46  18  19   9  81  46  52  15  85  39  10  28  70  24  59  86  30  87  69  18  46  26  48  17  78  50  15  63  61  39  55  48  60  44  29  44   6  51  33  66  25 100  59   3  48  52  92  92  36  82  38  75  78  21  60  37  33   2  94  24
  58  70  31  33  93  59  64  90  32  88  42  97  78  33  64  79  21  76  49  15  37  13  62  13  94  36  88  72  79  32  56  25  85  61  46  11  90  71  79  77   9  23  41  45  30  26  48  75  52  96  31  92 100  66  38  78  30  34   7  16  12  15  18  57  50  83  51  35  20   5  29  71  13  63  36  52  44  85   8  70  25  26  49  52  52  23  24  87  20  84  57  75  45  15  66  55  62  60  57  71   6  15  22  95  64  87   5  32  22  17  56  88  39  93  11   4  25  97  27  72  50  26  28  79  93  46  14   8  25  45  33  60  39  44   3   5   6  66  74  32  89  36  53  90 100  76  71  68  73  73  87  64  55  43  96  95  82  89  10  79   8  42  58  96  69  64  71  89   8  69  29  56  41 100  74  77  56   9  32  25   6  53  66  95  72  76  17  88  83  59  20  76  66  50  73  23  94   4  75  60
  20  12  39  63  73  75  16  13  10  86  56  60  17  78  92  15  59  51  82   3  40  96  32  75  61  72  99  45  26  52  38  12  33  44  40  27   4  35  87  60  65  23  60  37  62  46  11  70  74  47  13  27  59  41  41  33  84  28  77  92  34  26  66  32  13  81  60  24  79  28  74  94  64  16 100  49  39  34 100  36  26  84  37   2  47  42  22  60   2  61  17  28  87  13  28  50  58  44  87  61  64  95  62  78  67  14  74  71  78   6  22  21  85  65  61  74  35  45  66  95  39  68 100  34  69  31  52  20  68  30  34  42  14  68  55  59  22  20  23  79  54   4  41  41  55  75   9  82  75  36  41 100  37  74  16  51  39  25  98  42  66  15  72  50   1  86  30  96   7  81  84  24  60  17  61  59  65  54  53  32  20  59   9  74  25  57  80  41  23  23  13  85  75  99  63  43   2  98  41  45
  73  72  30  22  34  88  69  16  69  34  80  56  66  13  13  74  93  12  34  35  79  45  34  22  68  22  69  17   4  95  75  70  70  21  74  24  52  96  41  75  16  14  24  58   4  64  37   3  44  92  78  61  92  57  18   3  21  33   3  94  60  41   1  91  99   2  37  36  95  33  45  54  55  60  50  73  39  58  87  84  54  71  73  80  26  68  77  57  28  73  31  78  23   2  62  12  24  54  38  86  61  70  91   9  81  55  84  38  19  78  55  53  65  29  94  28  48  67  78  59  23  78  28  25  42  47  95  41  91  86  68  43  91  62  71  21  25  31  99  55  39   4  80  57  88  91  15  55  67  26  12  35  97  66  71  31  70  21  60  75  48  45  56  75  58   8   5  47  35  65  69  53  54  19  97  64  55  22  64  34  29  90  99  83  99  63  73  40  94  72   7  36  28  86   9  90  25  87  78  42
  90  59  85  95  63  56  50  73  97  85  42   5  94   2  76  70  34  38  79  46  30  37  59  30  48  36  63  14 100  64  26  69  73  24 100  27  36  35  18   1  69  13  56  73  21  36  55  85   8  54  22  25  39  17  75  11  23  18  96  21  61  33  12  89  79  84  91  97   5 100  18  74  10  55  42  67  95  48  14  51  14  72  62  30  48 100  59  43  52  58  28  18  41  73   4  22   1  76  15   8  67   5  14  47  36  41   2  20  51  57   2  37  79   5  89  23  63 100  29  93  76  88  50  25  20  98  84  92  39  25  91  34  28  11  82  90  47  35  59  52  10  31  55  93  17  40  12  33  49  62  73  98  35   1   2  29  70  48   5  90   2  22  32  75  56  52   3  74  50  18  24  23  95  53  18  43  13  81  53  90  38  12  14  44  42  67  35   4  10  94  43  80   5  78  82  54   6  96  48   3
  48  83  33  98  98  67  30   3  28  18   8  23  15  18  59  37  39  28  63  19  81  90  16   6  48  64  99  67  67  43  93  14  82  33  14  35  26  27  77  22  48  27  27  47  90  97  90  46  93  98  34  95  35   2  99  69  33  89  60   9  96   7  17  27  34  14  79  32  85  60  80  49  46  82  80  43  10  62  42  58  81  43  95  78  73  82  70  18  94  71  23   2  13  63  60  78  64  89  21  27  64  49  83  33  38  43  22  49  90  90  44  88  47  96  97  94  49  96  84  48  43  37  45  51  33  52  61   3  37  44  31  81  21  35  63   5  99  14   4  78  90  98   7  23  47  86  66  39 100  10  94  44  30  56  35  55  67  24  42  92  34 100  91  27  52 100   5  68  18  80  61   4  80   7  52  20  97  86  13  63  98  92  71  74   4  99   6  34  52  25  89  20   5  59   2  56 100  30  86  67
  69  53  49  85  57  66  96  64  60  91  51  32  83 100  37 100  73  10  17  14  57  75  60  86  22  39  93  93  73  75  68  20  43  25  77  64   3  71  36  14  26  88  86  24  17  47  32  49  41  66   9  81  37  71  94  46  52  58  76  76  71  31  33  73  34  69  34  95  16  86  16  55  68  69  37  64  82   6 100  95  93  43   7  49  33  47  85  36  91  82  37  91  69  29  62  33  98  10  70  42  60  49  32  69  88  49  30  79  98  13  30  52  68   1   4  47  15  33  38  19  28  16  53  48  60  17  16  69  19  93  58  20  45 100  59  93  69   1  82   4  33  80  60  58  21  37  67  14  99  52  40  78  96  87  77  43  55  61  63  70  63  53   3  60  69  21  44  32  64  33  33   5  43  54  26  69  38  28  96   1  63  35  41  81  44  71  66  95  75  83  57  43  84  46   1   5  49  19  29  70
  72  37   1  74  63  70  20  64  61  89  27  35  34  90  26  95  19  70  79  84  84  78  24  31  11  69  87  87  40  84  45  36  46  61  19  16  17  53  27  98  61  93   8  47   1  29  52  95  78  46  82  64  70  97  54  47  91   3  28  22  66  60  84  86  60   7  81  81  58  77  90  59  28  80  60  28  19  98  62  11  75  26  85  51  45  71  60  67  91  26  51  81  93  21  76  34  78  38  68  25  34  81  78  54  70  15  94  42  13  97  21  16  44  45  61  74  94   5   3  53  10  63  35  18  40  70  42  19  46  73  29  78  83  58  39  52  33  14  83  12   4  22  57  32  51  14  97  23  59  64  33  63  58  29  22  59  30  89  88  29  37  27  34  98  56  21  82   6  11  31  15  44  12  57  22  82  40  37  59  15  51  95  55  75  91  28  46  39  28  35  79  93  76  80  17  40  69  81 100  68
  93  34  60  97  48  40  43  56  43  53  79  58  54  41  48  39  83  72  92  47   3  17  40  26  88  75  82  35  30  77  45  51  43 100   7  60  76  16  62   1  72  90  81  29  90  40  49  85  99   1  36  33  14  68  61  59  57  37  76  71  53  40  38  24  14  41  77  52   4  65  89  19  71  84   6  99   8  63  68   2  88  95  41  62  90  60  98  12  21  74  13  11  48  17  16  93  47  36  25  36  87  36  31  84  37  72  16  79   9  81  58  60  51  19  36  39  61  33  75  41  77  16  73  84  69   1  31   6  64  25   8   7  55  49  72  54  44  75  57   7  87  84  52  47   9  95  21  31  35  40  32  16  89  12  67  69  43  76  27  76  61  79  22  86  12   2  37  59  12  94  73  90  45  43  65  41  73  47  50  44  85  32  97  87  14  59  33  84  13  96  24  88  50  34  66  93  17  27  51  60
  39  40  12  46  88  91  66  17  88  65  99  39  74  16  97  77  47  18  38  32  89  35  47  50 100   9  97  88   1  75  41   2  89  21  19   4  50  40  47  71  57  30  63  29  98  34   7  22   2  49  41  49  45  30  88  74  59  63  51  40  58  12  41  37  33  44  55  39  60  26  41  94   5  67  10  67  23  31  89  40  84  93  81  57  54  66   1  15  22  12  52  20  30  13  61  32  47  69  61 100  15  73  34  69  15  10  34 100  51  84  77  77   4  46  67   9  39  63  21  71  78  58  72   8  52  44  99   2   9  82  53  76  15  71  68   8  31  50  61  28   2  40  47  46  93  71  95  78   9  30  21  14  73  56  16  33  92  97  64  97  15  28  38   5  76  64  47  52  10  76  66  44  52  67  17  75  77  48  44  68  43  88  64  12  11  50  61  20  43  73  45  50   9 100  17  46  96  86  13  73
  16   8  62  69  74  60  59  48  91  76  93  10  32  77  53  13  13   3  57  36  95  16  90  14  18  64  41  18  27  91   3  68  30  74   5  18  95  41  15  40   6  59  24   2  32  46  29  23  40  19  81  77   9  30  34  87  79  48  10  98  46  34  50  87   2   4  84   9  34  82  12  23  86  55  64  16  71  39  99  51  65  95  21   7  83  66  29  85  95  63  32  53  21  55  52  97  85  69  67  61   3  19  34  79  20  49  46  57 100  42   3  79  33  55  36  94  37  15  24  99  33  78  28  15  60  35  96  44  86  60  20  89  98  59  85  12  12  45  68  36  72  48   4   4   8  56  81  81  61   6  28  53  24  43  97  81  27  94   8  44  15  74  48  44  34  74  66  33  33  52  12  46  58  96  85  47  91  74  41  62  35  34  35  48  86  33  12  59  58  57  38  15  22  45  39  35  80   5  94  47
   8  61  49  36  17  90   9  89   6  60  46  57  26  31  64  19  76  21  31   2  86  14  22   7  26  70   4  30  11  36  98  11  13  83  82  32  76  73  15  71  14  70  27  95  90  66  91  82  18  74  59  62  82  23  62  79  84  96  51  44  82  99  52  71  62  74   9  44  76  22  78  22  82  11  10  27  61  20  18  83  29  26  12  39  71  91  11  88  13  26  31  50  93  48  15  95  60  92  25  51  44  97  56  64  18  32  10  51   7  99  77  34  87  23  80  22  80  25  63  94   3  17  39  11  62  98  12  88  74  45  84  38  66  70  58  14  57  39  38  48  63  90  30  42  57  73  25  52  29  11  97  87  13  63  52  36  56  14  37  37  98  92  15  93  20  63  44   3  31  63  72  39  31  68  93  73  86  64  31  75  43  76  95  17  62  94  29  21  30  87  70  84  70  41  11   8  42  68  77  75
  49  48  98  94  32  50  50  55  36  99  31  91  14  30  29  64  39  54  16  41  44  87  25  84  97  56  13  77  51  11  35  13  34  70  10  17  72  12   4  22   7  67  35  49  15  71  19   4  88  17  48  32  35  15  21   7  48  13   8  83  80  95  17  83  29  52  35  54  97  28  19  29  17  96  94  19   2  54  26  46  46  59   2  71  56  80 100  18  64  28  30  34  62  26  76  70  75  45  58  24  72  47   4  45  13  79  56  20  94  69  63  37  68  10  58  22  25  62 100  16  46  28  17  32  91  84   3   6   8  80  31  94  11  78  53 100  62  24  35  55  81  88  47   4  86  74  21  80  33  75  89  58  13  56  91  66  31  97  81  20  86  49  65  53  39  81  24  16  71  84  97  20  98  57  85  54  90  16  99   2  17  45  27  12  89  80  76  45  73  75  86  17   7  69  55  67  18  93  45  24
  99  24   4  80  94  70  85  29  38  18  86  92  15   4   2  24  34  16  40  84  77   4  59  22  68  63  14  51  25  37  85  44  48  86   9  66  68  55  85  75  83  73  60  10   1  96  43  68  38  42  30  42  80  67  20  15  34  49  68  58  98  37  58  65  17  84  52  40  17  68  67  76  67  19  93  24  37  66  67  53  75  70  36  78  29  81  28  94   4  35  58  75  44  46  12  22   6   8  81  72  92  19  19  96  55  90  46  74  79  36  81 100  18  89   5  59  24  68  27  34  57  94  42  34  79  14  97  89  60  45  45  44  44  68  21   1  32  51  26   8  13  22   2  29  70  74   3  13  41  74  27  95  32  78  14  68  81  92  39  91  60  76  77  29  95  49  76   9  82  67  35   3  42  85  23  11  90  17  58   4  31  31  32   7  20  94  56  89   3  57  95  86 100  49  29  41  24  57  21  32
  36  37  59  28 100  88  92  81   3  21  35  42  99  40  11   3  63  51  80  15   5  33  43  19  90   9  12  33  96  56  16  40  58  31  47  91  36  46   9  60   9  39   2   2  40  85  67  98  57  19  62  35  55  25  64  48  53  86  49  38  84  91  26  31  33  68  30  53  17  79   3  37  77  36  18  86  23  59  35  41  11  66  14  93  88   1  88  48  32  89 100  11  81  15  68  76  86  49  49   9  98   7  33  50  93  86 100  84  57  38  28  69  58  50  86  35  92  84  62  40  90  69  64  49  82  36  63   7  31  47  78  12  45  42  92  16  81  85  40   8  69  29  72  71 100  88  59  46   6  78  17  53  92  89  44  69  82  91  90  36  97  29  29  89  50   5  29  63  62   7  63  15  87  12  94  19  35  56  16  55  81  81  68  30  25  99   6  76  32  41  29  52  26  23  42  31  17  57  45  47
  87   6  81  67   2  76  48  50  10  54  26  15  83  51  88  49  85  20  28  84  36  28  45  28   6  59  84  71  24   7  34 100  28  77  61  43  67  48  40  72  50  39  69  79  98  23  47  84  35  77  99  15  66  47  40  83  90  61  67  14  58  97  70  95  12  80  90  47  75  84  90  11  48  82  47  99  20  39  27  42 100  71  26  45  95  64  66  76  46  20  23  65  35  50  73  24  22  66  82  66  17   6  19  53  25  23  36  81  27  19  20   1  75   1   9  94  66  18  43  10  31   6  96  48   3  63  75  33  22  39  34  65  47  77  23  60  37  61  11  48  44  21  91  70  70   6   5  42  71  29  48  73  58 100  61  25   1  59  80   6  86  34  10  37  18  33  82  59  60  85  13  78  74  91   5  92  83  61  29  65  61  77  92  65  52  62  18  79  46  62  82  84  71  73  26  22  98  11   9  27
  22  42  19  17   4   1  25  49   5  24  75  65  40  75  79  63  20  46  79  16  57  80  64  40 100  43  90  42  75  71  92   7  94  74  24  60  58   4  72  92  50  66   1  60  28  68  38  65  27  73  51   4   9  15  45  29  34  43  10   6  83  34  22  75  86  94  53  51  94  79  28  34  93  80   2  59  75  58  49  39  28  10  67  32   2  44   8  43  84  76  67  95  81  99  65  26  95  41  38  28  63  38  85  95  13  56   5  22  14  86   8  28  22  67  75  97  92  24   2  33  73  61  51  35  83  44  62  42  39 100  25  78  43  80  33   7  14   4  48  36  19  82  36  60  39  15   2   3  54  87  81  67  39  94  56  87  86  14  20  61  11  85  32  49  80  21  38  87  11  71  24  25  79  93  44  92  22  34  49  31  23  54  11 100  40   6  35  45  12  70  85  55  47  92  69   4  58  81   6   8
 100  25  39  43  72  88  76  19  12  18  41  29  95   7  89   5   2  52   9  25  77  74   6  78  49  87  45  30  41  14  44  68  58  15  83  30  39  66  35  76  33  90   7  55  29  80  24  39  83   9   9  25  80  50  43  35  25  56   6  95  88  57   3   9  39  40  59   7  67  75  22  35  64  24  82  73  72   2  14  87  45  14  70  71  96  14  36  93  52  22  55  85  89  11  75  91  47  57  37  22  15  28  29  71   8   7  73  46  88  11  50  36  31  24  52   8   6  17   6  84  99  38  80  70  53  33  10  93  49   8  11  15  12  28  32  62  55  99  36  62  30  41  99  22  46  33  29  87  42  31  24  43  12  68  17  40  21  36  20  34 100  52   4  32   9   1   2  55  75   7  42  58  39  93   6  53  12  51  54  68  71  36  19   4  53  23  62   5  58  40  77  64   2  59  20  51  89  54  85  18
   1  76  27  38  12  57  49  40   2  28  71  69  72  49  73  55  77  12  46  75  18  14  36  53  82  76  26  48   9  56  91  93  10  35  59  62  50  14  94  23  32  97   7  50  22  98  95  72  27  41  33  63  30  53  85  37  96  27  49  30  94  27  90  59  73  41  79  40   1  17  57  10  77  15  14  72  55  27  17  24  18  98  91  59  60  10   6  65  41  62  17   8  11   2  81  63  68  75  73  87  55  61  67  14   9   2  11  59  47  78  18  11  41  12  30  40  95   6   1   5  54  81  86  21  84  77  89  50  75  50  62  94  29  30  24  98  55  96  75  83  98  80  49  55  86  31  47   4   3  15  81  70  84  47   6  48  69  64   9  43  53  29  66   2  59  90  66  90  46  91  44  38  16  33  76   6  30  69  89  38  38  90  90  78  36  96  60   3  46  57  44  41  11  52  44   4  54  55  95  36
  55  15  39  71  83   8  21  65  77  81  27  79  67  47  59  69  79  96  79  50  17  39  72  58  65  75  66  32  34  35  21  19  48  14  39  41  15  17  55  88   8  83  68  62  80  26  88  82  91  15  31  42  72  40  68  56  83  14  61  90  61  41  11  83  31  56  35  47  70   5  56  36  83  85   6  12  44  59  20  70  74  83  47  59  95  79  26  94  93  15  31  28  28  19  37  68  19  65  58  49  18   4  37  79  59   3  70  63  17  71  22  36  77  56  28  65  79  57  56  14  89  89  69  91  92  66  26   6  31  63  15  51  31  48  67  36  83  54  65  84  61  77   4  23  14  32  90  61  26  62  42  43  75  61  23   5  12  83  33  30  66  13  52  44  78  53  61  51  23  83  22   6  19  78  84  84   2   8  40  55  86  29  43  67  71  70  43  81  24  83  72  71  28  79  73  73  66  73  76   7
  62  36  92  90  38  31  98   8  66  46  82  54  66  59  70  16  21  20  34  73  24  22  75  71  15  23  73  88  53  82  96  73  93  75  56  91  37  39  48  61  66  51  93  81  28   6  72  33  51  68  15  44  91  12   5  52  94  44  34  93  22  41  89  76  72  70  37  90  91  91  98  71   2  23  44  39  54  38  24  52  59 100  25  15  22  53  87  92  52   1  50  75  55  32  14  77  64  58  95  93  90   9  39  63  17  22  62  74  41  29  81  59  74  48  20  73  70  45  66  97  61  86  39  45  18  91  70  66  14  69  22  40  75  56  16  30  23  31  76  15  49  49   1  87  93  35  62  49  66  67  11  42  65  47  48  31  81  13  67  95  15  33  22  12   9  62  45  84 100  43  78  21  31  99  98  56   4  66  97  64  26  34  11  76  60  59  94  42  82  67  28  97   2  13  51  46  68  61  42  21
  66  52  95  69  20  67   6  93  44  29  37   5  86   2   6  82  76   3  63  60  41  43  84   7  23  66  36  45  73  92  37   5  82  53   3  62  29  71  51  79  74   8  58  45  45   9 100  56  53  64  16  35   9 100  61  25  63   4  97  72  65  28  26  79  71  25  92  62  51  49  10  12   8  40  80  90  21  67  76  71  53  28  88  37  34  14   8   3  96  72  14  20  26  18  31  37  51  79  39   4  26  78   1  28  22  86  76  81 100  34  47  61  73   7 100  68  74  83  43  31  41  29  85  62  56   3  39  12  76  23  96  59  67  51  52  49  79  83  12  96   2  61  80 100  59  25   3   9  16  97  32 100  10  72  93 100  21  87  83  38  87  83  88  83  96  24  45  21  93  11  11  50  90  35  32  39  72  17  90  12  35  98   7  41  90  77  50  22  45  59  51  98  29   8  92  20  48  78  54  30
  12  50  79  78  62  89   3  46  49  43  68   3  45  60  35  75  94  77  27  58   9  41  17   8  32  86  72  94  41  99  48  26  76  73  60  86  93  75  85  98  61  28  49  56  97  73  61  96  89   5  76 100  67  16  53   6  20  73   3  13  78  18  60  76  67  15  66  52 100  62  98  12  31  30  54  90  44  42  21  32  62  58  93  89  58  85 100  22  45   5  14  98  52   9  56  44  83   5  21  70  18  58   6  70  14  67  47  85  62  93   4  52  30 100  82  53  56  37  32  44  35  68  46  32   2  70  19  32  80  24  75  68  76  58  45  50  83  75  13  25  97  33  62  13  57  18  93  82  65  18 100  85  27  63  61  58  62  92   8  85  76  80  94  33  21  84  64  26  68  99  12  79  65  32  47  44  99  91  72  92  47  70  14  33  33  11  93   7 100  98 100  31  11  61  24  24  78  38   2  98
  23  33  46  59  63  56  37  56  57  60  63  40  83  26  96  33  83  14  59  16  38  41  41  34  61  57  52  41  75  80  23  46  19   1 100  63  32  36  96  62  62  61  59  58  11  16  67  61   3  24  42  25  15  28  90  75  81  75  16  84  11   6  62  89  12  79   7  44  95  11  46  84  42  91  14  86  50  91  16  76   4  65  70  92  31  10  33  42  80  23  67  53  54  80  50  13  33  76  24  40  57  60  55  38  81  51  62   8  34  64  69  98  98  81  80  55  52  74  21  37  12  75  87  20  71  46  15  56  27  35  72  49  70  61  41  87  50  46  18  17  26  39  11  22   2  36 100   1  43  65  69  82  90  54  55  69  11  80  26  67   3  29  99  79   1  16  45  34  78  28  67  31  81  93  78  45  33  90  24  46  81  98  85  68  93  82  95  30  22  77  89  79 100  48   9  67   7  44  55  22
  25  81  15  85  76  76  35  68   6  15  96  93  72  79  31  59  52  75  84  47  44  29   1  65  76  61  75  43  81  63  79  47  86  31  41  94  79  98  37  57  32  87  79  41  63  93  60  22  41  34  18  33  95  67  64  25  11  70  28  23  94  15  11  38  99  25   4  94  55  51  90  37  86  45   6  75  59  64  14  31  91  56  77  99  96  69  63  79  35  25  13  62  23  93   1  77  91  20  73  26  21  38  94  45  27  73  74  76  33  59  20  36  78  37  48  88  82  61   8  38  15  83  67   1  62  52  37  52  30  49  58 100  14  86  23  63  80  14  82  70  20  71  67   6  33  37  74  19   1  46  73  14  89  65  83  42  69  46  82  15  31  27  47  78  67  97  64  27  32  13  37  41  91  90  47  72  44  78  80  42  30  62   8  93  81  47  46  88  96  24  38  40  66  73  17  77   8  44  42  42
  75  41  29   8  19  23   1  12  51  55  70  33  15  58  39   8  87  76  22  70  25  87  53  76  93  40   9  15  20  15  97  58  82  30  49  60  65  93  17  43  53  99  12  37  37  78  24  87  66  21   7  54  63   8  69  56  47  32  80  80  54  26  49  20  29  15  81  99  57  83  85  42  44  82   1  22  65  70  96   1  74  54  22  81  54  20  29  62  90  35  27  54   8  72  69  85  87  85  12  31  49  97  70   6  91  12  77  73  70  39   2  79   4  75  58  11  17  43  36  86  96  65  39  49  26  54  19  62  85  25  44  24  65   1  70  30  55  71   8  32  12  26  72 100  21  30  80   1  49  16  48  77  14  62   7  87  51  88  30  64  86  85  62  45  60  69  40  40  91  88  90  63  74  89  54  86  70  84  33  75  78   7  54  41  47  19  55  17  15  76  64  82   5  60  34  14  23  76   3  26
 100  38  65  68  83  52  23  81   1  48  69  97 100  37  12  82  23   5   4  87  14  59   5  13  14  91   2  86  45  61  15  43  49  79  48  88   8  88  18  95  20  34  99  65  69  99   8  88  88  66  12  94   6  90  45  69  11  42  12  88  10  37  19  49  44  36  71 100  86  29  59  18   1  85  18  41  65  38  33  36  47  56  54  60  75  89  76  56  79  98  56  88  65  75  66  97  66  85  13  91  89  26  18   3   4  21  58  57  30   5  79  13  70  47  43  88  12  11  59  76   9  93  78  11  51  98  81  23  70  75  44  87  47  73  33  45  17  92  52   2  26  28  49  75  82  46  20  31  53  44  76  84  61  48  28   7  56  32  43  39  96  55  20  70  29  57  70   8  55   8  25  48  49  33  16  46  32  95  46  90  26  24   4  44  68  81  63  53   4  36   8  54  52  22   4   2  54  88   1   6
  50  99  76  72  79  79  19 100   5  93   3 100  88  52  55  62  29  45  83  46  40  26  32  75  12  55  74  65  35  42   6  53  60  52  40   9  29  58  73  43  83  62  28  98  36  23  19  79 100  72   3 100  68  97  33  92  94  98  18  59  33  82  69  93  94  29  67  95  81  78  86   8  33  35  24  46  37  42  83  57  28  42   3  32  42   6  45  37  22  56  92  28  25  91  45   4  63  18  82  59  28  21  81  61  26  14  43  50  51  97  55  76  45  48   5  91   3  79  49  47  69  37  17  60  31   4  57  68 100  44  56  33  73  91  18  12  16  24  30  60  47  93  47  49  81  26  62  32  73  44  20  85  32  44  40  30  24  84   6  99  96   8  77  57  69  56  92  47  83  97  14  67  24  74  70  88  64  73  84  61  61  92  61  91  53  62  57  34  42  74  86  43  63  42  75  93  20  16  21  98
  51  47  23  49  43  57  10  12  42  86  13  71  71  31  10  11  22  35  33  72  90  28  10  12   3  61  97  13  20  28  83  91  61  73  53   1  43  24  27  77  92  77  36  43  43  70  98  91   2  51  77  37   2  83  37  93  47  88  45  12  64  53 100  90  32  32  44  99  90  65  17  14  37  88  93  19  11  79  52  30   9  55  57  63  35  87  59  60  91  53  46  41  34  94   6  49  70  51  43  28  59  22  85  92  71  63  46  79  13  79  20  50  80  89  56  56  84  27  44  10  65  38  51  69  55  80  32  59  26  72  68  28  91  53  56  78  38  50   9   5  63  84  13  79   1  48  58  74  34  97  99  70  20  85  14  89  41  45  63  53 100  44  78   8  15  88  30  97  39  50  97  96  53  87  90  27  29   2  19  31  67   6  50   7  53  25  21  51  58  36  74  40   8   8  29  50  25  20  55  56
  66  27  26  93  52  88  92  90  66  96   2  58  36  71  60  17  93  22  40  67  80  56  59   3  71  79  54  68  17  70  88  58  95  87  97  30  23  35   7  52  66  38  54  67  32   9  82  47  88  76  54  67  77  68  90  14  94  42  90  64  45  22  60  11  89  72  63  72  35  57  86  53  38  95  90  62  78  91   3  19  37  28  42  97  14   2  86  19  42  37  34  89  79  38  55  85  30   1  19  76  17  83  77  76  15  58  53   9  86  15  35  51  61  81  47   6  55  68  13  95  35  75  33  39  51  84   4   7  19  40  80  41  92  56  68  97  58 100  75  26  40  10  12  57   5  41  36  28  97  38  52  52  67  89  89  48  27  59  31  98  14  11  19  98  63  67  71  75  10  81  79  79  46  35  55  69  65  20  70  85  56  11  73  11  82  37  70   2  71  64  47  21   3  49  83  36  80  92  72  31
  56  99  66  12  23   2  47  39  75  87   2  65  17  16  59   6   3  92  86  26  99  36  88  87  28  66  90  56  52  54  39  70  25  22  94  19  41  16  64  65  23  77   3  50  77  27  74  88  50  37  55  38  35  82  58   6  37  56  69  38  13  11  47  10  43  36  84   9  90  68   7  39  73  47  71  69  70  87  72  73  22  61  64  29  86  65  95  55  32  72  97  67  25  75  23  25   4  37  53   4  37  18  28  90  26  13  14  94  68  74  37   3  79  44  19   8  16  51  34  91  61  23  48  77  98  47  39  45  93  74   7  99  45  33  99  98   1   7  74  36  29  78  41  48   6  22  90  91  84  48  74  98  11  81  82  69  90  61  67  95  41  13  31  18  78  27  89  16  51  11  98  43  56  34  20  52  30  11  27  58  98  96  64  67   2  42  79  32  55  60  13  10  57 100  86  62  58  32  95  48
   3  77  27  43  55  25  42  83  44   5  30  65  52  50  20  42  69  84  18  76  33  88  66  82  25  41  81  13  52  66  10  45  75  98  52  91   6  38  40  70  23  89  96  99  91  14  80  18  71  61  98  38  18  72   2   7  25  86  60  30  73  81  25  87  78  15  93  66  51  56  38   5  72  15  68   5  12  51  65  42  76  20  43  20  57  72  61  57  85  65  46  63  55  64  37  56  28  27  87  46  95  27  35  68  16  82  10  98  91  63   3  43  83  32  37  92  64  80   6  49  30  64   2   5  41  29  89  34  87  28  25  31  66  55  43  94  75   2  16  55  13  86  67  64  47   1  37  58  29  39  91  29  74   9  56  55  33  93  11  19  16  90  39  23  36  64  74  53  66  48  55  25  96  78  33  40  76  38  72  46  28  29  98  97  69  39  12   7  65  13  15  42  40  39  92  41  79  22   2  41
  56  89  12  29  97  36  83  32   3  23  72  86  60  52  35  32  50  35  63  31  65  41  72  13  74  18  62  91  35  17  40  88   2  75  30  47  32  66  61  46  75  39  49  69  55   3  61  34  22  63  88  73  95  84  94  65  31  90  97  31  33  54  12   7  64  49  83  81  77  45  13  43  15  30  80  13  89  95  42  13   6  53  39  17  83  99  37  52  89  88  46  86  62  10  31  31  44  64  58  46  72  11  42  13  21  35   9  62  49  97  46  74  32  84  36  60  73  53  56   3  37  98  80  11  48  15  46  38  56  39  89  82  54  44  71 100   1   8  32  25  49  72  50  98  56  99  31  33  64  98  72  38 100  85   5  99  53   3   7  43  67   3  84  60  47   2  69  30  51   6  98  42  11  83  36  17  16  59  39  59  44  32  30  17  59  79  75   8  93  24  67  44  67  52  84   5  99  35  14  73
  63  45  39  26  89  70  63  15   1   8  12  76  47  46  65  60  38  77  75  82  28  15  34  47  90  83  28   4  65  83  46  37  47  26  19  38   5  91  54  29  52  67  25  78  84  12  98  12  11  45  58  66   3  41  52  38  10  74  15  99  91  18  67  29  33  42  79  44  99  53   3   1  13  12  84  37  76  41  41  20  88  14  10  84  81  48  79   8  17  74 100  12  19  35  29  47  74  11  82  66  29  17  85  59  52  53   3  87  65  24  17  88  76  73  81  36  52  47  27  94  72  24  97  53  19  72   3   4  76  53  95  73  18  39  53  71  99  93  81 100  35  36  94  99  51  75  27  12  31  81 100  28  24  75  79  56  90   1  98  14  30  20  93  79  67  46  91  79  28  88  75  12  59  28  53  17  20  93  18   9  86  68  29  44   3  51   7  17  64  62  34  28  57   5  99  61  53  30  95  81
  66  69  42  30  46  99  85  37  94  17  20   5  78  32  44  55   4  88  62  17  99  79  78  26  21  76  71  76  30  82  22   4  65  76  69  62  49  18  19  92  78  34  76  37  29  45  23  17  22  13  73  37  95  72  69  45  98  88  44   1  59  14  69  87  19  52  17  22  69  67   5  12  36  79  82  37  97  36  51  57   4   7  86  81  55   1  36  34  32  49  66  12   5   9   8  42  84  11  69  75  50  91  90  52  29  93  13  30  96  55  17  72  57  16  17  22  38  39  31  55  35   6  81  71  80  22  94  88  99  13  20   6  56  62  61  88  61  95  73  90  48  95  96  16  51  60  14  60  20  10  47  65  90  42  25  26  84   2  79  18  49  42  53  17  59  78  35  62  78   7  92  16   6  13  23  96  19  27  32  21 100  32  93  36  13  23  13  14  63  42  66  93  30  66  71  33  89  63  25   1
  52  42  84  63  97  89  56  72  25  44   4  93  19  75  50  96   7  71  16  36  78  66  70  85  92  93  40  84  45  91  71  76  83  35  36  64  51  88  87  95  87  64   7  40  20  34  57  95  52  57  86  86   8  85  12   9  26  90  42  11  78  83  78  31  84  28  27  63  88  45  39  79  87  51  39   2  15  75  38  25  73  39  81  59  67  83  35  97  63  44  55  60  16  85  17  14  46   7  27  92  85  25  54  75   1  21  96  66  42   7  80  88  53  90  84  66  90  38  99  44  82  61  24  69  30  34  19  64  51  92  28  14  89  15  99  10  37  49  13  38  92  48   7  45  57  66  33  40  34  41  97  80  19  41  71  86  15  91   7  56  37  50  98   7  81  46   4  33   9  69 100  53  65  24  46  24  94  48  94  33  96  37  39  92  91  22  16  13  43  72  89  17  17  86  96  74  69  39  35  17
  53  19  16  35  65  57  92  63  88  22  25   1  12  88  13  57  25  24  77  53  68   1  26  95  32  61  27  78  33  53  29  54  82  51  58  96  29  56  78  98  61  12  60  94  54  64  81  58  59  29  36  58  71  49  39  66  63  19  68  67  88  78  45  63  89  54  21  92  49  30  52   7   6  71  11  13  17   8  52  87  60  46  38  31  96  71  61  61  60  93  92  64  81  21  66  27  50  76  32  71  50   6  59  61   9  28  18  66  61  15  11  95  44  81  27  83  96  33   5  99  27  88  67  88  53  58  70 100  74   9  14  82  88  32  61  58  44  57  56  16  45  96   5  43  71  62  31  43  34  70   4  76  49  35  82  64  91  21  54  69  62  31  34  33  14  49  96  18  93  89  52  42   3  29  91  91  60  56   6  76  69  86  81  52  84  67  55  89  80  59   4  45  90  50  90  75  68   3  53  81
  17   6   2  12  87  87  68   2  83  34  55  37  22  21  45  18  42  35  77  69  44  77  53  11  98  54  55  58  53  86  51  35  19  64  57  45  59  18  12  63  55  48  92  87  35  28  74  90   9  49  61  38  24  66  78  19  73  24  74  66  57  13  21  42  60  43  19  11  83  24  43  49  11   7  39  61  49  96  46  95  21  64  39  49   8  90  13  36   2  60  12  86  65  90  85  59  34  40  85  18  37  80  13  96  87  24  83  30  12  63  46  60  51  19  65  46   2  24  91  49  25  23  46  91  89  91  75  68  77  53  54  16  32  62   2  74  15  50   6  95  18  54   2  71  77  63  29  40  17  87  87  89  37  77  63  17  92   1  19  80  85  11  13  67  85  51  47   6  79  25  93  61  22  51  24  29  57  90  65  77  84  57  80  99  42  61  90  25  40  26  36  70  72  98  77  93  65  77  88   9
  56   4  66  62  62  85  52  29   5  36  32  10  84  30  26  50  84  38  64  93  93  71   7  66  18   7  37  46  76  21  93   1  81  38   9  86  78  38  50  41  33  33  26  44  43  75  76  69  27  79  20  19  48  31  74   2  43  92  72  52  60  79  51  32  27  51  59  40  61  38  45  34  53  33  60  91  12  61  87  37  42  67  50  19  82  34 100  79  67  22  36  17  76   1  28  53  64  57  36  16  69  74  48  66  58  95  17  75  22  70  41  97  99  59  86  74  52  81  17  49  30  77  48  69  61  88  62  79  75  66  40  76  44  35  36  44  96  71  77  77  42  56  92  79  19  43  75   6  97  27  50  69  30  86  29  59  94  86  50  23  83  94  37  91  96  13  65  14  70   2  33  38  28  54  34  37  85  83  28  98  83  92  29  56  81  89  16  35  18  26  96   3   1   4   7  50  34  89  74  48
   1  61  50  82  39  52  47  47  42   4  63  24  63  70  44  50  92  19  43  54  90  44  20  57  74  86  16  85  12  57  64  63  39  84  67  91  14  27  78  76  27  59  91  41  99  29  15  41  92  40  65  72  38  45  14  17  48  48  30  25  69  82  78  56  54  63  37  87  25  24  50   3  75  54  98  34  90  67  52  35  49  26  76  53 100  32  37  29  50  58  83  32  84  18  55  47  79   1   1  33  10  27  59  90  53  97  34   4  21  91   1  41  33  77  41  80  41  42  89  82  92  92  25  36  43  17  41  88  70  74   3  16  13  74  67  55  63  44  45  59  54  44  73   8  42  37  94  90   9  19  51  95  62  41  43  76  48  82  53  49  53  40  83  71   1  92  63  62   1  57   7  56  53  74   5  47  26  40  42  98   4   2  94  29  26  37  30  15   8  78  87  92  42  94  88  20  11  94  36  72
  16  90  70   8  72  34   3  25   2  95  87  19   1  33  90  60  18  52  67  33  43  63  91   4  28  75  85  86   4  73  28  94  17  32  14  46  12  32   9  99  75  35  17   9  93  79  14  91  56  37  47  77  13  60  53  90  72  72  64  35  59  26  65  32  46  94  32  21   6  38  45  80  79  83  15  14  21  89  85  14  73  96  77  35  69  13  64  48  94  34  68  55  78  44   9 100   3  72  89  39  46  44   2  32  33  22  90  19  76  36  66  32  38   6  67   9  99  75  22  58  85  54  87  10  27  48  15  57  98  90  85  43  95  29  17  96  31  32  30  13  18  70  93  31  48  99  25   5   3  55  92  27  38  89  80  51  98  67  28  70  27   4   5  11  64  53  77  44  36   3  22  70  35  27  77  85  57  46  41  19  85  41   6  35  80  57   1  88  23  25  92   3  15  90  71  14  97  29  17  44
  56  70  32  50  67  84  56  11  99  85  36  33  87  18  15  92  12  33  76  93  93  77  69  25   2  18  76  24  48  66  81  77  42  51  39  90  10  15  17  94   2  18  31  38  20   1  41   1  12  19   2   2  57  61  78  80  80  38  62  72  80  66   2   7  95  49  62  56  60  60  52  95  48  45   6  94  60   6  48  81  21  82   5   2  55  55  22  34  77  33  69  31  85  84  11  58  14  72  38  13  12  43  99  50  56  64  82  70  80  46   4  79   6  32   9   2  62  84  57  89  26  29  52  85  49  55  93  62  85  57  98  41  26  71  22  92  34  58  76   7  46  75  92  28  15  38  30  88  53  95   8  25   8  67  74  63  65  71  58  14  19  82  38   6  97  47  83  95  23  71  32  17  25  88  64  90  61  86  30  18   7  10  66  96  48  75  14  22  10   4  18  21  33  86  32  50  39  56  52  90
  81  81  41  78   4  25  18  14  20  11  78  27  86  36  81  85  31  63  24  90  93  64  18  71  29  55  61  57  27  74  90  43  29  62  31  52  34  31  66  98  63   4  55  62  27  98  43  17  34  56  74  85  44  83   5  59  20  47  65  47  59  51  75  89  78  94  52   6  89  60  84  94  28  54   1  76  15  32  62  41   6  82  71  58  88  34  87  20  46  55  92  97  18  10  84  83  90  28  71  50  78  49  57  87  90  47  45  81  82  98  52   8  21  79  33  64  82  86  22  17  77   5  87  43   8  31   5  42  43  15  81  54  88  71  31  65  44  23  52   6  99  44  90   8  59  61  31  53  83  33  42  56  25  65  13  68  19  55  62  69  87  60 100  57  83  21  87  99  91  61  21   4  38  33   3  52   3   4  63  98  49  87  79  73  97  31  65  59  25  23  17  45   6  30  92  32  54  97  93  82
  41  78  65  35  35  38  44  46  28  76  93  31  24  46  78  29  94  38  19  10  42  60  14  14  68  18  37  43 100  32  82  44  72  69  81  48  86  94  24  41  20  57  74  56  97  26  70  65   5   7  63  86  86  71   2  76  93  12  19  47  24  88   1  48  36   5  33  47  88  45  64  17  19  81  28  13  71  85  44  26  60  70  92  39  83  94  91  78  63  52  83  86  17  29  61  90   3  36  31  87  42  49  42  63  70  81  69  57  33  44  99  43  86  79  54  25  74  89  32  26  12  70  91  14  50   1  79  60  95  48   4  12  13  35  34  52  87  72  27  33  13  95  73  51  97  13  73  95   1  63  11  83  29 100  58  67   5  15  36  66  36  25  55  93  49  32  92  16  67  96  42  74  13  88  54  60   8  98   1  50  31  27  96  64  13  55  81  53  78  97  85   7  88  36  90  50  81   9  50  74
  24  24  56  69  14  88  34  80  29  27  50  11   6  26  31  61  16   3  50  39  69  40  80  34  74  28  33  17  58  46  62  83  90  10   4  69   3  33  31  51  59  90  62  92  39  52  30  44  51  88  84  59  47  65  65   6  80  75   9  36  52  29  26  27  81  20  14  86  71  22  96  99  54  32  11   9  50  49   4  38  14  62  70  60  50  11  72   5  23  27  39  33  81  48  25  48  21  91  32  84  97  17  40  85   2   6   7  12  86  17   1  34   3  56  20  31  82  61  21  70  36  42  81  13  17  59  99  86  79  90  54  27  10  46  46  57  57  98  57  77  41  80  17  81   1  59  53  62   3  49  89  96  90  12  54  19  36  78  17  80  73  18   4  27  12  71  50   3  52  57  75  31  70  35  63  54   4  87  74  53  95  69  78  49  31  33  91  14  93  95  13  44  62  55  18  80  82  45  76  82
  67  14   9  60  43  52  48  74  23  35  76   9  61  30  49  70  54  64  64  17  60   9  77  81  99  55  13  52  51  18  36  75  99   2  39  98  52  44  47  85  33  41   1  91  52  72  45  21   9  33  38  45  92  63  53  70  38  76  31   4  22  13  28  80  78  54  12   2  43  22  75   9  47  81  32  48  22  37  36   3  83  16  38  69  38  54  47  77  38  42  85  72  86  87  54  19  85  59   1  60  76  12  54  65  70  52  41  40  91  32  84  61   9  14  12  56  31  43  79  61  72 100  79  23  46  36  72  57  85  69  74  79   4  27   4  71  64  72  46  26  98  69  59  22  20  53  17  71  25  19  74  39  79  33  76  93  46  15  50  69  57  86  91  46  46  29  84  12  89  11  81   8  98  12  12  56  25  12  41  46  20  52  71  24  91  90  82  25  83  53  70  82  76  69  10  42  98  91   6  45
  86  62  55  71  63  37  25  24  29  40  38  33  55  69  63  17   1  41   2  81  68  52  34   8  32  56  76  53  37   7  29   2  52  15  93  10  62   6  63  57  51  85   8  33  47  27  69  41  14  50  25  37  47  82  73  51  16  37  82  87  35  29  13  11  14  65  97  86  18   4  52  75  75  66  39  28  29  60  15  30   9  21  99  97  10  50  85   4  15  47  11  64  77  25  83  97  47  96  87  21  56  95 100  45  20  70  43  10  86  98  56  49  12  86  86  71  26  36  36  54  18  72  43  57  98  93  60  82  48  54  54  97  59  90  14  93  41  22   1  60  97  63  89   7  29  86  90  21  81  93  56  21  14  15  80  84  70 100 100  76   2  25  33  41  37  53  12  54  13  74  31   3   8  73  86  90  33  20  82  20  70  54  70  41  59  25  16  46  83  82  30  73  36  74  86  19  39  35  76  95
  45  90  37   7  13  23  30   4  33  42  36  57  93  80  82  68  38   9  97  58  79  25  71  65  36  70  67  98  15  11  60   1  49  19  93  23  59  49   4  90  25  77   5  15  79  60  18  95  57  59  15  39  12  56  90  31  23  77  37  81  77  28  55  53   1   7  16  41  34  38  92  75  58  72  31  86  38   5  40  93  61  41  59   1  25 100  28  22  43  88  86  49  92  54  75  55  52  12   8  13  54  14   7  60   9   8  65  81  81  69   5   7  57  96  36  15  60  63  83  37 100  81  54  73  42  15  91  54  77  69  57  71  81  73  13  12  72  13  22   2  35  82  82   3  25  21  62  33  41  25  64  87  62  26  20  67  58  21  22 100  89  79  25  81  86  93  46  61  51  54  39  84  70  30  89  26  74  19  78  62  70  98  41  77  79  87  90  62  22  42  32  54  29  37  81  40   3  28  24  87
  33  42  66  36  91  14  55  40  20  45  59  60  19  82   6  27  37  36  23  19   4  96  42  68  22  22   7  31  64  87  29  95  47  32  94  37  20  12  91  91  46  97  73  18   6  68  58  48  15   1  34  47   4  62  16  98   3  13  69  46   2  53  41  52  16  26  13  74  93  52  90  78  51  51   8  84 100  42  53 100  28  32   2  67  76   3  23  49  48  47  51  54  79  59  22  37  32   3  95  44  31  88  13  98  54  73  25   9  63  86  49  35  86  31  93  15   4  89  56  61  93  59  80  22  90   1   5  37  72  72  20  78  43  10  65  62  37  46  57  26  22  59  17  18  59  51  29  60   1  20  38  94  49  98   9  24  93  66  41  50  34  52   4   5  89  86   9  97  67  39  69  37  15   5  44  29  91  88  70  65  74  44  66  82  96  63  74   9  67  73  40   2  18  25  94  33  94  89  74  27
  70   6  15  79  46  67  71  75   7  55  47  59  93  76  36  23  98  60  85  27  53  97  63  99  13  69  40   4  32  82  98  76  61  85  61  72  30  61  57  57  33  20  61  76  15  66  35   7   1  73  59  26  86  57  38  72  67  13  86  24  69  12   7  62  37  76  66   4  22  10   9  59  40  30  42  11  52  25  77  76  65  58  48  38  62  26   1  76  37  99  45  75  45   8   2  48  35  77  80  40  75  94  67  67  74  65  19  29  88   6  45  40 100  38  15  99  52  89  38  40  17  92  10  98   6  67  73  17   4  82  58  73  33  10  46  87  12  26  79  14  37   4  13  52  74  77  60  48  20  54  60  60  94  17  10  80  81  27   7  37  81  16  98  81  96  28  48  53  74  51  35  84  35  40  65  18  16  32  77   3  57  49  38  70   6  91  78   1  40  84  53  60  15  58  97  30  39  93   4  38
  29  68  32  88  26  36  80  96  23  54  34  57  90  96   3  13  37  72  24  42   7  87   3  62  49  73  60  55  24  23  88  22  75  78  63  48  15  68  57  65   5  89  91  78  97  97  44  99  49   1  36  63  80  25  46  80  88  58  13  73  55   8  28  82  82  96  97  51   5  14  91  78  27  55   2  87  16  63  50  52  92  27  10  81  59   8  68  81  89  57  98  16  46   5  93  59  56  63  74  47  78  30  82   9   6  13  86   5  76  43  28  58  48  42   1  19  31  51  59  45  19  80  24  48  98  28  20  80  57  60  67  82  83  32  61   3  70  92  99   7  64  44  54  46  13  10  21  48  54  89  64  44  18  17  31  63  38  80  23  76  24  33  63  17  63  90  41  23  38  10  39   8  89  86  88  53  91  82  75  86   4  42  79  36  61   3  53   5  16  39  41  64  52  82  63  83  68  38  46   7
  12  34  57   1  39  10  76  72  37  15  93  90  79  83  31   9  44  18  36  89  33  55  48  58  84  23   7  21  15  50  76  66  58  78 100  28  99  92  69  78  43  76  28  64  73  16  95   6  87   3  41  77  18  38  86  42  81  51  50  91  87  22   9  24  59  39  16  77  46  55  47  76   7  25  82  38   2  90  15  56  97  62  24  74  48   6  63  13  11   8   8  36  19  51  74   4   1  67 100  34  37  17  47  18  13  62  83  70  65  70  18   5  39  20  16  57  34   3   9   8  16  65  86  17  59   6  48  93  20  53  90  13  32  13  73  40  46  46  72  53 100  46  75  30  32   8   9  69  58  25  84  32  56  85  17  50  31  48  75   1  16  79  42  87  89  39  40  44  51  85  73  53  37  58  84  71   8  65  81  63  51  20  12  49   9 100  31   3  90  87   1  19  24  58  25  94   3  46  17 100
  86  52  49  35  78  52  46  98  80   5  46  48  55   1  65  60  98  56  93  76  40  79  18  33  22   4  91   3  95  35  93  78  13  38  44  65  56  27  64   9  64  76  84  99  31  55  35  47  35  63  18  77  40   9  21  80  17  36  20  13   7  89  67  10  58  99  64  71  73  96  62  84  29  52  71  90  22   6  85  10  55  26  16  40  62  88   2  68  29  51   5  89   3  86 100  87  53  57  70  13  27  65  11  37 100  10  84  36  94  63  96   5  63  52  59  48  79  55  13   7  45   9  43  16  40  62  45  58  26  32  91  32  96  65  41  18  21  22   8   9  22   1  48  87  23  85  61  93  68  69  38  45  70  95  15   8  14  12  19  55  37  93  36  62  88  57  81   2  19  92  47  14  46  13  42  43  91  23  60  98  77  78  55   2  71  30  17  85  71  56  62  84  61   4  61  33  49  47  56  67
  15  63  30  41  52  34  85  27  60  48  62  50  68   6  64  68  43  40  86  30  56  45  17  82   6  30  68  56   5  30  55 100  80  85  67  77  96  57  78  17  55  55  91  17  82  99  61  42  27  67  62  39  95  13  82  47   6  79  47  50  67  38  68  33  20  45  37  10  14  44  20  77  80  49  72   1  88  19  59   8  97  75  72   2  98  52  10  45  48  46  74  29  78  78  70   3  31  45  99  33  41  12  19  68   7  46  29   3  49  35  66   1  41  12  48  39  30  91  58  71  17  18  67  21  60  60  45   7  96  25  79  77  85  39  29  85  41  30  86  26   2  48  10  76  62  68  93  82  56  92  61  37   8  86  74  62  57  85  54  45   8  55  93  96  43  53  44  20  46  38  96  83  92  96  55  16  20  91  47  30   1  67  17   6  86   5  58   9  33  48  15   1  93  19  61  83  18  28  24  98
  94  28  19   5  96  42  73  81  65  11   4  65  22   9  22  17  36  25  30  42  49  85  63  62  73  91  93  93  61  82  11   9  40  72  58  67  33   1  56  87  90  93  24  13  33  56  86  83  18  16  52  48  40  22  77  81  11  32  97  20  90  73  61  54  33  69  24  19 100  56   9  67  43   4  66  76   9  10  95  12   2  56   3  78  50  64  33  27  27  63  49   8  12  11  91  30  50  60  78  66  14  18  74  87  15  32  20  74  29  14  20  49  30  60  73  50  96  71  85  16  95  11  88  91  29  56  95  30  44  74   3  89  42  23  88  77   8  94   3  55  74  32  68   6  90  53  35  76  20  61  38  83  62  38  94 100  16  83  86  36  54  87  12  87  41  99  85  34  25  74  61  85  12  58  22  58  98  24  56  62  15  22  24  93  49  31  88  40  14  38  54  38  41  49   5  19  82  68  58  85
  85  48  61  90  78  99  40  83   5  92  48  53  54  52  64  22  56   2  48  73  26  37  99  58  51   6  61  96  26  65  65  77  57  30  34  61  29  87  50  13   9  50  19  21  15 100  81  39  17  17  45  21  96   4  27  78  39  38  91  44  68  74  91  26  15  44   8  39  38  15  86  93  54  30  96  66  92   6  92   6  28  66  79  62  17  34   4  75  36  54  39  36  82  43  92  71  61  86  87  50  75  41  94   8  71  81  78  60  80  94  97   9  72  29   1   7   1  12  48  91  97  72  32  98  83  13  80  18  30  23  53  34  14  53 100  27   7  86  91  19  93  75  71   2  15  98  11   7   1  94  51  56   1  91  94  27  59  11  76  63  70  52   2  71   1  86  52  45  19  81  52  38  74  78  49  38  29  85  36  63  12  60  68  53  23  25  90  20  31  91  57  38  78  47  80  19  54  64  24  31
  46  63   5  24  49  65  90  51  93  30  26  90  55  45  60  76  64  92   2  49  17  89  92  15  64  67  67  84  33   7   8  24  19  71  16  60   9  89  15  84  52  74  17  77  20  20  10  35  51  52  13  21  50  39  87  96  11   5  45  69   3  23  58  31  82   3   2   8  66  97   5  70  72  54   8 100  29  23  91  76  28  54  27  93  75  94  70  18  21  86  73  80  29  88  61  17   5  76  53  72  86  61  47   2  52  32  28  11   2  70  58  33  89  55  74  47  94  78   5  98  34  54  90  60  52  42  13  26  12  58  74  63  41  92  44  49  62  65  86   4  34  38   4  16  74  19  13  22  45   8  30  35   9  68  91  55  56  27  84  58  17  68  22 100  13  22  98  30  79  73  68  36   6  82  80  94  12  85  55  46  69  87  64  29  23  38  99  15  59  82  72  83  37  33  74  87  35  19  37  13
  26  33  87   3  46  40  25  94  29  93  14  81  44  53  97  96  31  11  51  10  12  65  16   1  90  21   3  66  32  31  45  34  77  57  44   9  71  36  29  55  28  34  48  19  73  32  71   3  28  99  90  92  46  96  41  67   6  67  85  22  54  45  98  66  11  25  79  64  13  65  37  74  39  94  96  62  16  71  57  68  18  66  51  42  53   7  80   7  95  38  45  43  59  36  31  69  16   2  32  78  71  89  98  76  59  14  49   1  41  12  14  42  52  17  78  68  90  19  73  96 100  41  32  91 100  39  86  82  79  19  38  54  24  54  74  13  12   3  18  73   6  94  83  77  93  73  63  17  38  57  24  51  80  25  17  35  47  25  14  93  71  93  89  93  52  90  12  21  32  61  51  48  99  37  55  16  17   1  60  14  11 100  11  66  90  38  85  99  11  96  44  47  64  71  71  82  76  60  87  20
  95  96  56  80  52  94   9  21  93  20  85  19  17  73  60  57  87  12  66  14  25  72  36  74  21  92  32  48  47  70  50  60   9  15  32  80  70  67  87  97  17  19  98  92  15  68  83  28  39  99  11  19  98  70  83  57  66  14  59  17  72  42  77  95  39  46   2  60  92  60  44  81  46  61  42  29  13  98  56  52  83  51  38  15  56  40  11  80  11  19  53  39  71  52  30  93  52  24  22  10  79   6  15  51  97  62  47  67  28  92  99  93  32  69  50  56  90  42  12  27  54  46  19  41  31  10  41  14   2  49  55  16  77  60  25  38  70  68  44  16  11  28  17  43  57  18   4  97  14  68  97  67  81   6 100  40  58   1   2  81  71  97  84  16  57  47  55  38  92  29  71  49  64  85  19  56  78  75  82  91  10  37  16  23  69  46  13  82  41  44  53  58  48  16  61   7  20  65  82  18
  90  34  44  42  51  71  74  64  18  82  66   5  10  67  44  47  57  88  51  67  57   1  90  35  92  45  79  14  81  53  89  91   6  35  31  49  23  95  18  56  39  58  91   7  85  76  73  70   2  27  10  98  34  89  83  18  10  26  33  48  41  78  16  27  32  94  72  62  57  86   7  99  25  19  34  25   7   7  57  44   5  59  30  69  63  28  40  84  58  21  92  50  78  67  91  63  43  90  78  12  77  80  13  21  60  10  69  17  47  65  65  92  81  73  22  87  15  39  89   4  77  41  51  60  11  63  10   2  99  75  31  64   5  16  53  86  87   5  85   9  81   9  42  94  64  38  64  82  91  70  47  53  15  27  88   8  42  44  66 100  94  49  51  79  25  38  45  23  60  89  57   4  42  43  47  84  89  97  51  98   8  32  32  71  92 100  95  87  68  35  29  55  28  52  88  56   1  16   5  51
  72  43  77  76  28  51  24  89  91  77  30 100  70  39  87  41  91   1  62  52  10  74  64  56  68  56  51  13  49  48  73  34  38  95  14 100  36  63  77  82  88  72  42  48  47  57  27  14  60  99  58  13  11  34  66  62  93   8  90   8  49  18   6  18  92  13  84  28  48  29  47  54  88  81  90  86   6  98  47  92  82  72  98  31  27  49   7  97  80   1  39  89  26  13  13  91  65  46   6  24  39  91  95  55  75  43  63  22  57  63  77  67  40  48  96  40  89  95  72  70  43  75  64  91  78  47  59  92 100  30   4  43  43  69  27  20  28  94  20  75  29  10  31  97  79  43  95   5  53  57  30  21  17  30  79  64  26   3  50   8  89  98  29  20  82  41  40  52  75  33  82  40  64  62  58  59  12  58  21  80  41  49  32  16  31   9  30  41  38  70  83  47  67  24  59  76  29  26  46  24
  98  24  81  98  58  17  78  21   4  73  80  33  48  80  23  74  49  51  86  34  16  78  10  84  73  42  36  91  83  68  60  30  73  84  29  79  18  35  26   2  58  83  47  27  96  39  70  33  38  21  15  99  76  45  71  10  31  11  96  91  55  68  30  22  64  47  53  60  85  92  76  80  79  18  99  33  77  58  45  96  34  38  92  89  62  47  68   2  37  60  64  13  24  61  90  95  29   3  36  99  97  82  48  11  35  38  35   4   3  32  41  67  90  99  37   9  24  67  60   4  34  39  21  79  92  84   1  23  25  14  39  98  88  88  45   7  21 100  51  95  15  10   6  55  33  60  24  40  10  94  16  62  53  65  76  91   5   8  28  15  67  58  74  72  54  87  89  17  83  71  31  26  76  70  43  51  20  76  29  55  53  72  77  92  71  10  59 100  74  90  61  94  35  93  28  95  29  14   2  68
  22  59  84  33  48  31  94  11  21  31  78   1  80  75  82  66  84  64  45  18  45  18   9  15  15  97  48  21  58  79  62  79  31  48  61  19  19  65  95  66  18  90  74  62  41   1   9  73  13  88  37  60  99  21  75  50  60  38  82  60  89  69  97  56  10   9  85  29  20  14  13  64   8  48  77  45  83  86  57  86  99  92  36  85  97  44   8  25  76   9  28  15  23  76  55   9  29   9  21  91  44  27  59  57  83  74  42  98  89  21  29  78  98   7  65  38   1  95  88  58  48  77   5  13  68   7  67  29  70  34  70  28  19   6  86  50  64  10  13  12  80  83   9  20  67  49  60  58  85  33  72  51  50  36  92  18  64  94  51  82  26  28  99  73  38  58  92  55  14  47  24   9  85  90  52  70 100  94  89  72 100   4  37  84  58  21  13  23  94  82  14   2  80  16  26  74  19  94  69  47
  46  74  50  58  53  37  59  80  77  61   4  47  77  53  50  75  63  72  91  71  83  75  81  91  54  89  19  45  25  83  22  21  60  85  15  27  83  44  31  63  74  45   6  91  18   3  45  55  53  93   9  80  71   1  54  10  60  50  40  90  12  91   5  74  99  30   5  59  51  26  36  71  21  95  90  82  93  32  99  97  36  21  93  57  83  50  51  18  55  21  49   2  22  40  29  54  12  84  24  57  57  35  87  15  74  87  16  32  46 100  19  57  75  44  85  27  59  32  46  23  76   1  63  24  27  21   3  45  61  25  22  29  88  72  46  96  55  23  11  25  89  17   2   8  87  52   1  10  71  49   5  46  85  50  48  63  16  60  55  12  37  79  16  12  11  20  49 100   2  40  21  74  56  74  46  45  57  97  65  76  45  44  74  29  48  85  91  48  55   9  15  22   2  82  23  36  13  12  79  23
  84  23  97  99  78  97  68  22  31  37   9  35  43  26  30  82  26  52  62  98  57  39  88  12  58  50  39  30  16  59  78  87  49  10  77  40  45  87  89  52  25  51  49  90  50  20  17  44  90  45  93  90  76  91  66   1  53  53  88  74  66  10  72  56  87  45  70  27  56  24  91  53   6  48  36  88  89 100  76  21  24   1  34  56  14  96  30  14  48  42  80  71  79  44  59  99  91  50  71  97  49  79  33  34  31  15  80   3  40  43  22  62  18  29  70  78  13  31  27  95  37  70  39  83  39  92  96  40  89  76   1  22  68  82  59  95   1  86  11  30  61  93  28  46  52  41  86  99  72  63  21  62  49  21  89  75  96  20  64  58   7   6  98  64  35  77  48  22  37  21  63  80  85  77  57  89  36  10  28  66  34  12  44  88  50  65  78  35  35  39  97  20  95  35  57  83  87  22  72  24
 100  12   4  65   4  45  30   4  27   2  28  67  11  33  69  73  82  32  71   3  77  22  80  64  82  57  27   7  31  20  45  10  11  95  37  23  20  44  67  14  13  19  86  61   6  14  49  99  72  34  36  14  74  55  36  63  42  36  67  49  73  82  99  27  73  35  65  43  91  68  88  18   4  40  91  48  56  65  95   1  33  44  66  97  72  18  71  40  86  50  23  53  75  36  48  44   7  93  55  38  20  53  57  84  88  15  19  20  51  80  77  57  52   4  68  54  72  72  26  18  88  93  30  55   8   8  18  83  16   7  40  84  11  33  96  22  43  45  38  79  75  77  14  12  70  73  43  88  70  56   8   2  60  43  43  50  54  30   3  78  30  82   2  18  18  30  94  96  38  72  43  66  35  23  45  21  86  93  96  62  10  83  67  11  91  46  43  21  71  65  79  75  48  17  58  92  35  96  52  81
  83  68  35  28  94  60  46  50  48  57   8  82  49  93  64  27  59  39  46  49  56  14  39   4  26   1  43  46  37  70  41  90   5  56  30  72  85  46  32  35  96  15  19  23  17  11  20  68  13  21  37  59  21  49  59  23   9  56  10  81  82  30  63   5  42  13  86  76  53  55  68  38  66  67  54  43  31  23  19  47  58  90  90  12  50  65  62  78  88  56  21  75  67  66  58  88  97  14  98  59  62  98  19  95   2  19  30  25  94  15  75  59  44  90   5  46  93  18  83  85  42  86  65  19  77   7  73  88   5   1   1  92  89  32  63  91  14  52  44  85  97  45  47  86  31  77  40  50  65  25  30  35  27  75 100  19  16  76  61  30   4  98  78  89  33  43  69  56  66  15   6  79  44  45  83  86  69  47  91  84  20  37  26  96  22  45  52  77  12  93  83  96  25  74  83  52  54  34  71  54
  87  35  43  14  46  16  14  72  55  62  83  12  47  38  46  97  86  16  29  16  80  15   5  12  26  26  30  94  48  83  40  80  69  30  62  59  14  79  24  13  80  91  31  52   4  79  95   4  36  70  32  78  45  11  71   2  11  52  17  82  37   2  29  16  71  13  71  56  54  97  64  51  28  44  15  42  80  19  40  39  24  54  97  91  81   8  64  16  14  26  55 100  75  50  38  34   6  45  28  28  99  84  31  79  13  75  96  73  59  59  52  77  26  43  46  81  96  76  47  16  77  43  65  62  27  57   9  42  19 100  55  96  47  92 100  13  23  10  23  49  87  50  19  38  13  22  44  57  85  15  39  59  63  83  27  11  56  26  81  15  87  58  46  94  41  39  88  70  13   8   7  73   9  16  41  26  28  19  49  39  62  66  66  19  73  94  27  26  14  74  50   5  34  40  18  96  71  43  36  99
  31  79  73  79  62  28  39  45  39  65  71  88  99  46  74  76  33  28  16  72  80  74  52  44  11   3  93  44  90  40   1  44  76  50  71  61  94  46  32  11  96  98  93  38  67  36  32  12  49  96  81  79  59  38  14  94  83  31   3  83  17  67  84  16  77  59  21  89  18  35  91  84  56  99  70  52  63  98  57  73  48  76  64  22  56  98  97  32  39  32  29  77  93  71  88  45   3  28  11  23   6  39  48  71  20  94  16  62  73  10  98  16  35  25  25  44  73  12  80  26  31  52  17  79  81  36 100  61  15  22  14  90  86  90  59  53  68  87  51  60  65  70  25   4  62  86  47  25  49  31  81  64   7  15   7  14   1   2  33  11  21  25 100  38   1  79  97  84  62 100  22  54  87  37  13  64  86  81  57  26  63  45  64  42  72   9  96  34  36   1  22  22  41  82  49  37  80  61  32  13
  24  36  12  16   4  14   7  36  37  76  34  51  29  34  36  47  49  51  41  63  68  21  62  95  89  67  57  65  66  51  39   5  50  90  34  39  87  66   3  94  45  47  71   9  84  75   8  16  53  12  45  80  48  85  49  95  74  93  76  94  18  32  80   5  87  50  97  75  73  61  22  48  82  91  68  72  86  76  66  45  34  51  60   6  49  49  64  47  54  45  27  94  62  78  81  19  19  62  86  42  85  34  50  12  23  32  37  77 100  96  29  21  73  42  51  37  28   6  56  15  49  15  45   1  52  31 100  42   4  25   2  13  30  45  19  21  52  93  47  69  44   6  15  16  64  93  29  68  51  50  23  93  86  22  92  87  84  67   3   3  97  39  93  60  29  34  81  63  11  86  18  69   3  34  20  56  98  39  91  90  49  81  12  81  27  35  97  82  61  31  72  88  18  76  38  31  79  74  10  24
  28  40  71  46  57  67  75  91  35  65  19  28  83  34  31  22  50  74  64  54  49  49  39  48  31  33  11  74   4  40  31  50  91  36  78  94   4  77  69  52  44  45  31  43  15  25  42  53  50  40  51   8  15  95  80  89  68  26   6  51  17  40  50  78  80  79  22  79  78  15  24  91  62  66   7  60  54  26  36  87   9  53  79  44  80  40  92  61  40  45  95  62  82  73  12  44  81  95  90  56  67  11   8  54  76  51  42  47  52  46  48  63   8  49  83   1  33  45  92  74  45  96  62  13  76  82 100  66  58  49  58  47  10   5  89  15  35   6  83  63   5  93   7  89  75  84  48  81  29  14  50  24  34  67  10  38  87  41   8   6  94  59  37  59  27  72  28  70  87  71   2  79  79  25  66  59  45  78   6   9  15  97  97  59  91  55  53  54  82  77  63  61  66  87  61  99  53   3  29  20
  95   4  33  68  81  46  83  46  75  92   2  74  91  18  97  62   3  54  31  66  46  76  11   6  87  38  69  56  21  69  89  32  69  73  61  73  46  65  38  27  70  44  82  89  68  56  46  24  91   9  51  17  98  16  28  15  54  59  22  62  27  38  24  98  22  35  84  81  95  57   4  89  79  67  39  65  20  55  35   4  29  54  87  38  94  20  50  16  57  14   3   6  92  40  69  45  75  84  62  57  85  79  54  16  50  79  57  83  35  93  26   9  50  18  53  72  38  76  36  69  14  72  44  29  26  91  39  84 100   2  26  17  82  87  92  32  23  53   7  38   3  14  97 100  78  77   2  45  70  18  50   7 100  74  39  49  41  83  38  90  99  33  97  64  41  59  81  83   3  49  53  68  94  19  13  31  58  14  69  57  46   3  91 100  46  71  29  92  90  34  87  56  52  10  12  52  36  12  87  34
  32  55  50  55  67  44  84  42  35  44  55  82  15  82  46  78  23  61  43  98  63  60  12  58  73  32  60  93  69  64  64  24  50  11  40  46  54  65  88  47  20  93  57  92  36  24  30  41  49  56  20  15  60   3  60  27  44  13  81  15   2  13  32  47  23  23  75  95  10  24  60  43  78  68   2  57   9  47  78  95  25  83  11  52  28  38  85  19  43  86  69  14   4  71  80  47  19  63  45  76  35  91  56  59  28  15  69  99  27  99  95  88   3  93   8  69  74  15  52  74  91   1  87  97   9  54  38  62  95  29  54  11  76  20  71  40  91  74  37  66  22   1  63  75  15  90  55  51  29  84  42  95  68  93  42  47   2   1  77  20  50  32  38  14  31  47  49  25  62   8  90  55  49  38  37  99  52  72   2  57  58  87  97  83  98  82  27 100   8  31  45  51  62  25  95  84  63   2  25  16
  74  53  20  63  58  30  16  61  50  71  66  47  37  16  74  23  10  36  81  43  77  39  67  36  57  15  61  28  73  26   5   2  29  21   9  67  28  74  24  32  35  30  26  92  55  92  64   5  40  45  86  42  45  55  64   6  51  94  42   4  82   7  18  37  47  73  69  73  17  99  73  78  63  99  77  80  99  15  33  54  23  65  93  61  45  30  67  59  83  92  79  17  92  94  66  78  14  86  22  38  66 100   3  97  10  79  93  53  91  12  26  52  64  41  33  18  40  59  12  11  52  83  94  92  87  91  96  88  55  78   3  11  11  89  83  99  67  23  81  96  64  18  19   3  98  60   5  46  35  89  32  87  56  43  19  29  99  48   3  10  52  27  75  73  83  84   9   9   2  33  95  17  93   2  98  44  86  32  13   9  21  35  91  53  96   3  56  46  19  19  18   7  47   7  83  76 100  51  33  73
  93  90  92  98  87  76  84  94  71  76  45  62  77  96  41  89  36  45  93  14  24   9  17  93  98  99  20  49  56  12 100  71  87  25  54  61  46  71  38  52  36  74  46  43  16  41  75  48  35  44  71  13  28  54  28  55  75 100  13  43  17   1  31  65  11  95  46  30  22  63  11   5  75  92  22  95  63  27  94  16  34   7  19  61  81  82  33  34  60  99  63   6  89  25  87   9  45   7  22   4  85   7  44  32  82  74  85  50  95   7  88  23  79  12  44  82  54  25  18  21  98  94  34  20  66  50  79  41  26  31  65  69  57  11  25  15  68  74   8  73  47  62  86   7  97  22  63  79  94  39  37  94  25  69  47  29  35  43   5  21  63  93  35  31  88  18  34  89   7  78  64   7  18  67  12  46  27  36  76  40 100   7  99  84  55  20  35  23  66  25  20  54  42  85  13  12   8  61  52  71
  46  31  30  67  89  61  69  62  33  54   9  53  64  57  26  87  71  63  28  88  84  22  35  17  48  28  63   3  11  15  11  39  87  96  30  73  69  83  30  40  61  37  39   8  38  64  23  44   2  39   5  84  34  72  49  68  25  45  49  88  31  87  25   8  75  93  19  14  81  79 100   6  23  50  31  21  46  55   7  15  48  87  66   9  24  15  99  51  79   1   7  51  19   1  76  65  75   9  99  21  93  32  26  19  17  75   1 100  91  80  86   4   5  24  24   4  36  89  93  47  77   8  37  43  45  70  13  46  78  48  68  74  93  85  35  92  76   3  61  41  91  49  97  68  85  63  14  65  23  54  97  96  21  15  67  82  17  20   8  87  31  98  29  32   7  49  48  61  33  32  18  28  82  58  42  43  85  28  17  83  89   6  21   7  90  47  32  65  77  58  37  30  61  56  92  15  80  92  49  98
  97  41  71  66  46   5  49  40   4  36   3  89  11  33  61  78   2  14  74  81  22  91  69  17  16  85  75  86  48  32  36  37  20  79  26   5  45  18  44  46  90  63  94  32  83  34  88  81  17  38   1  48  61  91  44  55  26  86  78  82  75  73  85  56  81  14  17  94  57  58  11   6  20  46  20  50  52  11  78  66  90  94  45  79  75  86  71  84  78   1  47  17  30  55  10  87  98   7  49  63  17   4  50  54  53  74  10  18  20  16  54  18  69  18  17  43  91  88  54  44  67  83  73  53  26  17  76  90  42  62  81  85  76  80   4  81   3  54  45  28  35  70  73  66   7  99  90  74  57  15  73  49  23  84  60  40  28  59  29  97  70  97   6  38  58  68   3  42  34 100  69  94  53   6  27  31  75  93  54  34  43   8  35  50  46  93  83   3  89  36  76  70  61  66  62  89  41  70  94  14
  35  34  42  40  97  13  56  16  82  87  67  58  25  87  63  63  42  97  17  22  32  22  50  45  75  33  16  58  14  71  55  60  38  71  50  91  56  42  31  62  97  64  69  38  94  71  52  47   1  28  21  10  61  40  44  24  66  91   7  24  79  39  76  10  24  57  35  94  78  19   3  99   6  23  95  99  41   9  71  50  41  24  38  79  40  25  28  44  90  49   4  37  77  43  52  34  13 100  74  60  18  91  23   9  54  17   1  14  41  20  92  40  16  29  70  34  51   8  11  40  57  78  79   2  22  14   5  69  79  95  67  10  47  34  99  84  21  96  60  52  56  27  68  90  21  35  45  71  16  22  15  56  13  76  61  69  77  91  48  23  87  72  77  25  50  23  44  45  48  28  95  85  22  93  77   6  45  51  79  69  54  15  98  28   1  57  85  12  91  67  19  57  94  54  52  70  90  98  63  75
  16  36  11  32  62  69  62  42  88  62  35   7  75  96  25   6  55  73  14  96  30  61  50  45  59  79  60  57  80  75  32  80  86  67  69   4  85  69  85  33  72  55  34  33  57  71  39  42  10  30   3  54  61  36  42  89  95   2  41  19  11  65  61  92  12  81  42  53  20  71  82  44  33  72  67  54  65  86  80  70  63   3  94  95  46  27  40  25  19  72  36  17  11  52  10  29  16   3  32  67   4  21  82   5   2  99  86  17  93  20  34 100  98  51  14  57  29  81   3  72  81  27  60  11  93  25  33  84  27  98  40  59  87  15  97  28  71  63  82  77  72  43  56  21  99  81  52  18  83  59  68  95  34  63  92  59  28  49 100  95  77   4  39   4  37  21  20  49   6  52  99  10  64  43  11  54  26  19  72  87  48  16  83  94  46  78  43  92  39  84  17  49   7  87   3  34  65  47  84  95
  74  20  91  52  46  86  22  97  76  78  44  41   1  16  61  67  48  47  26  21  84  30   2  67   5  56  40  48  16   4  65  98  25  47  85  36  78   6  47  88   6  40  70  21  47  35  38  55  88  19  82  94  96   5  71  28  61   5  14  30   2  33  39   2  81  59   1   6  63  67  23  15  96  63  52  41  83  32  44  44  28  83  53  72   1  10  97  61  67  17  82  86  51  41  74  77  90  11  94  43  40  85  10  93  68  39  73  41  22  64   4  47  56  81  65  46  27  92  80  98  97  75  39  65  23  91   5  88  96  24  88  54  66  66  87  63  91  85  16  97  97  55  83   5  75   9  81  81  97  88   6  33  64  34  94  52  28  84   7  63  97  43  31  16   2  81  94  37  88  92   2  90  99  63  89  93  81  45  70  75  59  73  18  14  89  43  59  73  97   7   1  26  50  68  90  48   8  21  36  60
  34  25  13  76  15  79  70  61  83  99  36  44  44  44   2  68  36  56  45  72  36  90  92  55  77   7  55  94   4   6  67  38   2   2  89  99  52  40  52  89  18   8  70  75  57  79  47  67  17  90  95  51  92  66  79  44   2   3   9  55  90  52  17  28  24  52  77  76  77  45  71  35  88  41  85  38  12  51  75  12   8  34  59   9  85  62  89  11  93  99  16  72  90  22   3  48  26  12  32  28   4  41  89  17  35  67  33  47  50  63  11  38  74  71  70  23  76  35  93 100  97   6  80  25  69  32  52  95  76  68  27  16  81  92  86  49  85  81   1  16  11  79  92  80  36  21  51  18  36  87  91  68  49  50  62  13  79  25  64  23  32  37  38  76  97  41  22  83  96  43  99  16  26  20  90  71  22  70  11  80  19  61  56  31  77  21  16   8  42  53  56   7  14  28  52  26  21  44  91  76
  42  11  43  38  81  15  24  37  30  96  40  48  79  72  60  96  83  29  12  75  59  28  35  50  19  62  76  71  80  27  32  79  68  82  55  87  90  33  71  79  92  29  37  44   9  24  65  27  40  14  38  42  90  46  14  90  83  79  62  40  40  98  67  81  55  88  12  69  96  17  44  60  29  70  77  31  76  69  75  20   2  34  76  37  98  49  70  59  34  83  26  32  89   2  55  31  66  47  55  91  74  15  51  51  30  42  24   4  28  35  70  53  53  61  72  81  11  59  12  50  58  53  79  36  98  62  20   4  32  57   5  22  21  73  74  30  41  40  67  73  95  44  30   8  69  76  13  41  53  41  71   1  56  36   4  80  33  35  56 100  52  11  39  28  92  45  46  88  18  52  18  52  75  69  15   3   8  86  54  26  57  67   4  66  31  92   8   2  20  61  75  32  74  17  60  72  60  54  78   7
  63  13  57  25   8  95   5  83  87  54  20   4  10  99  75  35  55  56  10  46  80  20  25  21  19  21  10  29   8  38   7   9   5  75  49  55  23  79  16  35  14  30  93   3  10  99  65  33  33  41  72  47  49  98  21  28   6  62  21  41  48  36  44  58  54  76  18  61  17  33  71  45  56   7  93  21  15  98  99  73  63  52  99  44  99   4  76  48   8  21  23  70  28  79  50  63  98  90  37  58  62  39  98  38  91  58   3  10  62  13  22  68  34  99   4  83  70  25  45  95  50  58  80  68  18  62  79  98  34  92  42  34  11  37  55  51  94  97  20  72  65  21  63   9  89  75  29  70  49  35  88  89  98  93  75  25  59  63  41 100   4  77  79  51  94  28  62  57  43  42   9   1  79  36  37  29  66  67  62  93  54   6  55  60  38  11   5  80  35  71  62   5   1  80  67  67   6  33  21  89
  43  87   1  74  89  71  17  33  11  89  59  82  32   4  42   8  32  82  90  15  29  26  24  36  53  97  47  69  94  82  16  46  91  86   7  57  95  58  39   3  70   2  28  30  71  75  86  82  86  88   7  68  57  90  66  97  65  51   8  68  59  71  91  29  60  46  37  17  70  96  11   1  57  72  97  53  73   5  68   5  62  18  87  63  99  44   2  89  42  60   7   9  72  10  12  65  41  40  84  63  55  27   8  15   9  12  88  71  16  33  56  86  50  76  30  24  62  91  49   7  21  71  67   7  23  77  42  29  40  72  19  50  68  32  44  25  70  23  71  95  52  21  88  60  78  38  64  60  96  26  15  64  12  29  92  81  74  99  47  64  73  37  77  66  61  14  87  87  86  54  53  65  11  72  43  89  89  92  97  87  94  52  74  64   3   2  81  58  46  82  16   7  80  10  13   7  48  97  91  40
  44   8  20  85  31  61  73  16  42  63  97  69  64  22  83  46  33  43  55  27  10  20  94   1  21  61  16  48  22  58  66  70  91  34   7 100  56  20  56  37  98  71  77  93  56  51  11  57  99  54  80  83  98  21  81  94  31  20  13  36  62   4  41  94  43  33   7  50  16  99  44   5   3  56  10   8  11  90  19   8  30  91  58  95  55  47  27  29  45  49   2   8  27  31  62   1 100  25  96  77  61  19  72  93  56  43  94  34  73  23  33  91  46  32  57  33  84  62  69 100  48  55  11  28  15  30  52  86  52  81  29  77  44  71  80  30  27  17  82  97  31  43  63   7   2  85  26  62  69  58   7   3  64  55  84  17  83  32  87  36  11  61  38  43   6  46  27  63  36   5  10  34  46  80  38  83  33  84  99  60  45  11  61  78  60  52  18   8  26  61  38  84  13  83  61  85  33  67  29   8
  90  65  21  43  37  46 100  10  96  43  17  53  83  20  74  86  65   4  37  23  28  35  18  35  75  96  11  37  47   1  36  39  57   3  67  20  13  22  38  17  97  89  94   5  56  40  22  13  60  63  82  12  12  57  35  62  34  29  77  29  58  25   5  38  89  66  72   5  39  57  35  55  88  24  59  99  37  80  46  71  62  50  80  87  65  59  63  79  42  84  29  67   3  62  41  24  18  85  25   6  40 100  13  72  83  67  63  70  56  10  83   4  17  36  43  13  48  78  85  79  75  40  95  75   5  97  25  79  14  90  45  65  77  43  59  73  37  24  71  73  87  29  55   7  90  54  95  55  73  91  57  41  10  30  56  22  55   9  52  14  35  99  29  19   7  13  22  68  74   5  11  85  37  57  20  94  93  12  15  24   5  29  33  72  88  26  66  22  81  87  89  98  83   4  23  89  36  71  90  44
  10   4   1  27  30  24  68  92  20   3  85  61  81  47  62  57  23   7  50  32   1  73  63  19  23  30   7  44  74  80  10  84  75  37  16  80  38  80  24  15  58  70  25  67   3  61  68  37   8  13  27   2  53  42  66   9  73  10  84   2  91  15  73  13  70  44   9  40  94  39  44  38  31  54  49  48  60  41  88  32  58  20  33  30  25  37  44  56  18 100   8  72   7  91  67  44  54  80  23  28  20  62  70  83  64  60  13  20  65  48  68  24  27  67  39  87  16  15  32  15  68  82  31  44  99  36  77  52  72  49  93  50   1  59  33  43  85  21  89  73   6   1  54  75  12  46  16  96  33   6  80  68  94  63  31  53  14  20  19  12  16  17  75  74  27  16   6  70  77  88  85  12  50  36   1  37  34  79  54   4  52  75  32  83   4  55  84  58  13   3  22  71  11  77  15   8  12   2  38  76
  29  31  44  48  94   1  47   5  55  78   9  26   6   1  33  87  66   8  21  20  69  63  65  46  30  80  62  61  55  26  71  23  19  67  34  11  60  33  37   3  14  11  84  64  57  23  65  92   7  12  35  56  85  87  80  37  51  66  77  55  89   8  53  58  22  61  30  68  86  79   1  61  28  62  17  56  14  52  81  94  31  41   2  56  95  22  26  93  25  26  68   2  12  73  20  71   1  51   4  32  98  67  98  53  86  49  19  66  55  48  73  53  61  26  91   8  36  24  65  72  64  69  74  47  63  20   3  52  15  24  37  31  17  33  11  73   5  44   4  29  37  78  55  27  78  38  59  57  36  22  69  56  98   9  30  28  20   9  91  60  93   9  54  17  16  38  20  30  23  67  18   1  60  11 100  15  36  97  14  31  97  78   2  14  23  69  65  62  42  36  38  17  31  70  28  66  80  61  21  65
  78  11   5  57  23  93  88  21  88  15  84   1 100  17  11  50  88   8  47  23  72  16   1  32  30  61  99  51  83  37  39  25  85  83  45  27 100  76  68  89  91  90  16  30  26   6  53  41  17  40  80  87  23  72  14  99  66  44  35  60  47  67  55  23  79  95  17  34  15  54  91  22  20  41  85  65  43   7  67 100  80  36  36  92  38  97   8  62  52  28  15  92  66  74  57  73   6  41  52  71   4  55  81  10  80  86  38  88  88  23  53  20  28  14  35  86  92  18  36  53  54  38   3  11  78  55  49  29  41  37  53  62  37  43  75  71  37  39   6  41   1  98  24  17  76  71  60  94  63  11  25  11  72  94  74  76  72  92  51  61  22   8  28  68  71  19  76  65  97  12  29  15   9  32  74  74   3  32   5  66  12  90  90   4  88  65   9  74  81  34  90  30  90  38  98  58  76  59  74  85
  28  75  80  87   4  28  18  75  96 100  21  69  47  15  30   2  91  71  21  37  33  67  99  13  84  83   4  74  38  63   1  21  66  99  46  10  45   1  44   4  74  79  98  75  79  80  99  67  91  21  66  98  82  61  15  61  44  50  67  54  45  21  57  48  45  47  43  88  51  32  70  45  48  89  13  36   9 100  55  95  93  88  89  12  68  26  10   6  24  69   7  24  33  36  52  55  59  59  42   7  77   4  57  80  48  77  64  12  49  80  35  83 100  57  50  43  83  49  94  25  18   5  65   4  28  48  39  82  48  89  35  68  16  90  78  93  33  43  75  52  42  16   9  98  68  28  99  66  10  34  80  97  84  69  83  72   4  53  83  86  81  12  70  19  24  42  38  83  50  75  64  82  56  17  13  43   2  63   5  43  16  69  95  58  69  61  88  22  16  33  24   1  74  78  82  50  12  50  92  43
  50  95  29  92  54  51  68   4  19  71  16  11  87  58  76   4  24 100  94   7  37  85  65  60  93  20  61   9   2  66  92  71  43  43  85  97  94  56  10  12  83   1  76  72  28   1   7  46  44  62  94  84  90  70  58  83  73  49  88  79  53   6  37  43  17  91  90  71  99  49  61  14  25  96  31  38   5  45  51  11   8  24  19  21  47  65   8  12  96  15  65  82  47  59   8  96  23  74  96  39  18  64  51  49  29  97  91  82   8  80  14  25   1  83  76  95  49  19  58  48  90  82   8  10  56  59   3  24  96  53   1   7  78  53  99  16  68   1  81   4  79  66  24 100  64  96  22   2  86  94   1  42  20  99  54  97  39  59  21  66  14  19  60  18  81  77  38  53  84  10  31  42  92  45  23  68  63  47  50  29  93  33  31   3  95  83   8  88  65  43  36  50  29  98  21  43  55  38  73  35
  40  40  62  18  76   3  54   3   4  39  73   1  58  84  76  54  30  22  61  82  30  93  62  57  19  93  60  76  70  94  80  35  59  94  62   6  73  63  10  88  32  15  71  30   3  49  30  67  37   6  99  39  50  97  72  56  98  18   5  90  23  98  85  75  74  44  16  26  92  64  46  21  83   2  44  14  17  44  87  18  50  82  89  38  81  33   5  36   8  42  34  89  93  78  28  57  85  75  62  41  94  11  50  79  60  91  33  91  57  90  27  65  12  97  53  28   9  57  47  35   4  64  61  66  44  64  40  65  32  14  95  44  77  57  69  64  44  29  97  73  69  83  87  29  97  29  41  85  88   2  11  85  25  75  23  99  17  18  42  48  20  45  30  63   1  43  69   2  71  10  45  78  76  42   6  91  49  32  28  97  83   3   4  65   9   6  98  24  94  73  99  54  58   8  46  38   6  90  25  37
  59 100  59  16  12  32  44  58  35   6   4  10  28  31  29  73  69  73  11  81  74   2   1  81  75   6  24  69  54   6  95  86  90  42  83  77   4  21  73  16   8  20  35  65  67   4  99   5  54  22  10  26  15  40  34  11  44  80  79  59  65  66  83  66  63  41  41  15  60  63  41  72   4  57   8  87  19  36  77  22  13  95  39  70  73  73  96  70   9  67  39  88  95  70  21  74  93  92   8  18  17  84  14  61  48  72  84  17  51  48  14  96  31  76  11  81  46  81  38  74  57  34  11  71  37   7  67  16  60  23   3  15  12   4   5  72  63  14  90  66  78  14  93  49  54  82  82 100   5  13  13  36  43  83  23  48  50  30  37  11   9  99  38  80  14  77  96  77  34 100  97   7  40  52   5  55  94  33  27  72  18  47  35  17  15  40  21  61  55  92  82  59  33  85  31  41  83  66  67  70
  28  79  69  63  53  67  17  79  16  49  22  91  36  43  31  96  93   7  45  71  65  61  23  69   8 100  97  22  64  90  94  58  98  98   8  29  57  77  40   9  89  43  53  64  11  60   1   7  15  78  11  84 100  81  74  38  94  99  70  86  20  47  75  90  11   3  72  41  44  20  68  42  29  69  22  19  65  41  49  42  53  58  33  74  87  41  55  87  67  85  36  48   2  22  81   9  18  23  56  46  58  72  89  25  57  61  61  98  29  32  71  56  83  18  51  61  14  34  81  88  28   8  57  92  15  40  95  55  83  79  72   4  45  53  60   1  85  71  73  94  27  45  17  48  14  71  30  40  88   4  26  70  64  25   5  47  81  36   1  73  31  10  91  15  48  98  17  18   7  20  79  28  21  16  24  68  65  53  44  34  33  39  14  54  94  67  76  58  76   5  87  48  77  74  17  72   2  15  14  38
  98  63  21  31  87   8  34  10  83  10  21  10   9  54  15  26  57  12  98  71  42  81  58  57  48  85   2  95  17  46  67  77  64  64  40   5  36  64  84  42  78  57  14  52   5  74  37  46  68   8  45  17  54  49  77  80  43   6  18  45  57  15  58  44  74  75  92  24  30  24  94  79  23  17  23  53  72  60   3  33  66  96   7  85  84  46  70   6  40  49  53  86  58  88  56  67   9  47   3  44  80   4   9  86  78  50  56  61  73   3   4  72  14   5  30  75  26  13  13  95  85  39  66  95  64  89  47  91  50  54  22  79  82  95  91  76  63  10  66  97  69  19  47   2  99  12  16   5  42  68  23  46  98  26   1  34  86  95  70   7  48  46  88  76  48   1  37   2  17  43  12  29  86   8  34   1  76  66  88  10  77  64  94  80  21  74  19  84  19  27  48  81  33  24  21  29  41  98  54  40
  23  73  58  68  20 100  97  36  59  62  71  46  81   6  77  51  22  71  72  36  16  30  69  76  90  47  53  23  31  48  28  35   5  53  85  42   1   5  90  42  51  82  75  61  95  35  80  80  59  93  45  57   7  66  60  73 100  99  22   6  12  65  88  30  16  51  10  59  81  10  41  85   8  16   4  89  68  98  66 100  73  83  42  32  83  12  65  40  30  73  97  97  40  52  87  22  67  21  39   7  17  30  58  22  21  85   8  57  45  89  34  91  28  95  29  45  45  12  73   3  87  61  80  90  67  91  47  99  70  30  31  55  18  67  92  88  95  54  36  41  78  61  10  82  43  74  19  98  49  13  87  20  11  57  84  21  92  79  20  45  81  56  46  67  11  48  95  63  85  76  27  18  68   3  56  15  19  42  91  55  64   5 100  26  39  95   6  73  72  77  51  42  60   5  74  98   6  24  18  81
  47  92  34  10  76  99  69  52  60  52  19  72  33  49  74  41   1  13  79  80  36  71  80  31  68  70  18  66  54  59  78  49  87  27  11  80  17  46  75  51  45   3  50 100   7  37  58  93  38  25  98  47  59  42  86  34  87  96  28  68  16  63  46  51  80  13  68  91  37  79  84  70  57  53   8   7  37  33  73  84  82  85  56  12  28  64  79  24  10  47  33   5  14  64  82  46  66  95  12  76   6  76  98 100  75  45 100  12  97  12  92  32  62  24  44  27  78   5  95  13  83  38   3  64  59  48  22  12  26  28   8  59  75  38  38  10  87  47   5  76  80  55  38  28  86  48  43   1  42  63  94  83   2  82   9   2  27  44  10  45  65  85  66   1  29   6  65  91  12  74  29  40  92  77  39  33  44  77  40  40  46  58  91  87  80  48  63  43  30  79  38  56  50  51  86  45  22  37  84  86
  80  14  73  70  20  85  89  70  78  57  17   6  52  42  49  90  68  22  92  30  57  47  60  25   1  41  99  60  37  53  41  80  75  46 100  96  47  89  44  25  83  64  40  41  30  14  43  29   4   7  49   4  45  82  82  89  22  73  86   5  54  53  39   1  42  52  32  45  20  43  52  42  89  78  56   8   5  24  36   1  27  75   4  61  97  74  45  30  43  56  66  54  59  96  84  98  75  33  51  49  41  81  67  84  18  37  73  40  10  97  88   6  98  67  24  71   2  81  48  97  51  88  23 100  64  56  57  54   9  40  98   7  31  42  90  75  73  97  87  11  56  34  82  34  57  41  52  77  31  70  93  92  88  72  90  69  71  30  41  41  24  32  96  21  92  36  89  98  16  35  53  78  78  26  84  87  46  61  57  70  69  38  74   2  65  26  33   6  30  50  65  69  36  19  11  32  23  21  81  34
  80  59  68  85  55  10  86   3   1  67  57  24  76  55  32  49  23   8  70  84   1  81  73  56   8  25  40  60  49  45  12  70  24  91  75  45  62  11  69  73  54  86  85  37   9  82  65  81  60  78  96  22  13  16  70  66  23  41  65  14  55  49  32  24  40   1  39  79  15  78  28  23  85  34  98  84  39   3  27  42  54  74  23  26  38  63  92  76  51  84  82  20  35   1  56  77  91   5  12  37  20  68  74  22  54  32  17  91  76  45  81  16  65   9  24  47  33   2  97  19  28  58  17  65  69  76  84  25  15  89  89  45   3  75   6  32  27  83  66  72  28  27  19  53  59  90  50  21 100   6  38  18  82  15  89  69  18  15   8  33   4  72  33  35  93  75  81   9  34  25  35  77   7  38  29  57  84  88  97  96  66  63  77  46  26  41  53  79  22  94  21  83  38  95  10  68  84  32  27  99
  14   1  63  20  87  79  68  17  37  64  51  89  40  88  91  81  58  23  48  11  26  27   3  81  20  27  38  79  79  15   1  43   5  58  23   9  55  83  49  78   1  50  31  54  83  73  11  34  73  25  53  61  90   7  73  75  11  23  33  78  34  28   7 100  51  11  44  28   9  68  86  21  96  46  41  31  70  36  85  56  62  25  80  24  86   6   7  15  45  91  71  59  24  67  65  46 100  75   7  12  78  82  63  40  61  37  28  35  84  20  25  29  36  43  62  86  16  73  94  82  90  34  72  60  51   6   2  34  52   8  72  61  17  10  60  15  49  28  96  21  50  91  42  58  59  90  75  98  94  19  89  75   3   6  23  46  82  52  43 100  77  66  15  68  48  96  53   3  53  38   9  16  90   9  62  58   5  53  79  82  60  54  58  24  19  88  80   8  13  72  30  41  72  80  59  60  57  27  81  68
  74  74  60  12  37  54  56  48  56  16  30  28  83  85  90   8  53  63   7  99  44  32  91  89  76  25  55  53  79   8  78  46  22  13  70  89  61  25  89   5  62  26  73  39  88  75  84  76  95  75  43  15  65  16  16   2  86   7  53  12   8  92  20  19  60  91  87   8  22  23  72  58  75  30  42  20  60  19  54  69  22  69  39  52  90  19  46  64  80  21  65  31  70  13   1  27  62  99   9  79  40  54  44  54  54  94  49  66  77  71  40  10  19  25  85  36  25  14  51   9  69   3  39   3  20  13  55  13  14  10  34  23  93  98  47  40  58  97  32  74  93  89  84  31  64  89  85  62  79  12  47  27  24  21  94  42  28   2  68  16   7  20  43  59  66  59  49  26  69  41  45  81  73  34  84  25  66  86  38  79  93  79  62  12  25  87  89  76   4  91  87  77  84  43  55  80  54  97  87  68
  79  69   9  62  41  74  52  53  93  14  77  74  72  60  98  95   1  10  96  93  81  11  64  59  88  25  28  72  86  26  45  12  59   2  15  79  44  39  76  87  36  36  42  65  94  24   9  57  57  87   5  78   6  38  65  48  96  96  78  95  23  35  78  63  88  88  81  13  42  50   2  76  62  29  60  96  77  66  62  60  67  39  37  66  79  55  63   7  50  42  34  93  16  40  75   1  22  46  98  52  26  10  59  85  90  77  77  27   4  11   8  16  67  26  61  14  65   6  53  56  65  50   4  63  58   4  60  61  96  93  15  62  69  27   6  24  15  83  67  80  15   9  73  64  18  74  51  48  66   7  91  65  36  28  64  83  55   8  40  70  57  36  26   8  40  89  11  78  32  36  34  94   4  94  62  10  97  78  70  19  18  11  96  52  96  21   8  39  61  67  44  80  82   9  25 100  76  87  91  82
  21  28  65  51  99  80  74  74  46  53  18  59  61  42  44  38   3  67  41   2  80  50  97  40  89  41  73  42   6  20  46  31  48  22  30  92  75  20  47  54  16  88  78  66  49  46  99  34  92  59  70  95   1   2   1  43  57   8  22  69  90  50  91  40  42 100  89  97  87   2  11  39  16  37  14  76 100  23  66  40  92  60   2  27  72  53   5  38  48  79  79  48  53  40  48  85  29  25  27  59  47   4  76  56  19  32  31  95  79  35  66  56  48   2  91  54 100 100  68  26  27  25  84  77  45  98  61  57  64  22  87  81  35  92  21  55  57  91  61  74   3  32   2  11  34  83  79  24  16  34  57  19  81  43  44  87  38  52   1  23   7  35  86  80  34   8  61  36  57  41  84  58  85  35  97  87  21  18  79 100  98   2  25   3  77  90  23   1  43  39  68  21  93  35  30  95  61  76  89   4
  97 100  26  43  74  42  95  31   1  46  32  89  15  49  58   7  34  55  66  28  77  69 100  31  34  19  40  27  65  25  48  10   2  67  44  56  17  12  76  10  59  36  84  85  72  70  22  81  98  45  69  90  15  45  24  22  40  47  75  67  61  79  90  97  85  54  68  72  39  74  97  19  10  73  43  81  64  63  94  82  71  40  98  55  94  33  91  66  43  81  78  50   6  68  82  80  98  58  20  36  81  27  76  88  90  65  89  76  94  12  25  82   3  17  10  48  39  84  18  12  15  10  17  34  22  18  59  76  23  61  96  93   6   1  80  63  61  90   3  69  59  52  32  67  88  65  15  95   9  49  85  52  55  41  57  48  56  89   4  31  88  65  98  41  82  85  53  61  58  48  16  42  26   3  44  93   2  47  70   4  95  66  91   3  57   6   7  37  67  81  87  97  19  86  78  91  37  88  83   3
  19  56  88  18  27  68  63  31  86  97  46  35  42  20  23  93   8  55  67   3  80   5  76  13  64  87  71  57  70  67  76  23  80  41  96  76  13  60  35  45  33  30  45  71  88  23  51  63  95  16  15  57   3  13  20  81  35  23  25   7 100  62  78  52  38  63  43  49  28  88  24  79  91  99  69  47  69  68  11  38  76  14  80   4  53  14  73  38   2  52   5  61  92  68  26  16   9  70  85  29  55  55  98   4  39  95  65  33  79  43  32   1  70  56  16  50  48  22  43  25  20  36  82  12   4  89  24  52  21  82   1  44  59  48  13  55  51   9  74  60   9  63   4  77  56  78  52   5  58  37  60  49  65  37  44  74  94   9  35  38  20  44  40  24  40  66  88  70   5  11  98  82  31  44  77  95  68  34  95  93  35  46  20  43   1  43  35  74  53  41  35  59  87   5  10  41  12  77  32  98
  52 100  41   6  97   5  15  55  31  49   3  27  22  78  48  67  62  72  41  28  89  37  60  48  96  25  21  78  26  31  87  41  40  68  60  10  40  12  12  95  63  34  80   4  86  13  61  18  29  89  28  93  30  56  68  14  84  93  20  90  57   2   3  38  84  22  21  91  84  41  64  46   4  45  55   6  29  82  26   3  76  20  28  89  84  36  93  29  76  78  77   3  37  44  75  10  71  50  24  61  14 100  52   1  77  87  71  22  99  87  75  46  41  89  80  14  60  30  11  70  50  77  83 100  93  36  53  34  12  51  90  88  79  26  60  72  31  92   7  44  48   9  18  52  71   7  36  56  94  79  80  87  88  41   3  68   1  34  27  25  53  14  86  91  71  51  31  67   9  99  28  78  30  63  12  61  73  57  56  99  55  75  67  70  27  28  52  13  34  54  46  64   9  67  81  23  39  41  59  84
  61  20  31  99  94  63  14  28  42  76  25  50  61  67  58  85  49   1  73  69  82  12 100  94  70  58  18  34  96  69  20  36   8  97  88  50  65  48  56  75  28  60  14  14  52  91  14  77  49  30  87  96  10  33  24  39  57  14  13  85  40  14   7  21  43   3  29  78  38  24  12  35  82   7  61  36   4  61 100   7  24  89  96  30  34   5  92  98  94  16  10  11  78  29  98  90   1  78  88  71  46  93  97  27  45  10  43  42  32  71  51  95  70  56  32  52   5  82   5  71  62  24  85  43  34  47  29  50  95  47  88  63  29  67  73  85  90   3  23   2  57  30  81  13   1   2  94  50  22   4  11  20  32   4  60  99  94  17  96  45  50  10  22  92  80  81  48  31  58  42  26  93  32  58  67  49  74  72  19  85  24   5  72  13  37  30  42  83  44  91  85  29  33  42  63  22  91  37  51  31
  20  70  39  15  68  24  40  75  15  69 100  85  25  96  86  36  18  23  10  57  47  55  94  53  75  84  21  54  47  53  36  40  46  37  67  31  54  42  27  50  81  84  17 100  72  32  77  40   5  47  87  97  33  15  19  13  87   2  12  51  82  51  16  22  94  73  59  14  75  50  41  72  38  14  87  52  85  14  49  58  50  61  95  92  31  34  75   7  44  60   3  46  21  43  98  75  14  75  51  67  62  12  74  64  55  79  63  82  51  15  58  91  33  22   7  94  84  20  67  45  35  52  98   9  50  82   7  82 100  18  93  92  83  65  58  32  46  67  76  29  33   8  27  45  39  35  47   9   4  98  32  34  54  90  54  40  51  79  49  54  89  40  93  62   2  99  84  45   7  38  27  53  22  33  42  97  41  12  98   9  28  89  20  32  62  85  36   1  33  20  51  99  66  83  93  95  59  43   6   6
  37  69  66  51   4   9  70  96  60  30  96  88  48  79  66  89  54   7  20  21  25  99  36  56  75 100  71  19  21  26  71  85  86   2  82  74  18  13   8  21  96  14  95   1  94  83  44  27  71  58  78  27  60  51  32   8  43   1  94  82  97  62  73  76  25  66  20  10  64  56   6  67  90  99  32  11  16  29   2 100  35   5  58   8  37   9  10  60  82  94  27  67  22  49  93  28 100  20   3  69  58  94  59  92  10  38  95  40  88  78  76  24  74   6  53  79  68  66  39  14 100  30  46  30  55  80  58  85  60  28  64  58  80  56   4  52  82  94  43  41  62  94  71  87  14  92  35  85  28  56  33  69  25  37  63  33  51  48  54  82  94   8  30  55  98  21  19  19  67  28  14  81  27  61  40  37 100  90  92  94   9  39  26  56  53  26  78  59  48  34  83  85  87  41  87  80  69  91  76  75
  64  36  88   7  69  10  38   1   2  23  25  33  27  78  67  83  13  82  99   2  16  65  20  50  36  69  58  38  68  66  57  27  98  34  81  94  47  60  70  50  59  14  76  29  76  33  44  46  67  80  34  94  48  73 100  67  97  52  56  31  97  81  74  25  27   9  99  84   4   4  51  72  34  26  73   4   8  23  76  82  84  41   7  82  58  40  29  19  72  33  12  43  21  94  77  42 100  17  73  43  79  85  50  88  11  61  69  51  43   5  98  87  11  62  62  28  41  82  26  42  77  21  67   8  98  26  13  81  17  76  25  63   7  78  82  60  57  72   9  92  48  82   9  88  72  60  68  67  25  57  46  74   8  19  38  83  81  70  81  14  72  20  40  88  69  78  37  25  38  47  43   5  72  49  98  10  51  43  84  72  34  64  77  63   2  57  76  35  33  93  20  28  52  41  44  43  89  16  89  99
  50  50  49  68  10  70  62  84  89 100  28  51  69  98  75  46  62  11  38  22   8  11  42  54  74  65   2  27  79  51  79  33  94  63  41 100  38  84  22  18  33   6  27  45   2  51  72  27  95  41  75  76   2  88  85  90  47  20  35  82  35  58  32  63  16   2  75  32  72  22  95  95  53  27  21  19  70  57  33  77  74  53   9  87  32  77  55  70  46  13  30  99  60  92   5  76  66  39  23  43  86  38  78  58   3  29  45   2  91  90  20  18  86  28  60  92  75  27  89  55   9   5  98  39  84  96  71  61  42  82  87   1  60  76  90  56  92  61  40  71  58  77  47  51  56  13  65   6  81  22  11  61  70  97  27  75  60  44  43  51  80  77  95  61   6  74  25  19  18  99  48  12  38  48  36  56  46  33  13  91  58  96  34  48  35   7  47  47  83  59  64  34  31  98  66  16  31  21  94  28
  58  24  89  35  83  92  26  47  17  86  29   6  76  25   6   3   7  92  57  35  59  49  91  80  36  94  70  22  32  87  23   2  68  98  19  42  68  34  29  40  52  18   2  63  46  18   1   7  12  16  79  75  42  42  83  87  15  89  31  81   7  87  12  64  59  86  44  11  31  74  17  91  18  58  90  50  92  68  49  81  43  51  21  16  33  15  79  52  21  82  17   6  71  58  22  44  81  88   5  43  44  36  29  22  48  62  86  66  48  94  54  41  56  18  68  11  64  52  35  99  70  54  28  23  31  72  83  35  85  98  20  19  65  37  28  76   8  17  36  75  76  39  11  94  28  20  71  89  56  19  32  23  45  72  93   5  43  93  67  62   2  53  41  15  63   2  47  57  37  85  68  21  50  88  55  16  60  70  17  68  11  21  66   5  97  56   6   9  52   4  57  94  65  49  44  67  54  25  70  24
  72  33  14  27  83  91   2  86  10  60  77  75  97  37  86  15  20  77  57  92  47  48   7  79  67  10   4  92  15  90  56  58  26   4  34  94  33  18  54  51  57  47  76  10  91  35  43  66  56  81  73  61  14  47  83  85  43  31  96  81   8  17  57  48  38  76  80  24  22  44  82  19  87   8  17  67  68  64  10  20  92  13  39   1  40   2  44  57  46  63  30  65  52  98  44  43  70   7  71  28  28  27  26  25   5  42  60  72  93  85  14   3  60  67   1  48  23  35  67  77  57  27  26  47  29  32  39  34  90  81  47  40  66  42  79  25  35  23  12  70  34  28 100  78  53  67  69  52  97  40  73  17  11  54  30  17  37  24  88  42  18  59  28  73  66  45  31  85  89  42  54  17   5  99  15  37  85  46  99  80  56   4  50  35  28  63  54  51  99  42   2  80  51  69  83  23  68  10  64  88
  38  74  35  25  71   8  40  49  86  60  36  86  79  45  91  61  58  32  67  42  50  97  14   2  76  74  24  28  98  94  76  47  53  84  10   2  10  14  22  26  27  85  62  11  47  31  42  29  37  58  75  88  67  72  30   4  96  78   8  93  64  87 100   9  34  37  25  18  86  23  68  63  40   5  97  81  43  67  17   6  96  29  31  64  48  56  30  39  10  74  71  56  34  35  90  79  47 100  67  71  30  55  61  14  34  79  37   1  84  28  12  13  80  94  77  36  78  73  51  55  31  54  77  31  74  91  61  27  88   5  97  73  28   7  84  48  68  39  71  10  20  47  87   2  71  50   3  68  26   5  19  64  36  36  44  28  33  58 100  25  15  62  33  43  49  64  85  29  66  44  23  44  64  69  73   8  63  60  46  96  89   4  90  96  50  76  94  93  40  17   8  41  57  15  80   4  86  61  21  21
  99  48  51  96   7  98   8  58  88  60  51  92  67  89  72   9  67  93  52  67  30  30  64  34  69  52  30  31  44  21  35  67   7  77  50  19  26  83  60  21  39  45  56  14  82  63  23  21  84  80  79  39  52  23  61  32  28  70  22  41  99  39  53  82  58  15  80  87  27  49  55  39  16   3  32  17  55  55  10  11  89  93  77  46  84  40  37  69  56  28  26  36  12  91  60  11  27  16  76  80  29  25  27  29  77  85  59  93  56  90  78  54  45  13  66   5  78  35  91  34  94   1  21  79  26  79  68  20  91  30  11  10  89  68  57  18   1  95  58  51  27  91  53  74  54  85  91   6  84  31  28  94  94   9  20  40  21  72  23  93  84  54  58  57  13  31   3  65   5  21  34  19  11  69   1  29  42  71  49  64  41  88  49  88  24   2  97  91  96  64  52  51  60  66  56  75  57   4  94  33
  55  87  19  89  32  52  11  59  38  71  85 100  74  89  75  56  77  57  41  46 100  40  71  44  91  14  48  25  93  97  12  37  96  65  47  28  28   1  87  51   9  99  13  87  17  17  49  26  30  51  66  35  43  15  81  80  67  71 100  11  60  21  29  85  45   9  16  22  37  71  25  20  74  36  79  59  82  57  93  97  18  46  58  35  66  63  80  57  98  28  54  42  85  47  19  21  51  29  98  84  99  52  96  47  31  79   3  31  18  16  70  96  53 100  53  27  33  14   8   4  99  92  65  72  71  36   4  51  12  64  62  68  84 100  81  73  49  79  96  38  77  77  15  61  72  79  30  43  74  79  60  55  86  25  82   4  74  47  18  22  59  60  29  43  33   2  10  73   1  32  30   1  20  71  99  25  50  47  31  63  81   9  87  76  46  10  33  54  66  80  55  52   9  26  16  72  36  81  80  66
  82 100   6  46  42  95  49  27  32  44  36  95  54  38  15  85  56  51  10  23  72  64  94  84  83  50  84  25  93  81  46  19  78  40  72  76  46  65  88  90  34  91  20  38   9  77  87   1  24  19  83  10  27  92  72  96  89  28  37  41  51  30  71  38  59  34  70  10  39  96   8  40   8  89  30  16  54  35  10  25  26  25  30  87  76  88  34  54  84  22  30  37  59  22   5  29  73  67  78  47  34   5  41  93  93  46  35  99  15  47  67  79  47  90  11  95  17  15  53  30  29  88  18  32  26  11  10  40  55  80  97  82  21  37  78  55  80  59  32  86  96   8  74  97  30  56   6  35  67  15  99  49  34  58  66  43  56   5  19  97  19  90  70  76  79  13  18  79   3  74  19  92   7  69  53  55  80  15  46  57  82   5  79  17  37  15  89  36  71   8  62  76  84  41  52  72  10  30  74  26
  50  63   5  12  20  29  13  11  17  11  67 100  31  68  85  31  32  70  76  33  58  39  27  29  58  43  79  71  87  85  58  74  95  82  29  24   1  16  91   8  98  83  33  75  93  73  83  19  95  20   7  23  15  34  97  60  29   9  12  89  75  53  99   8  66  94  51   8 100  71  20  59  60  26  87  77  88  27  98  38  28  24  56  52  28  54  38  90  14  23   8  58  60  88  97  87  35  39  94  22   1  96  50  90  36  78  29  21  22  83  89  40  58  91  27  61  46  53   9  59  75  81  89  87   6  57  43  58  76   2  74  69   9  69  23  10  88  68  66  46  11  53  12  17  96   8  18  22   7  98  18   8  11  37  31  51  46  69  99  74  62  26   9  49  24  50  95  14  48  59  56  11  31  77  28  19  41  71  24  51  57  97  74  17  72  83  14   7  13  41  85  58  33  21  71  88  73  17  79  91
  21  81  18  64  18  39  17  65  38  54  15  74  18  39  60  67  55  34 100  60  13  72  78  10  20  62  14  96  38  86  32  69  40  68  57  69  37  35  75  62   2  45  45  36  15  77   2  20  40  77  93  49  99  84   6  36  46  53  20  53  42  94  47  97   7  65  16  65  78  67  99  34   2  53  68  61  94  19  50  53  75  41  75  93  39  15  22   6 100  22  39  44  25  73  47  37  82  99  13  34  92  89  50  94  94  56  12  93  49  21  74  21  84  38  91  25  54  76 100  62  32   7  99  94  20  25  41   5  64  50  15  42  90  72  50  87   8  66  91  67  82  58  18  14  23  72   6  65  39  53  35  40  21  14  17  87  33  30  39  90  81  13  29   4  40  92  26  85  26  39  10  25  82  93  68  65   8  27   4  12  13  41  84  24  76  86  58  64 100  48  36   5   1  92  12  44   4  85  55  15
  70  48  93  67  78   2  89  36   1 100  19  63  40  16  34  15  79   4  14  91  14  56  76  20  68  21  91  63   7  31  77  10   2  18  57   3  21  34  99  69   7  10  91  75  89  54  68  85  70  82  41  88  41   5  12  18  19  69  95  73  67  41  73  80  95  77  87  87  69  41  96  16  92  69  78  56  17  25  54  44  68  81  40  30   5  48  31  22  73   3  32  18  14   7  77  97  55  86  30  57  43  66  23   3  79  37  70  44   9  64   3   1  35  99  75  10  47  14  56   5   8  37  35  69  83  30  31  27  39  65  28  65  78  59  86  78  54  26  25  33  43  49  55  89  39  72  13  51  75  29   2  42  76  44  12  73  29  92   8  76 100  78   3  60  71  70  12  94  84 100  18  65   2  31  21  87  34  29   6  18  46  46  73  15  10  29  20  46  14  54  37  51  68  55  49  96  66  37  20  17
  11  90  24  88  30  97  38  61  73  76  44  90  57 100  24  58  69  50  43  60  74  82  43  71  44  40  82  97  41   5   3  15  52  97  46  96 100  92   2  58  10  77  29  43  60  76  27  16  99  18  45  34  32   5  61  89  28  47  20  72  50  83  18   8  19  81  29  54  42  59   6  95  47  94   5  98  13  23  86  16  86 100  11  10  85  59  72  95  45   1  40  19  51  91  79  22  36  27  23   3  61  13  25  57  26  15   8 100  53  32  37  70  21  93  36  19  76  34  95  98  79  20   4  65  79  30  64   8  71  99  60  87  80  62  95  41  50  79  57  10  69  81  13  80  36  83  91   5  76  25  98  35  74  15  65  38  53  37   8  85 100  62  80  97  97  34  42  21   8  62  30  55  42  56  85  39  39  32   7  26  32  62  58   2  52  91  99  83  61  66  44  53  67  45  48  22  66  85  82  95
  88   2  49  93  96  98  26  69   7  33  39  90  58  56  62  31  98  96  79   9  71  58   4  35  54  32  21  35  50  89  52  75  97  18  34   9  88  16  76   6  46   8  97   6  75  49  28  11  64  39  21  46  84  80  59  99  77  50  20  99  49  76  81  93   7  77   4  37 100  97  63  88  30  65   7   9  65  79  90   6  65  15  85  41  10  10  70  15  85  75  87   5  40  97  57  19  51  25   5   7  79  32  63  58  32  22  32   3  80  50  90  18  78  64  52  12  99   7  10  94  16  33  88  92  74   8  27  31  33  18  75  41  79  18  64  19  39  63  56   6  32  58  52  65  43  51  23  30  47  99  32  78  44  25  62   7  32  51  97  15  89  93  73  62  17  83  83  88  21  74  78  29  34  18  60  81  48  22  55  48  18  14  73   9   8  19  23  75  63  64   2  43  77  10  82  72  85  56  76  53
  35  17   8  94  35  32  30  91   9  58  10  89  96  47 100  96  65  58  63  10  55  83  72   9  87  88  85  12  13  86  13  46  35   1  59  15  94   5   7  24  15  66  94  62  21   4  55  72  71  39  12  87  57  67  61  39  56  26  38  53  44   4  14  13   5  79  22  54  58  69  79  81  17  32  21  47  30   6  20  96  92  83  51  89  41  79  48  28  75  30  17  41  21  98   4  96  10  15  28   8  41  92  19  87  44  57  75  75  86  36  98  26  60  29  83  89  43  41  80  40  63  68  38  16  69  10  96  67  69  85  74  48  48  31  42  97  13  16  11  97  74  26  52  10  70  16   3  29  19  16   5  12   6  13  59  32  19  55   3  18  69  54  81  98  71  24  42  47  36  57  36  96  21   4  24  43  23  71   6  55  72  59  28  80  19  32  48  20   6  89  13  30  23  84  67  22  92  98  30  73
  27  95  33  13   4  78  51  47  56   2   3  96  13  68  26  98  16  18  33  63  62  33  95  52  28  65  82  60   6  77  17  55  32  37  34  87  95  14  90  15  26  90  37  69  82  46  38  96  76  99  24  88  80  58  17   5  59  88  49  36  55  91  44  34  71  23  60  66  26  14  83  67  45  48  47  62  88  44  44   4  54   8  27  49  72  89  73  12  82  65  48  59  91  64  52  27  18  23  33  41  53  68  98   5  48  42  70  11  30  15  28  92  63  19  15  51  43   9  40   1  67  36  58  25  70  69  48  26  81  20  56  64  73  31  51  23  37  32  86  80  43  91  70  22  99  34  68  32  32  18  55  10  41  46  38  33   2  18  68  72  12  88  95  75  19  46  25  74  39  71  15  22  33  68  67 100  33  48  93  75  50  80  75  83  14  24  18  64  21   7   4  61  16  80  31  28  51  58  25  97
  56  22  88  20  30   8  82   7  63  38  16  44  56  68  58  28  71  15   1  17  87  60  43  19  10  43  67  74  28   3  68  93  55  45  23  49  49  82   7   1  18   3  41  46   6  31  93  85  35  66  37  60  23  83  79  69  53  18  34  32  55  86  73  81  32  27  80  50  20  42  13  36  90  82  89   6  58  58  53  40  58 100  34  19  92  70  25   3  72  72  34  57  88  63  23  69  80  29  27  67  67  45  94  53  18  57  31  44   6  47  82 100  20  11  38  50  33  55  46  44  85  28   3  54  15  84  10  54  32  92  26  39  44  29  89  26  57  71  90  94  19  11  43  46  54  71  76  48  44  68  77  60  38  77  56  21  83  15  94  66  82  59  65  76  80  70  68   8  75  11  49  44  71  97  86  65  66   1  12  63  33 100  17  89  51  45  75   1  28  79  89  36   7 100  43  46  54  14   7  65
  46  37  88  44  87  37  53  99  54  47  52   4  92  64  43  42  60  28  39  15  81  10  35  77   8  25  17  19  37  60  17  59  77  61  21  34  38  14  23  65  44  45  98  44  49  99  25  24  57  42  43  48  18  97  40  81  97  47  39  68  59  72  46  56   6  97  31  74   5  58  33  97  26  73  51  30   3  20  66  71  83  53  78  45  97  17  88  77  53  24  74  60  24  13   4   2  70  12  65  82  58  46  28   9  14  22  12  54  94  50  43   7  29  57  78  60  61  21  45  11  22  52  29  74   8  51  83  18  60  20  46  32  64  94  74  72  47  96  97  44  95  14  70  32  56  78  42  27  57  61  62  31  10  36  57  84  20  43  35  65  47  32  82  44  85   5  80  14 100  50  62  37  42  10   8  74  30  51  32  80   1 100  68  81  90  70  52  56  60  70  12  66  79  47  33  58  30  94  59  50
  97  24  79  94  67  87  43  48  27  83  20   6  51  32  14  84  37  26  58  25  77  71  64  74  97  50  35  44  49  60  12  35  16  54  49  28  29  23  85  86  69  51  98  14  33  22  20  21  33  70  92  60  45  10  56  58  67  18  37  51  56   4  89   5  16  64  52  94  13  98   2  54  54   4  14   9  19  84  40  70  51  94   9  46  98  17   4  34  42  80  72  27  25  54  29  42  42  89  29  34  26  29  64  70  61  38  35  97   5   9  62  34  72  82  18  87  28  62  66  17  38  66  19  33  93  30  88  33  12  62  46  62  91  12   8  22  51 100  69  86  60  51  91  78  13  62  74  86  49  57  45  76  25   7  79   5  38  70  83  42  11  39  95  62  43   1  38  71  22  79   8  47  96  19  49  53  86  61  21   8  92   6  33  50  58  46  19  17  40  37  46  89  20  93  82  11  73   7  33  87
  51  67  60   2  71  40  65  40  65  99  22   9  94  77  20  14   6  16  44  81  88  72  14  63  71  29  42  15  65  60   4  83  35  84   9  30  73  81  83  64  96   3  86   9  61   4  22  83  25  99  83  87  68 100  83  24  53  46  13  76  29  95  31  85   1  99  94  24  51  97  76  32  64  20  26  29  33  55   1  90  63  64  76  25  92   4  66  63  51  40  11  67   9  85  33  76  54  24  41   5  79  21 100  85   5  90  98  34   8  39  66  49  99  25   1  19  59  17  78  73   2  18  15  36  32  67  67  82   6   7  98  11  93  72  73  39  48  88  72  12   5  18  39  17  49  78   1   2  76  48  33  54  58  24  77  37  52  17  91  30  94  75  67  32  76  47  16  96  25 100  77  28  39  58  69  42  48  50  14  59  24  46  73  72   6  15   4  31  94  71  47  94  49  48  65  39  39  14  37  20
  50  18  66  56  55  78  52  59  77  72  24  70  98  65  20  67  87  11  91  39  30  93  45  72  14  63  30  94  35  75  55  35  42  95  46  92  60  98  70  98  25  16  55  59  95  48  72  75  65   5  87  19  32  41  31  53  59  57  78  24  48  81  76  27  66  15   5  38  60  83  71  12   1  87  32  10  50  71  19   6   6  59  32  29  35  33  86  14  75  54  26  20  38  98  92  51  10   1 100   1  66  90  38  32  22  74  90  65   3  68  21  10  23  40  45  76  75  21  97  29  39   9  53  81  55   7  77  21  94  64  59  54   1  15  71  95  68  92  92  74  71  18   9  73  68  65  77  30   9  59  73  95  12  38  83  15  82  86  81  60  58  80  17  21  71  53  52  17  36  36  50  17  55 100  45   1  41  25  81  93  75  25  43  26  20  31  71  24  79  28  12  66 100  88  72  89  30  12  96  73
  96  40  45  52  74  89  46  79   5  92  71  33  68  27  95  96  11  62  35  92  10  26  20   3  64  50  69  81  90  46  13  59   3  46  56  48  18  15  53  70  79  96  30   2  42  19  46  76  65  90 100  69  28  55   3  47   3   1  23  16  45  46  47  80  76  25  63  71  49  37  96  96   2  42  96  90   3  88  97  99  10  38  30  72  71  37   9  95  25   4  14  55   1  24  36  32  99  94  14  27  83  87  71   5   2  86   9  34  93  99  50  52  31  80  44  54  17  13  57  18  76  70   2  56  98  69  81  33  46  34  89  43  17  31  75  90  53  83  48  50  44  40  41  42  32  45  58  12  88  96  94  79  31  25  61  17  34  68  24  80  55  90  41  27  45  93   2  36  92  64  52   7  84  25  72  64  18  24  47  38  37   7  45  62  22  66  48  59  13  28  59  36  19  80  57  71  80  35 100  88
  35  14  61  33  47  52   5  25  17   5  69  41   4  18  87  95  15  93  73  95  59  30  12  16  21  71   5  57  78  86   1  69  80  91  75  72  54  94  67  51  48  51  12  76  65  76  62  63  11  95  35  70  47  38  70  86  91  41  58  48  88  86  36  57  79  35  20  92  18  38  92  89  74  93  66  26  59  30  31  48  45  57  80  95   8  34  32  89  57  39  81  57  70  60  66  49  46  43  25  84   7   2  98  63  21  74  26  75  90  90  53  59  43  93  38  97  30  40  16  57  69  47  28  44  25  91  32  35  93  45  71  65  16   4  74  18 100  41  33  55  31  71  77  52  76  37  90  62  31  79  63  26  38  45 100  77  85  40  15  53  40  39   6  50  19  80  94  11  73  71  77  64  65  77  27  39  81  89  39   7  78  72  27  17  36   3  36  53  53  21  69  91  22  38  56  21   6  18  50  71
  72  27  79  56  66   6  92  54   5  35  99  30  48  35  30   8  54  45  51  60  23  56  45  38  40  74  45  13   1  52  75  14  74   5  79  41  56  37   1  41  77  67  67  46  81  27  19  30  96  60  10  43  54  67  41  19  78  20  84  76  64  48  98   7  69  90  22  79  73  24  42  92  82   3  97  61  90  10  88  16  31  75  80  45  26  25  26  17  51  41  31  68  21  85  33  59  68  44  19 100  86  72  94  17  45  93  11  30  89  27  32  89  16  42  80  30  70  58  43  73  22  35   6  88  39  19  47  26  56  36  66  28  37  36  15  82  69  74  57  72  53  13  85  26  41  85  40  62  46  64  99  34  90  81  28  16  22  96  78  85  48  22  45  78  21  75  29  41  35  98  50  96  79  69  40  64  10  96  53  57  28  73  53  13  58  88   8  54  98  75  47  21  99  71  37  47   4   1  89  51
  44  54  34  31  79  89  23  68   7   3  75  74  95  66  95  10  28  75  32  13  15   5   9  37  86  83  15  83  62  22  92  61  50  43  26  57  36  14   6  46  10  79  39  82  30  32  63  14  30 100  75  56  30  85  92  99  62  51  65  90  13  16  72  28  92  96   2  16  98  49  17  29  47  34  36  24  65  17   3  12  75  33  57  45  85  36 100  11  49  12  25  18  31   4   4   6  68  75  84  60  54  96   4  98  49  66  76  63  79  17  36  38  90  10   1  38  64  34  80  66   2  70  86  92  40   5   1  74  87  13  45   1  68  63  28   6  16  67  52  17  70  86  88  32  43  15  23  75  33  69  63  75  70  43  30  49  52  86  72  48  58  20   4  68  34  95  12  82  74  47  68  20  63  34  68  53  49  40  61  15  82   3  23  70  77  94   7  24 100  82  64   8   2  93  64  14  31  82  38  36
  83  50  22  27  72  58  61  85  99  67  88  60  78  66  95  45  92  73  96  96  13  99  61  60  36  81  73  79  98  64  56  59  41  69  26  84  85  17  68  97  50   3  83  78  20  75  23  26  47  83  20  49  41  23  54  57  29  79   4  70  63   4  22  91  77   5  60  19  50  10  35  59  91  59  20  75   8   8  82   7  16  12  66  73   9  44  89  20  28  36  65  48  95  54  56   6  34  73   1  51  53  55  27  55  82  41  72  75  59  58 100  80  82  70  25   3  16  22  48  82  52  75  87  37  77   7  66  94  28  78  24  51   4  37   9  35  73  11   2  63  41   5   8  26  13  22   5  99  61  60  98  71   4   9  30  90  63  15  76  92  61  76  95  43  65  86  48   8   4  83  60   8  71  60  91  98  39  41  75  26  48  30  49   8  59  36   9  10  73  46  26  21  50  83  80 100  44  69  60   7
   8  39  16  18  97  70  85  10  61   8  72  58 100   1  94  89  62  63  51  10  42  13  56  79  28  14  29  17   1  26  95  73  59   1  14  72  87  94  92  69  12  95  33  58  76   7  57   8  24  27  89  37  85  30   5  28  29  77  35  40   7  25  89  31  44  79  99   7  62  18  90  99   8  59  72  13  43  81  97  11  57   4  11  76  76  15  62  48  37   1  86  19   7  66  25  33  58  41   5  38  83  91  88  66   7  39  27  45  39  40  61  70  57  61  99  72  17  72  79  94   3  22  83  29  98  68  27  70  17  86  13  74  38   6  32   7   7  71  62  82  75  48  60  70  58  86  67  17  84  36  83  19  49  55  12  87  27  94 100  83  76  62  68  17  59  74  12  77  11  10  81  80  99 100  32  57  58   6  50  62  57  29  12  42  76  60   7  72  10  53  31  28  28  53   8  94  86  90  82  28
  36  68  87  71  74  85  91  23  33  50  23  84  89  82  45  93   2  58  35  89  73  91  78  74  55  66  35  12  76  21  63  75   4  63  30  54  63  45   7  91  65  69   3   5 100  15  68  58  77  70  58  48  59  32  89  46  15   4  64  71  53  41  49  15  80  26  86   7  64  38  29  81  97  60  65  23  71  11  53  84  28  34  15  60  15  48  91   2  18  42  74  44  11  33  68  86  14  93  86  17  78  62  45  97  67  66  34  24  26  45   6  92  88  43  68  98  13  13  59  66  20  21  18  65  32  71  31  65  64  73  69  71  27  78  24  71  41  97  20  79  25  36  70  48  24  74  56  17  38  15  69  56  76  87  23  65  36  78  90  57  68  86  87  88  14  63  21  63  51   4  20  80  25   4  98  80  11  40  27  50   7  68  62  92  31   2  96  74   7  17   6  29   7  59  82  87  25  14  84  60
  93  69   9  36  58  65  13  13   5  35  46   7  47   9  99  70  31  46  91  70  87   2  27  77  36  45  49  79   1  76  63  72  43   3  41  28   5  29  28  80   5  25  24  29   2  40  60  55  36  35  55  57  76  98  62  47  24  73  70  98  57  54  23  67  23  17  27  92 100  79   3  66  17  54   1  55  19  97   1  51  44  68  72  76  75  12  63  90  90  16  45  79  49 100  32  76  27  23  88  90  74  54  73  54  92  70  95  56  24  76  28  60  39  26  32  84  99  56  52   3  27  49  81   4  82  48  84  45  94   3  39 100  20  44  88  87  74  23  18  64  18  69  70  90  94 100  26  46  38  42  13  80  35  76  42  45  93  29  27   4  89  52  75  10  73  90  54  23  19  67  61  80  75  79  87   8  47  58  15  31  15  49  13  39  32  54  41  63  29  58  28  47  34  89  85  86  72 100  18  85
  32  20   2  36  41  48  32  35  93  65  77  17  14  36  98  45  18  28   8  36  42  51  11  76  69  88  41   7  52  81  88  88  24  53  16   5  80  40  71  86  69  94  10  13  20  44  33  81  18  32  48  53  23  56  14  14  77  35  77   6  93  45  92  25  51  90  73  93  30  86  71  66  24   8  90  21  63  88  28  99  11  55  21  37  73  76  14  87  63  10  70  51  16  18  93  35  98  65  16  12  25  45  16 100  29  39  68  16  94  31  36  26   4  60  44  12   7  68  46  76  46  51  94  21  54  63  86  81  13  32  91  67  28  47  28  34  88  48  81  23  67  77  94  98  92  47   5  75  28  67  67  88  24  86  22  63  71  69  75  66  18  19  18  51  90  73  78  32  80   5  40  36   1   7  12  82  29  86  77  59  12   6  64  88  67  43  63  25  53  44  83  64  71  20  16  81  54  33 100   3
  16  62   4  63  42  67  89  85  89  91  63  73  95  24  77  17  32   1  70  99  47  38  43  36  28  84  85  61  74  40  16  48  79  83  51  77  72  58  13   3  52  25  34  93  43  62  47  93  29   3  42  38  40  35  36  81  90  58  35  68 100  75  93   3  91  31  98  23  20  19   4  78  67  10  64  55  59  40  67  13  79  75  53   8  58  10   7  87  31  93  41  80   1  34  62  52  71  53  90  49  19  75  90  33  15  79  70  61   1  56  20  76  35  92   7  87  29  50   4  31  83  62  52   4  27  92  65  44  69  54  27  18  11  65  91  96 100  17  69  89  84  59  11  54  83  13  53  83  56  20  17  77  13  39  78  29  12  92  95  40  55   1   6  64  41  28  90  54  21  87  30  27   7  92  88  59  37  27  24  26  23  65  11   1  93   2  15  91  44  73  31  46  37  87  79  88  79  78  98   6
  21  90  14  45   4   7  33   3  86  18  67  78  73  11  57  59  98  61  42   1  30   2  61  29  61  22   3  53   5  53   5  52  95  88  14  99  89  62  17  54   6   3  12  50  45  42  77  70  88  42   3  82  32   7  44  60  46  18  26  16  11  98  93  10  45  64  60  42  74  52  81  84  93  77  10  55  23  37   6  67  30  19  94  70  49  82  28  25  21  99  64  35   4  20  43  23  43  60  84  24  26  18  64  25  65  50  33  91  50  22  41  89  51  78  48  53  24  71  31  78  12  98  10  96  80  69  12  45  60   3  13  66  30  21  55  44  82  22   4   3  86  77  14  79  17  86  64  10  93  13  97  70  94  20  47  63  49   2  85  18  91  39  54  51  43  36  35  29  75  11  95  44  30  34   5  36  62  72  30  77  27  49  65  48   8  69  81  22  83  67  19  25  95  67  28  20  88   1  19  30
  32  78  82  33  45   1  49  39  96  20  95  98  55  55  76  52  73  62  66  18  77  79  41  54  90  31  68  71  44  51  36  31  95  51  76   9  63   7  12  99  67  25  85  59  73  56  69  24  84  89   2  93  10  96  60   6  15  95  54   9  17  86  28  96  64  14  14  19  56  31  42  26  26  70  35  90  13  39  51  49  59  23  97  64  68  13  92 100  47  75  45  25  62   9  88   3  99  77  53  86  95  66  72  11  31  87   7  99  97  57  30  28  46  18  15  20  27  68  80  52   2  76  69   8  39  14  32 100   8  70   3   4  15  46  81  86   2   4  85  26  91  33  60  26  46  29  56   9  44  71  17  57  62  17  68 100  74  16  14  94  16  37  69  13  24 100  27   2  34  46  86  96  92  31  73  96  64  77  51  20  87  67  37   1  24  65  46  46  36  64  25  43  83  19  97  61  41  98  26  61
  69  27  51  15  40  39  25  29  19  19  91   9  61  25  72  80  74  67  81  76  51  10  63   4  85  46  49  31  32  30  12  85  48  28  64  58  42  87  56  52  11  36  99  99  74  51  20  85  50  44   9  29  13  11   4  19  40  24  83  39  57  73 100  38  56  70  74  56  18  42  16  47  35  16  54  94  43  60   9  21  48  91  71  46  46  46  33  76  81  70  40  27  29  44  71  44  27  14  42  80  54  29  47  92  72  44  89  68  75  12  22  27  46  15  88  79  70  81  69  26  36  55  22  44  85  69  52  35  36  70  90  53  41  98  54   9  42  78  61   3  27  39  68  42   5  74  62  61   2  58   7  72  44  74  49  74  99  58  57  46  47  83  70  85  42  35  82  34  90  32  49  90  73  24  69  23  51  28  45   9  60  11  48  45  11  90 100  88  19  60  20  73  25  46  93  11   2  54  86  37
  28  45  41  82   6  69  50  18  36  36  17  61  18  32  26  62  76  81  18  12   8  54  26  82  37  52  51  26  13  21  93  44  74  54  49  51  11  81  21  49  93   6   8  16   7  56  56  78  50  76  62  75  49  24  13  75  21  65  11  64  70  42  79  19  75  63  33  86  56   4  40  99  17  84  76  71  20  86  22  28  26  95  41   4  52  56  29  24  13  39   9   2  88  47  10   4  60  33  90  86  23  56  40  72  65  29  39  13  33  29  91  28  63  76  37  63  34  29  40  63  36  39  38  92  32  18  47  80  69  94  91  38   4  63  41  72  94  63  55  39  21  13  41  87  56  77  20  56  79  19  85  90  27  18  34  47  95  16  95  81  64  74  88  10  13  74  13  37  56  23  82  53  87  39  12  71  84  49  26  54  72  37  43  52  73  74  60   5  23  24   4  42  17  30  46  50  45  39  53  76
  86  20  50  22  34  44  85  64  16  59  60   4  56  26  58   4  38  89  46   7  90  36  16 100  97   2  84  54  62  77   5  90  26  36   4  41  76  80  20  47  54  53  80  62  96  89  52  69  63  53  14  90  77  31  50  41  18   1  35  34  87  19   6  49  47  55  40  27  40  18  97  44  57  25  50  87  13  41  11  11  71  28  16  13  40  24  28  93  52  44  35  63  96  99  74  79   8   3  59  26  36  16  77  37  72  91  15  89  34  98  44  65  29  13  26   9  43  92  84   4  57  10  15  71  48  40  55  52  17  59  54  93  21  78  86  37  77  15  42  61  53  25  50  67  76   4  75  26  23  85  54  98  45  30  52  26  88  69  46  23  22   6  57  42  36  75  22  99  38   3  86  13   5  38  34  62   5  54  90  68  62  13  72  39   3  31  94  15  21  53  72  53   1  41  47  20  49  12  93  81
  10  56  39  69  85  90  71  80  62  50  14  16  44  34  37   7  83  40  69  66  75   7  27  50  77  53  42  63  88  97  42   3   5   9  26  90  57  67  14  69  84  97  89   1  92  75  38  24  27  96  20  74  53  83   3  96  43  85  21  76  21  36  11  80  29  78  86  94  37  69  59  70  73  80  36  30  20  93  16  14  83   1  10  60  13  89  98  18  57  61  76  63  47  77  30  75  61   5   7  39  53  55  28  59  32  76   8  20  52  38  51   7  54  27  16  10  52   5  37  43  12  77  40  77  86  29  99  62  24  11  64  59  56  35  94  83  54  42  21  20  41  17  25  69  95  30 100   3  81  75  30  54   9  42  21  96  56  44  40  12   8  89  84  85  66  90  16   5  49  84   6  43  23  59  51  44  86  72  21  20  99  89  55  92  70  35  93  85  68  60  21  87  47  23  31  99  89  44   2  96
  91  36   6  11  83  75  71  96  93  87  87  21  77  98  31  29  49   3  20  99  79  63   7  31  97  57  86  67  14  50  23  77  18  27  48  74  74  70  44  74  77  56   7  87  75  91  20  10  75  78  33  18  33  76   9  14  22  36  74  81  63  65  81  44  14  81  91  89  46  72  83  81  12  53  29  14  44  86  33  53  29  59  99  52  82  44  44  26  94  85  31  89  88  97  78   1  84  63  57  37   4  51  61  79  20  25  96  44  89  73  43   1  43  92  74   7  27  70   3  81  33  11   8  92  47  90  53   6  74   1  39  74  89  56  99  35  20   6  75  80   4  65  43   3  66  87  99  43  82  46  72  28   5  74  50   7  36  64  99  29  44  21  16  47  49  26  34  61  31  42  73  81  68   9  99  24  19  96  51  70  97  84   5  75  35  85  62  55  16  89  69  55  64  65  87  81  51  36  34  34
  81  16  83  75  22  26  79  92   1  89  40  50  84  20  95  65  45  36  85  63  67  21  97  36  56   7  64  43  49  34  22  48  27  59  90  36  97  30  97  98  64  75  59  12  84   1  96  19  28  23 100  61   2  62  83  64   1  80  29  72   9   6  63  73  16  89  99  93  97  49  98  46  98  20  74  21  16  53  13  58  28   7  35  88  66  51  35  87  67  23  20   4  12  76  14  11  58  32  22  69  71  89  39   6  46  10   1  52  91  13  59   4  90  26  35   5  69 100  48  31  70  24  92  48   5  63  61  22  73   3  83  70  71  86  80   5  88  73  51  46  24  24  12  77  88  60  34  19  38  15  20  48  32  96  18  35  92 100  23   2  83  67  11  99  93  40  42  55  22  24  34  19  96  68  30  90  61  58   8  47  71  97  40  15   3  76  37  98   7  87  92   5  91  80  18  40  78  83  44   3
  50  37  39  48   2  45  21  91  47  42  69   1  50  46   7  43  14  68  37  73   3  13  92  55  11   4  88  68  14  33  16  58  12  74  98  36  90  60  36  36  66  32  48  66  20  39  21  53  84  77  32  62   8   5  19   1  85  31  33  29  71  46  92  72  92  15  50  95   3  61   8  97  86  83  54  30  72  40  50  66  71  97  68  33  59   3 100  98   8  60  66  29  41  71  58  76  28  92  30  32  25  45  87  13  50  15   8  16  36 100  30  33  24   1  27  97  62  77  85  89  82   8  43  97  29  18  92   5  60  13  66  34  63  73  88  66  32  30  54  12   9   5  92  55  24  99  84  19   3  41  46  81  10  27  46  75  37  69  77  36   9  74   3  13  26  95  76  71  85 100 100  52  48  67 100  53  80  31  43  53  10  69  13  96  11  80  41  29  27  71  15  99  94  62   5  88  83  42  74  63
  24  47  96  92  24  33  51  25  58  44  43  18  54  17  96  75  43  40  46  18   3  44  95  50   6  17  45  88  59  81  44  71  68  37  34  26  96  37  43   4  96  74  98  70  93  26  46  46  30  76  51  54   9  87  35 100  35  93  51  10  49   1  84  13  31  61  57  49  12  78  72  78  37  90  34  29  63  54  52  76  46  81  75  89  25  54  57  72  75  19   1  30  45   6   7  79 100  53  35  70  62  81  48  44  26  46  36  14  52  94  84  94  38  20  12  36  73  34  95  33  50  97   5   8  28  51  14  76  61  26  95  77  86  58  23  58  76  49  75  48  36  24  42  16   2   4  81  68  24  83  63  41  92  76  42  37  18  21  32  51  21  68  21  81  44   5  86  20  60  47  56  15  35  34  80  85  24  18  38  19  22  18  90  12  20   1  12   6  81   6  56  32  91  72  21  79  51  73  79   7
  63  51  59  25  40  75  19  50  23  62  71  15   3  85  15   4  15  77  34  79  84  61  91  19  69  74  92  93  70  55  59  81  10  61  84  14  40  18  25  28  49  27  13  85  26  59  62  37  88  75  83  37  43  32  36  55  72  79  77  50  82  45  71  68  54  86  52  87   9  86  45  78  75  38  32   1  75  55 100  59  88  11   9  58   1  94  43  61  93  10   5  94  15  48  87   3  75  54  35  53  28   2  93  23  88  31  97  95  59  49  97  50  22  43   6  48  67  65  74  44  98  92  72  34  91  93  28  62  38  23  77  67  51   1  91  59  40  62  65  47  71  28  43  30  58  24  73  40  57  80  22  89  23  14  36  76  17  34  24  81  35  19  80  46  19  79  72   5  27  58  70  65  52  12  30  73  33  46  47  20  67  82  75  75  40   1   5  30  30  13  38  32  79  97  11   8  95  42  45  71
  36  50  33  64  13  17  17  61  46  54  16  54  68  63  14  95  34  42  98  13   5  42  35  43  93  97  66  80  23  42  35  22  30   7  42  16  19  55  68   1  49  30  22  36   9  65  96  21  67  95   8  55  69  94  45  60  26  25  85  72  12  36  18   4  47   5  40  93  89   2   8  64  49  60   7  40  72  62  99  37  85  65   4  81  83   5  69  76  29  59  43  48  56   3  19  34  81  52  32  76  21  19  17 100  69   3 100  76  37  85  17  80  58  80  96  85  67   9  78  36  98  70  51  36  80  74  50  42  11  88  14  43  81  64  43  44  33   6  73  94  13  65  56  54  26  38  22  82  51  36  15  75   1  83  32  89  47  28  25  27  10  48  81   8  41   3  12   9  27  18  97  18  47  18  58  40  79  10  78  32  28  88  69  56  67  41  50  46  45  26  43  80  28  88  25  23  13  21  94   6
  86  12  50  17  41  59  86  99  14  68  67  50  67  67  77  47  91  39  24  15  43  34  59  93  11 100  52  64  50  97  17  53  69  75  59  16  10  14  10  86  43  56  94  18  68  35  38  88  83  48  36  39  80  79  35  50  51  56  88  99  66 100  39 100  45  25  44  32   9   1  87  34  23  26  35  75  79  81  75  31  41  37   3  96   3  62  63  24  83  21  80  72   9  21  79  21  48  59  43  61  78  41  13  71  92  33  39  47  96  81  80  95  75  55  11  41  53  13  11  91  99  28  69  11  92   4  85  13   5  11   8  22  93  35  95  15  96  91  83  80  43  65  79  72  92  87  68  20  46  16  55  78  68  55  23  32  60  49   3  41  49  84  62  38  46  78   7  57  84   5  13  41  51   2  26  89  10  61  91  19  95  62  71  68  61  25  86  74   5  80   4  69  37  55  43  58  20  37  15  96
   7  88  34  56  57  60  84  92  48  46  58  50  21  68  13  95  97  40  87  14  99  90   5  58 100  83  20  73  13  22  25  83  64  24  34  83  11  80 100  28  53  18  49  99  39  67  62  56  21  96  97  66  10  57  25  69  27  84  19  44  89 100  83   9  83  84  86   8  38  79  86  87  23  46  96  11  92  86   6  67  34  16  25  62  26  99  25  19  29  48  69  89  32  89  68  53  81  33  39   7  44  76  75  98  98  85  91  72  47  50   9  38  27  56   8  77  59  42  26  20  45  17  19  34  34   8  80  19  94  97  66  28  53  98  36  25  21  32  12  58   7  91  44  67  54  54  65  19  29   7  23  69   2  33  95  97  68  12   5  98  11  35  19  57  45  90  70  39  70  53  71  98  82  69  91  10  66  86   2  83  17  12  58  72  84  45  87  59  83  41  12  19  30  23   5  54  70  29  10  72
  64  32  13   6  54  39  31  39  86  27  44  80   7  39  21  61  65  53   5  87  15  54  38  85  73  38  89  14  69  12  32  93  84  42  17  27  37  53  86  21  46  41   2   2  18  50  20  75  33  36  16  50  68  45  12  84  29  13  68  87  55   6  19  38  38  67  30  57  99  35  47  83   4  98   4  54  32  46  18  79  46  94  86  67  51  91   2  63  81  13  47  34  78  66  69  25   3  23  87  83  96  76  45  75  27  62  34  11  22  55  77  58  29   7  85  16  99  54  26  12  73   7  67  72  92  36  18  15  23  20  67  26  72  36  25  20   7   7  29  67  98  16  36  26  32  24  96  79  33  69   1  59  73  75  91  82  10  98  55  64   8  35  49  67  88  12  76  68   3  96  87  23  56  41  51  73  36  26  61  93  58  35  53  34  40  29  79  99  88  60 100  87   8   5  49  77  61   8  25  87
  33   8  55  95   6  29  29  49  73  61  55  58  19   2  92  59  54  27  40  14  39  72  95  99  72  81  12  96  13   9  80  23  71   9  31  37  88  60  31  22  95  60  54  46   9  55  52  73  83  59  84  81 100  23   8   7  30  95  32  44  74  51  91  10  23  96  96  91  74  59  87  79  36  29  18  77  59  51  32  15  67  27  90  86  33  97  75  49  20  16  84  26   9  89  14  64  94  89  63  54   9  97  89   8  40  45  62   4  19  61  31  60  85  36  10  98  40  34  19  81 100  27  10  66  58  38  75 100  49  81  40  98  67  57  52  73  63  79  85  16  11  23  44  96  47  94  28  37  46  20  28   3   2  60  42  23  62   7   6  21  32  27  29  32  38  67  85  11  46  60  47  91  51   8  14  59   5  55  52  57  90  40  88  53  74   5  96  74  87  94  41  47  98  21  15  27  92  58   8  84
  69  14   1  34  94  15  18  60  79  40  90  12  67  82  44  64  63  36  10  17  86   3   7  87  89  94  53  71  48  34  95  43  81   9  36  35  85  83  31  84  65   2  11  59  62  74  51  52  28  91   5  88  84  38   7  55  80   7  75  30  39  21  25  65  55  69   9   2  38  44  68  14   7 100  56   1   1  62  95  35  96  89   3  60  70  14  12  84  85  67  39  96  25  56  57  93  90  44  82  11  34  43  97  76  23  60   8  34  75  13  29  42  99  22  33  31  91  31  51  50  91   6  30  68  65   3  93  80  30   9  87  66  52  14  38  15  75  44   1  55   6   4  43  26   9  90  63   8  37  35  84  62  92  36  91  96  74  29  65  58  95  99 100  18  32  76  48   1  56   5  10  80  44  42 100  64  59  34  20  96  39  46  31  67  24  61  27  11  75  46  80  36  98  63  71  30  78  90  96   5
  30  82  69   5  18  17   7  86  64  19  83  26  48  34  73  63  24  79  48  33  99  96  26  44  45  19  81  69  46  63  59  49  49  46  24  35  51  74  60  99  26  78   4  83  49  87  63  95  62  80   2  68  95  21  83  44  55  62  17  71  20  36  11  49  96  85  63  85  55   7   4  63  68   8  98  63  25  99  97  86  36  79  49  13  36  81  78  20  99  47  41  47  40  49  12   1  61  80  59  92  98  61  71  14  28  25  60  73  83  17   9  74  44  49  64  55   9  26  35  60  87  59  77   2  94  62  64  49  38  85  16  10  74  52  12  88  18  39  29   4  72  47  42  73  74  46  49  26   4  67  92  83  19  54  11  24  55  21  97  42  66  33  29   7   6  93   7  12  89  16  28   8  72   5  71  83  47  17  36  61  91  95  43  11  66  44  81  81  81  80  61  90  23  26  92  99  83   9  88  70
  31 100   1  68  18  71  70  61  42   2  43  71  91  27  34   6  97  40  88  33  63  29  54  69  20  42  60  84  26 100  79  80  91  49  46  26  23  48  34  49  47  33  18  95  23  31  29  81  38   1  58  79  68  82  35  21  85  31  66  15  13  18  96  36  72  96  19  81  62  90  58  97  78  16  44  18  16  74  25  12   3  84  27  74  90  19  36   1  70  50   3  66  49  67  47  38  11  87  11  28   2  24  62  13   1  27  85  58   3  25  66   3  28   2  99  94  75  56 100  87  81   6  89  62  43  93  39  13  61  85  64   4 100   9  76   2  17  83  24  34  80   7  31  87  77  74  16  11  67  77  64  91  13  79  57  25  42  79   8  14  14  53  22  14  29   4  94   3  16  39  44  84  14   4  70  71  33  28 100  36  35  79  17  47  30  49  38  12  43  43   7  36  96  11  99  65  64  53  78  94
  47  10  42  21  67  95  23  32  95  54  75  22  36  27   5  13  60  57  79  76  76  61  28  45 100  37   6  52   1  87  44  11  30  50  42   1   3   1  41  20  41  65  49  83  92   7  16  60  89  38  74  16  71  44  74  92  82  50  75  22  16   5  72  60  72  62  35  64  69  38  45  40  99  50  58 100  31  47  52  45   5  51  36  82  15  79   3   8  82  16  91  85  98  45  84  18  99  66 100  79  63  52  64  36  68  94  52  33  84  88  85  60  69  39  87  99  56  56  76  50  46  69  86  66  20  94 100  84  22  84  91  85  90  55  90  34   9   7  95  68  54  11  41 100  61  25  39  78  78  32  56  84   6 100  38   5  51  83  37  74  98  72  16  25  76  72  99  81  50  80  65  99  45  16  98  35  94  13  52  94  99  91  31  61  37  44   9   8  63  14  11  70  78  44  16  71  36  83  32  63
  37  68  11  84  34  36  38  25  97  23   6  37  28  99  29  22  90  42   5  82  78  96  17   2  17  12  88  32  56  97  35  68  61 100  14  11  48  22  16  95  69   1  64  82  73  64  74   7  79  57   2  78  41  94  44  88  42  25  63  17  52  13  81  65  52  84   5  13  46 100  60  21  78  53  84  49  98  47  58  18  53  91  94   4   4  34  29  84  95  33  53  41  23  18  10  50  70  42  45  38  94  24  91  18  15  18  74  52  62  93  76   9  47  82  31   7  50  19  92  26  91  94  81  56   5  15   8  60  37   2  35  45  41  10  19   5  99  28  44  66  94  67  55  43  98  64  20  98   6  75  73  62  84  23  26  16  68  88  95 100  31  84  63  35  11  99  22  48  88   1  35  87  38  89  56  40  93  26  42  91  52  21  17  69  64  43  72  78  41   5  74  14  41  18  74  31  80  10  71   2
   1   9  72  92  91  50  75  83  14  17  45  19   7   3  29  60  37  12  61  44  93  49   1  73  28   5  37  38  44  13  72  21  24  51  35  90  76  72  63  43  89  37  43  48  85  52  67  73  97  55  94  82  89  63  51  60  98  15  25  48  80  45 100  71  85   6  70  39  14  93  13  66  87   4  41  65  89  41  40  24  77   4   7  99  37  47  53  63  37  90  70  24   1  89  76  70  75  67  88  33  72  70  44  20  44  10   9  20   5  53  85   5  60  77  60  93  41  41  87  74  98  14  56  38  22  85  41  55  85  85 100  45  71  69  17  31  35  70  60  92  62  32  23  86  79  38  67  90  59  56  14  62  52  20  58  52  19  29   5  90  51  11  81  74  96  43  85  97  18  31  23  67  70  27  64  21   7  47  87  41  30  72  72  71  74  53  66  95  31  23  16  49  48  30  73  52  43  82  37  93
  45  82  21  69   9  29  38  79  84  55  32  36  84  98  86  85  97  21  87  83  83  58  53  76   6  97  28  75  84  56  16  99  18  57  10  56  24  72  95   5  99  51  44  37  38  33  64  71  20  34  56  73  46  23   7  60  22  72  94  20  29  54  50  23  14  21  29  44  52  16  94  25  20  24   6  19  67  79  23  55  28  95  36  85  49  66  25  50  42  67  28  20   9  82  62  45  78  63  53  89  96  52  44  85  56  63  39  13  71  51  31 100  79  69  60  18  61  54   8  20  44   1  59  98  72  83  21  31  45  18  49  32  69  59  37  36  90  83  32  77  24  86  88  41  13  96  89  40  58  73  38  33  44  15  90  11  32  35  13  79  88  73   4  69  16  82  44  12  61  62  75  94  79  95  79  98  44  50  69  27  34  90  22  93  93  16  82  96  74  45  55  53  52  35  71   7   8  22   2  50
  33  54   1   4  40 100  73  12  88  27  60  27  44  43  88  57  51  35  83  67  18  35  34  90  91  12  47  29  67  51  31  63  42  94  88  89  39  98  49  46  76  64  56   3  34  78  19  86  85  49   4  70  41  67  28  69  29  67  13  99  81 100  10  31  22  38  45  34  13  88  37  68   6  12  53  56  68   6 100  26  86  90  28  26  54  39  56  42  21  91  80  15  85  82  60  58  46  17  79  19  74  42  67  59  71  10  56  56  46  53  41  14 100  69  98  39  49  88  93  46  80  92  71  51   4  66  81  64  58  94   8  98  71   8  71  84  27  73  41  29   9  18  11  30  28  24  78  43  51  81  12  22  50  17  46  33  19  57  75  84  60  44  70   4  23  40   7  43  32  40  19  32  16  50  44  26   9  50  95  38  22  88  74  18  92  76  34  74  78  40  89  27  26  56  16  36  80  20   8  61
  22  57  58   9  46  34  13  82  27  14  61  40  36  74  10  70   8  12  62  21   3  53  93  34  92  51  15   8  53  50  14  30  21  69  54  11  57  97   4  80  83  48  57  60  72  55  93  57  44  20   5  33  51  73  91  82   3  79  62  56  87  39  23  39   7  52 100  71  18 100  24   9  83  67  64  77   2  40  59  28  31  93  39  46  17  85  56  47  16  92  90  52  88  56  17   9  17  51  21  51  72  21  24  90   8  60  36  54  54  33  51  48  99  77  97  59  21  85  11  81  69  48  15  84  31  47  23   8  88  81  93  98  90  49   2  48  20  34  41  90  90  22  86  28  96  55  18  53  95  79  82  13  50  24  92   2  14  99  50  75  56  28  52  27  65  84  96   3  91  79  48  83  93  55  10  60  17  52  36  26  58  58  12  70  14  97  94  99  85  16  21  80  82  72  67  35  90  21  42  53
  11   1  98  93  85  30  27  99  97  31   5  93  62  62  24  84  23  48  36  67  14  99  76  73   2  45  55  58  10  35  32  23  90  72  89  97  67  91  60  58  94  41  37  52  70  42  54  14  62  53  26  12  63   4  70  20  24  41  81  57  87  62  62  59  74  73  21  47  60  13  77   4  78  63  56  18  45  21  57  41   7  98  94  90  70  63  18  95  88  14  74   2  49  81  30 100  43  67  91  75  29  93 100  50  63  83  12  49  13  50  70  71  84  79  29  64  29  43  35  70  59  46  67  84  32  49  32  44  67  91  38  98  30  14  63  22  94  33  29  75  15  45  73  52  10  67  19  18  86   4  88  64  62  58  37  44  42  61  32  92  34  70  44  14  36  22  33  33  92  42  91  90  58   8  87  79  19  83  24  43  86  13  55  64  13  80  96  84  67  58  64  81  86  56  83  23  68  30  76  98
  60  60  23  13  96  68  88  94  77  94  66  95  71  50  42   6  14  57  65  21  18  93  58  14  72  15  93  65  29  78  38  41  94  47  57  47  93  85  21  32  48  50  67  91  10  38   5  48  86  38  88  46  26  17  58  76  97  62  12  74  14  12  90  79  97  37  77  10  35  67  36  53   1   7  82  34  99   8  31   9  16  90  73  43  92  27  54  62  81  12  93  30  77   2   7  42  95  91  78 100  19  57  28  21   9   1  72  85  59  79  34   1  97  99  51  48  62   7  32  79  62  16  43  21  42  96  37  84  37  97  54  11  99  73  43  23  41   5  18  92  30  96  34  56  30  26  46  69  19  78  14  12  18  66  18  35  38  79  52  70  76  59  96  15  80  41  67  58  11  33  41  49  73  10  58  34  44  73  68  94  32  89  40  14  68  24  88  68  52  34  36  72  68  80  62  84  99  15  95  71
  92  41  52   6  42  75  30  35  61  43  57  26  98  25  58  65  46  31  84  35  98  93  81  27  62  22 100  70  77  14  79  68  52  72  53  28   2  12  81   5  44  14  46  79  97  23  66  82  72  28  36  82  41  36  30  71  40   4  98  25  98  57 100  96  99  32  13  71  94  24   3  46  67  39  49  92  77   2  47  33  78  52  55  14  69  73  68  54   7  85  70  99  88  32  78  78  71  67  49  14  12  20  49  36  69  49  90  58  38  34  86  81  91  29  18  36  48  75  89  88  81  31  13  89  37  40  33  42  40  18  54  28  44  42  75  61  76  11  40  85  89  85  21   9  91  71  53  42  45  76  93   7  78  66  10  12  37  21  53  37  27  21  77   2  59  73  96  27  87  86  84  24  73  39  64  57  75  91  32  66  88  14  79  18   4  94  81 100  56  86  93  32  72  77  84  80  96  19  63  40
  63  10  84  27  91  82  52  32  73  48  78  89  22  80  42  36  98  73  22  40  86  83   3  13  77  21  55  48   3  35   7  74  17  50  41  28  72  12  44  24  15  56   7  88  64  29  55  37  17  10   7  74  11  92  57   3  96  44   5  27  24  37  35  10  31  49   5  25  71  95  17  90  54  32  23  23  53   1  49  94  54  91  52  84  86  41  98  46  81  27   4  71  50  77  79   2  18  34  58  77  20  17  91  63  52  34  78  42  19  21  88  60  73  13  66  20  21  23  84  23  17  15  34  92  20  66  14  91  47  69  21  18  96 100  15  62  20  82  47  16  44  71  90   2  45  20  31  64  47   1  43  45  74  30  44  21  47  72  53  88  50  20  42  79  75  14  96  54   9  67  68   2  38  16  99  98  48  53  49  86  33  45  88  51   4  29  51  21  77  30  29  95  27  91  65  17  56  45  36  34
  31  41   7  24  71   4  55  49  38  43  75  67  46  49  22  11  29 100  69  69  95  30  66  98  93  77   8  95  46  92  47  94  37   6  53  56  45  64  90   6  50  94  46  97  36  56  63  32   1  68  51  47  64  40  55   8  28  48  68  40  74  43   2   5  92  65  44  63  12  89  63  16  28  52  43   3  24  62  12  88  25  17   2  43  74  55  60  54  50   9  55   7  95  49   5  89  61  50  79   7  71  98  60  58  75  22  11  18   7  24  50  18  27  78  54  94  26  75  43  87  25  25  61  78  60  72  95  96  92  85  98  80  38  74   1 100  18  33  14  91  46  85  30   7  57  20  20  63  62  66  73  20  14  81  42  26  78  53  46  66  12  77   5  21  81  28  77  43  45  34  73  51  43  41  24  25  39  67  45  64  64  35  53  96  89  87  58  15  27  52  79  17  42  47  23  34  92  50  21  86
  91  68  73  41  82  11  86  17  43  18  36  15  33  42  69  70  33  46  73  67  59  67  28  78  56  77  74  91   9   3  96  80  44   1  72  84  42 100   9  88  84   9  29  76  64  88   1   6  26  48  15  95  41  91  74  93   9  28  31  93  91  61  76  18  30  78  79   2  67  91   9  65  93  89  58  89  11  39  13  78  58  85  51  54  55  18  18  82  65  66  41   5  72  75  73  92  41  40  50  51   5  43  70  47  79  39  40  90  82 100  92  12  37  44  91  26  64  90  28   7  45  92  46  73  54  85  47  61  80   4  80   6  41   8  84  25  75   3   8  79  59  49  22  89  89  91  41  44  15  49   5  39  42  33  83   4  15  71   9  64  72  71  28  76  15  60  85  86  29  37   8  74  61  57  68  27  43  69  96  69  60 100  67  88  67  57  31  29  61  26  68  58  51  25  98  63  89  71  89  10
  82  36  28  77  38  69  72  34  87  35  98  96  71  83   8   6  83  47  60  42  63  18  23  39  99  47  36  28  41  19  67  93  23  31   7   1  90  94  90  96  43  99   2  78  25  21  29  42  80  41  53   9  86  57  40  26  56 100   8  22  71  48  60  22  69  59  78  37  64  34  17  66  49  93  26  56  68  79  60  62  47  35  51  47  16  95  92  47  32  48  66  20  28  25  14  16  32  68  57  30  13  85  98  76  20  14  35  84  25  70  57  61  67  85  69  97  52  62  57  94  66   2  18  16  40  76  36  51  88  66  41  69  45  85   4  75  60  96  48   8  34  22  26  43  70  39  41  89  36  45  87  66  78  87  11  85  84   8  49  65   1  87  60  81  52  43  14  52  84  25  82  51  94  19  81  22  96  67  37  57  41  46  70  90  70  81  15  79  50  88  32   9  65  56  18  57  78  21  39  33
   9  42  70  69  79  94  85   1  61  13  56  28  64  83  29  84  82  99  69  18  70  14  96  17  98  85  71  17  21  28  93  89  74  89   4  88  26  88  61  81  58  86  25  12  84  86  86   4  35  55  88  86  93  11   2  23  44   8  35  46  52  46  13  12  60  83  14  54  56  33  47  20  34  53  76  61  45  62  50  69  77  47  83  58  82  54  49  58  92   9   7  59  32  95  45  45  39 100  65  25  49  20  73  88  57  69  67  37  94  46  34  78  51   9  17  70  64  57  75  49  90  30  85  80  43  59  56   7  28  59  21  94  19  30  55  81  64  86  20  20  73   4  63  68  95 100  15  98  83  40  11  84  77   8  48  72  35  44  70  49  68  78   4  20  93  79   1  26  30   4  28  62  82  49   7  48  22  42  35  17  63  65  62  52  16  20  47  35  26   6  99  42  98  82  31  59  24  22 100  39
  62  30  58  34  99  72  20  87  11  96  22  39  65  76  34   5  45  78  38  60  78  33  41  47  37  15  53  15  78  93  72  89  26  65  41  84  83  73  93  55  63  96  23   9  42  11  68  84  38  83  62  66  74  45  27  31  75  11  42  78  30  47  82   5  71  81  62  17  35  31  38  27  76  83 100  34  89   8  40  59  74  69  16  96  78  71  93  65  32  38  72  58  39  35   8  48  73  21  93  96  49   8  13  83  17  87  16  24  58  48  58  30  65  84  50  23  35  72  15  21   3  30  98   8  65  70  46  87  99  36  97  71  51  65  58  35   6  88  61  70  38  52  57  63  63   4  30  11  62  40  74   9  16  48  19  16  49  34  48  80  27   3  51  80  88  96  94  82  96  56  25  64  30  95  48  98  56  46  61  21  40  20  50  18  29  50  75  55  72  79  97  39  81  50  97  63  47  89  49  36
  25  86  49  61  77  83  63   6  74  19  78  30  35  63  35  47  16  48  78  79  38  68  55  40  92  62  67  30  11  67  86  70  39  34  65  36  99  41  69  85  25  84  70   1  42  78  67  98  98  49  15  83  58  16  63  82  54 100  14  65  96  81  77  53  57   5  78  38  41   4  33  73  38  38  26  21  17  62  44  35  40  51  45  18  98  36  36  44  66  75  21  52  96  42  81  37  91  19   5  19   7  12   2  79  83  33  76  56  56  36  83  85  70  49  87  30  98  41  34  39  27   5  60  32  23  82  15  41  37  91  21  51  28  45  56  99  92   8  51  65  84  54  33  87  80  44  50  89  94  68   7  10  33  10  90  51   1  46  35  87  10  47  76  74  52  60  38  77  91  19  43  59  44  30 100  91  27  26  52  16  11  37   8  10  25  54  27  31  23  74  12   2  63  83  71  58  33  87  67  44
